DROP DATABASE IF EXISTS ImperioDosChocolates;
CREATE DATABASE ImperioDosChocolates;
USE ImperioDosChocolates;

SET FOREIGN_KEY_CHECKS = 0;

CREATE TABLE Funcionario (
    id_funcionario INT PRIMARY KEY AUTO_INCREMENT NOT NULL,
    id_filial VARCHAR(4) NOT NULL,
    nome VARCHAR(100) NOT NULL,
    idade INT NOT NULL,
    cpf VARCHAR(15) NOT NULL,
    rg VARCHAR(15) NOT NULL,
    cnpj VARCHAR(20) NOT NULL,
    email VARCHAR(50) NOT NULL,
    data_entrada DATE NOT NULL,
    VendasFeitas INT not null,
    desempenho VARCHAR(100) NOT NULL,
    cargo VARCHAR(100) NOT NULL,
    salario DECIMAL(10, 2) NOT NULL,
    telefone VARCHAR(20) NOT NULL,
    data_nascimento date not null,
    FOREIGN KEY (id_filial) REFERENCES Filial(id_filial)
);

CREATE TABLE Cliente (
    id_cliente INT AUTO_INCREMENT PRIMARY KEY NOT NULL,
    id_filial VARCHAR(4) NOT NULL,
    nome VARCHAR(100) NOT NULL,
    telefone VARCHAR(20) NOT NULL,
    email VARCHAR(100) NOT NULL,
    cpf VARCHAR(15) NOT NULL,
    rg VARCHAR(15) NOT NULL,
    data_de_nascimento DATE NOT NULL,
    idade INT NOT NULL,
    endereco VARCHAR(200) NOT NULL,
    cep VARCHAR(10) NOT NULL,
    bairro VARCHAR(100) NOT NULL,
    estado VARCHAR(50) NOT NULL,
    municipio VARCHAR(100) NOT NULL,
    pais VARCHAR(50) NOT NULL,
    FOREIGN KEY (id_filial) REFERENCES Filial(id_filial)
);

CREATE TABLE Filial (
    id_filial VARCHAR(4) PRIMARY KEY NOT NULL,
    nome VARCHAR(100) NOT NULL,
    endereco VARCHAR(200) NOT NULL,
    telefone VARCHAR(20) NOT NULL,
    cep VARCHAR(10) NOT NULL,
    cnpj VARCHAR(20) NOT NULL,
    bairro VARCHAR(100) NOT NULL,
    estado VARCHAR(50) NOT NULL,
    municipio VARCHAR(100) NOT NULL,
    quantidade_de_funcionarios INT NOT NULL,
    clientes_por_dia INT NOT NULL,
    email VARCHAR(100) NOT NULL,
    pais VARCHAR(50) NOT NULL
);

-- Peso é em kg!
CREATE TABLE Estoque (
    id_estoque INT AUTO_INCREMENT PRIMARY KEY NOT NULL,
    id_filial VARCHAR(4) NOT NULL,
    nome_do_chocolate VARCHAR(100) NOT NULL,
    quantidade_estoque INT NOT NULL,
    data_de_validade DATE NOT NULL,
    data_que_foi_entregue DATE NOT NULL,
    tipo_do_chocolate VARCHAR(100) NOT NULL,
    peso DECIMAL(10, 2) NOT NULL,
    FOREIGN KEY (id_filial) REFERENCES Filial(id_filial)
);

create table item_venda(
	id_item_venda int primary key not null,
    id_venda int not null,
    id_estoque int not null,
    quantidade_vendida int not null,
    preco_unitario decimal(10, 2) NOT NULL,
    preco_total_da_venda decimal(10,2) NOT NULL,
    foreign key (id_venda) references Vendas(id_venda),
    foreign key (id_estoque) references Estoque(id_estoque)
);

CREATE TABLE Vendas (
    id_venda INT AUTO_INCREMENT PRIMARY KEY NOT NULL,
    id_cliente INT NOT NULL,
    id_funcionario int NOT NULL,
    id_filial VARCHAR(4) NOT NULL,
    data_da_compra DATE NOT NULL, 
    statusDoPedido VARCHAR(50) NOT NULL,
    forma_de_pagamento VARCHAR(50) NOT NULL,
    data_do_envio DATE NOT NULL,
    FOREIGN KEY (id_cliente) REFERENCES Cliente(id_cliente),
    FOREIGN KEY (id_filial) REFERENCES Filial(id_filial),
    FOREIGN KEY (id_funcionario) REFERENCES Funcionario(id_funcionario)
);

INSERT INTO Filial (id_filial, nome, endereco, telefone, cep, cnpj, bairro, estado, municipio, quantidade_de_funcionarios, clientes_por_dia, email, pais) VALUES
('CF01', 'Império Chocolates', 'Rua Hauptstrasse 123', '(49) 78543-5231', '10115', '12.345.678/0001-90', 'Mitte', 'Berlim', 'Berlim', 150, 1000, 'ImperioChocolates@chefe.com', 'Alemanha'),
('FL01', 'Choco Paris', 'Avenue des Champs-Élysées 45', '(33) 65897-1240', '75008', '23.456.789/0001-23', 'Champs-Élysées', 'Île-de-France', 'Paris', 25, 250, 'ChocoParis@filial.com', 'França'),
('FL02', 'Veneza Doce', 'San Marco 150', '(39) 04187-6543', '30124', '34.567.890/0001-45', 'San Marco', 'Vêneto', 'Veneza', 18, 180, 'VenezaDoce@filial.com', 'Itália'),
('FL03', 'Barcelona Chocolate', 'Carrer de la Boqueria 20', '(34) 93210-9876', '08002', '45.678.901/0001-56', 'El Gòtic', 'Catalunha', 'Barcelona', 22, 220, 'BarcelonaChocolate@filial.com', 'Espanha'),
('FL04', 'London Cocoa', 'Oxford Street 30', '(44) 20876-5432', 'W1D 1BU', '56.789.012/0001-67', 'Soho', 'Inglaterra', 'Londres', 30, 300, 'LondonCocoa@filial.com', 'Reino Unido'),
('FL05', 'Brussels Delight', 'Grand-Place 5', '(32) 25678-9012', '1000', '67.890.123/0001-78', 'Centro', 'Bruxelas-Capital', 'Bruxelas', 20, 200, 'BrusselsDelight@filial.com', 'Bélgica'),
('FL06', 'Zurich Sweets', 'Bahnhofstrasse 80', '(41) 44123-7890', '8001', '78.901.234/0001-89', 'City', 'Zurique', 'Zurique', 15, 150, 'ZurichSweets@filial.com', 'Suíça'),
('FL07', 'Amsterdam Choco', 'Damrak 70', '(31) 20123-4567', '1012', '89.012.345/0001-01', 'Centrum', 'Holanda do Norte', 'Amsterdã', 28, 280, 'AmsterdamChoco@filial.com', 'Países Baixos'),
('FL08', 'Vienna Chocolate House', 'Graben 10', '(43) 12345-6789', '1010', '90.123.456/0001-12', 'Innere Stadt', 'Viena', 'Viena', 19, 190, 'ViennaChocolateHouse@filial.com', 'Áustria'),
('FL09', 'Prague Cocoa', 'Old Town Square 15', '(420) 22234-5678', '11000', '01.234.567/0001-23', 'Staré Město', 'Praga', 'Praga', 17, 170, 'PragueCocoa@filial.com', 'República Tcheca'),
('FL10', 'Lisboa Sweet', 'Rua Augusta 200', '(351) 21123-4567', '1100-053', '12.345.678/0001-91', 'Baixa', 'Lisboa', 'Lisboa', 23, 230, 'LisboaSweet@filial.com', 'Portugal'),
('FL11', 'Dublin Chocolate', 'Grafton Street 55', '(353) 15678-9012', 'D02 E890', '23.456.789/0001-24', 'Centro', 'Dublin', 'Dublin', 21, 210, 'DublinChocolate@filial.com', 'Irlanda'),
('FL12', 'Edinburgh Cocoa', 'Royal Mile 70', '(44) 13145-6789', 'EH1 1BW', '34.567.890/0001-46', 'Old Town', 'Escócia', 'Edimburgo', 24, 240, 'EdinburghCocoa@filial.com', 'Reino Unido'),
('FL13', 'Athens Sweetness', 'Plaka 30', '(30) 21123-4567', '10556', '45.678.901/0001-57', 'Plaka', 'Ática', 'Atenas', 16, 160, 'AthensSweetness@filial.com', 'Grécia'),
('FL14', 'Copenhagen Delights', 'Strøget 10', '(45) 33456-7890', '1160', '56.789.012/0001-68', 'Indre By', 'Região da Capital', 'Copenhague', 20, 200, 'CopenhagenDelights@filial.com', 'Dinamarca'),
('FL15', 'Stockholm Choco', 'Gamla Stan 15', '(46) 81234-5678', '111 29', '67.890.123/0001-79', 'Gamla Stan', 'Estocolmo', 'Estocolmo', 19, 190, 'StockholmChoco@filial.com', 'Suécia'),
('FL16', 'Oslo Cocoa', 'Karl Johans gate 10', '(47) 22345-6789', '0154', '78.901.234/0001-81', 'Sentrum', 'Oslo', 'Oslo', 17, 170, 'OsloCocoa@filial.com', 'Noruega'),
('FL17', 'Helsinki Sweets', 'Aleksanterinkatu 25', '(358) 91234-5678', '00100', '89.012.345/0001-02', 'Keskusta', 'Uusimaa', 'Helsinque', 15, 150, 'HelsinkiSweets@filial.com', 'Finlândia'),
('FL18', 'Warsaw Chocolate', 'Nowy Świat 40', '(48) 22123-4567', '00-363', '90.123.456/0001-13', 'Śródmieście', 'Mazóvia', 'Varsóvia', 22, 220, 'WarsawChocolate@filial.com', 'Polônia'),
('FL19', 'Budapest Delight', 'Andrássy út 50', '(36) 12345-6789', '1061', '01.234.567/0001-24', 'Terézváros', 'Pest', 'Budapeste', 20, 200, 'BudapestDelight@filial.com', 'Hungria'),
('FL20', 'Istanbul Sweetness', 'İstiklal Caddesi 15', '(90) 21234-5678', '34435', '12.345.678/0001-92', 'Beyoğlu', 'Istambul', 'Istambul', 28, 280, 'IstanbulSweetness@filial.com', 'Turquia');

INSERT INTO Funcionario (id_funcionario, id_filial, nome, idade, cpf, rg, cnpj, email, data_entrada, VendasFeitas, desempenho, cargo, salario, telefone, data_nascimento) VALUES
(1, 'FL15', 'Helena Silva', 29, '123.456.789-01', '12.345.678-9', '12.345.678/0001-23', 'HelenaSilva@gmail.com', '2020-05-10', 150, 'Ótimo', 'Vendedor', 2500.00, '(35) 91234-5678', '1996-01-20'),
(2, 'FL03', 'Carlos Souza', 35, '234.567.890-12', '23.456.789-0', '23.456.789/0001-34', 'CarlosSouza@gmail.com', '2018-09-22', 0, 'Bom', 'Estoquista', 2200.00, '(49) 98765-4321', '1990-03-15'),
(3, 'FL08', 'Ana Santos', 45, '345.678.901-23', '34.567.890-1', '34.567.890/0001-45', 'AnaSantos@gmail.com', '2015-01-05', 0, 'Excelente', 'Chefe', 4500.00, '(33) 91111-2222', '1980-08-05'),
(4, 'FL12', 'João Oliveira', 22, '456.789.012-34', '45.678.901-2', '45.678.901/0001-56', 'JoaoOliveira@gmail.com', '2023-03-18', 200, 'Bom', 'Vendedor', 2400.00, '(44) 93333-4444', '2003-12-01'),
(5, 'FL05', 'Mariana Costa', 27, '567.890.123-45', '56.789.012-3', '56.789.012/0001-67', 'MarianaCosta@gmail.com', '2021-07-30', 0, 'Regular', 'Chocolatier', 2800.00, '(42) 95555-6666', '1998-07-25'),
(6, 'FL19', 'Pedro Rocha', 31, '678.901.234-56', '67.890.123-4', '67.890.123/0001-78', 'PedroRocha@gmail.com', '2019-11-12', 0, 'Bom', 'Estoquista', 2250.00, '(31) 97777-8888', '1994-11-10'),
(7, 'FL01', 'Juliana Fernandes', 39, '789.012.345-67', '78.901.234-5', '78.901.234/0001-89', 'JulianaFernandes@gmail.com', '2017-04-25', 180, 'Ótimo', 'Vendedor', 2600.00, '(48) 99999-0000', '1986-04-10'),
(8, 'FL07', 'Fernando Lima', 26, '890.123.456-78', '89.012.345-6', '89.012.345/0001-90', 'FernandoLima@gmail.com', '2022-02-08', 0, 'Bom', 'Chocolatier', 2900.00, '(47) 91111-3333', '1999-02-05'),
(9, 'FL14', 'Gabriela Martins', 33, '901.234.567-89', '90.123.456-7', '90.123.456/0001-01', 'GabrielaMartins@gmail.com', '2020-08-01', 0, 'Excelente', 'Chefe', 4800.00, '(41) 94444-5555', '1992-06-28'),
(10, 'FL11', 'Lucas Pereira', 28, '012.345.678-90', '01.234.567-8', '01.234.567/0001-12', 'LucasPereira@gmail.com', '2021-05-15', 160, 'Ótimo', 'Vendedor', 2550.00, '(36) 96666-7777', '1997-05-12'),
(11, 'FL06', 'Sofia Gonçalves', 37, '112.233.445-56', '11.223.344-5', '11.223.344/0001-23', 'SofiaGoncalves@gmail.com', '2016-10-03', 0, 'Bom', 'Estoquista', 2300.00, '(43) 98888-9999', '1988-10-01'),
(12, 'FL18', 'Rafael Ribeiro', 24, '223.344.556-67', '22.334.455-6', '22.334.455/0001-34', 'RafaelRibeiro@gmail.com', '2024-01-20', 190, 'Ótimo', 'Vendedor', 2450.00, '(32) 90000-1111', '2001-01-15'),
(13, 'FL09', 'Leticia Alencar', 30, '334.455.667-78', '33.445.566-7', '33.445.566/0001-45', 'LeticiaAlencar@gmail.com', '2020-02-28', 0, 'Regular', 'Chocolatier', 2850.00, '(34) 92222-3333', '1995-02-20'),
(14, 'FL20', 'Gustavo Nunes', 42, '445.566.778-89', '44.556.677-8', '44.556.677/0001-56', 'GustavoNunes@gmail.com', '2014-06-19', 0, 'Excelente', 'Chefe', 4900.00, '(46) 94444-6666', '1983-06-15'),
(15, 'FL02', 'Bruna Oliveira', 25, '556.677.889-90', '55.667.788-9', '55.667.788/0001-67', 'BrunaOliveira@gmail.com', '2022-09-05', 210, 'Ótimo', 'Vendedor', 2650.00, '(37) 96666-8888', '2000-09-01'),
(16, 'FL04', 'Diego Costa', 38, '667.788.990-01', '66.778.899-0', '66.778.899/0001-78', 'DiegoCosta@gmail.com', '2017-02-14', 0, 'Bom', 'Estoquista', 2350.00, '(45) 98888-0000', '1987-02-10'),
(17, 'FL16', 'Larissa Gomes', 23, '778.899.001-12', '77.889.900-1', '77.899.900/0001-89', 'LarissaGomes@gmail.com', '2023-08-28', 0, 'Bom', 'Chocolatier', 2700.00, '(39) 90000-2222', '2002-08-25'),
(18, 'FL10', 'Ricardo Mendes', 48, '889.900.112-23', '88.990.011-2', '88.990.011/0001-90', 'RicardoMendes@gmail.com', '2012-12-01', 0, 'Excelente', 'Chefe', 5100.00, '(40) 93333-5555', '1977-11-28'),
(19, 'FL13', 'Beatriz Silva', 21, '990.011.223-34', '99.001.122-3', '99.001.122/0001-01', 'BeatrizSilva@gmail.com', '2024-05-10', 140, 'Regular', 'Vendedor', 2300.00, '(38) 95555-7777', '2004-05-05'),
(20, 'FL17', 'André Pires', 36, '001.122.334-45', '00.112.233-4', '00.112.233/0001-12', 'AndrePires@gmail.com', '2018-03-07', 0, 'Bom', 'Estoquista', 2400.00, '(42) 97777-9999', '1989-03-01'),
(21, 'FL01', 'Manoela Castro', 29, '112.334.556-67', '11.233.455-6', '11.233.455/0001-23', 'ManoelaCastro@gmail.com', '2020-11-03', 0, 'Ótimo', 'Chocolatier', 3000.00, '(35) 91122-3344', '1996-10-30'),
(22, 'FL03', 'Felipe Santos', 28, '223.445.667-78', '22.344.566-7', '22.344.566/0001-34', 'FelipeSantos@gmail.com', '2021-08-15', 175, 'Bom', 'Vendedor', 2550.00, '(49) 98877-6655', '1997-08-10'),
(23, 'FL08', 'Isabela Ribeiro', 34, '334.556.778-89', '33.455.677-8', '33.455.677/0001-45', 'IsabelaRibeiro@gmail.com', '2019-06-21', 0, 'Excelente', 'Chefe', 4700.00, '(33) 91111-3333', '1991-06-15'),
(24, 'FL12', 'Thiago Lima', 26, '445.667.889-90', '44.566.788-9', '44.566.788/0001-56', 'ThiagoLima@gmail.com', '2022-04-10', 0, 'Regular', 'Estoquista', 2300.00, '(44) 93333-5555', '1999-04-05'),
(25, 'FL05', 'Laura Martins', 32, '556.778.990-01', '55.677.899-0', '55.677.899/0001-67', 'LauraMartins@gmail.com', '2020-09-02', 195, 'Ótimo', 'Vendedor', 2600.00, '(42) 95555-7777', '1993-09-01'),
(26, 'FL19', 'Eduardo Gonçalves', 27, '667.889.001-12', '66.789.001-1', '66.789.001/0001-78', 'EduardoGoncalves@gmail.com', '2021-12-19', 0, 'Bom', 'Chocolatier', 2950.00, '(31) 97777-9999', '1998-12-15'),
(27, 'FL01', 'Patrícia Rocha', 41, '778.990.112-23', '77.899.011-2', '77.899.011/0001-89', 'PatriciaRocha@gmail.com', '2016-03-08', 0, 'Excelente', 'Chefe', 5000.00, '(48) 99999-1111', '1984-03-05'),
(28, 'FL07', 'Vinicius Pereira', 23, '889.001.223-34', '88.900.122-3', '88.900.122/0001-90', 'ViniciusPereira@gmail.com', '2023-01-25', 165, 'Bom', 'Vendedor', 2450.00, '(47) 91111-5555', '2002-01-20'),
(29, 'FL14', 'Camila Pires', 30, '990.112.334-45', '99.011.233-4', '99.011.233/0001-01', 'CamilaPires@gmail.com', '2020-07-10', 0, 'Bom', 'Estoquista', 2400.00, '(41) 94444-7777', '1995-07-05'),
(30, 'FL11', 'Henrique Castro', 25, '001.223.445-56', '00.122.344-5', '00.122.344/0001-12', 'HenriqueCastro@gmail.com', '2022-06-14', 0, 'Regular', 'Chocolatier', 2750.00, '(36) 96666-9999', '2000-06-10');

INSERT INTO Funcionario (id_funcionario, id_filial, nome, idade, cpf, rg, cnpj, email, data_entrada, VendasFeitas, desempenho, cargo, salario, telefone, data_nascimento) VALUES
(31, 'FL06', 'Amanda Souza', 35, '112.334.556-67', '11.233.455-6', '11.233.455/0001-23', 'AmandaSouza@gmail.com', '2018-04-18', 220, 'Ótimo', 'Vendedor', 2700.00, '(43) 98888-1111', '1990-04-15'),
(32, 'FL18', 'Thiago Mendes', 29, '223.445.667-78', '22.344.566-7', '22.344.566/0001-34', 'ThiagoMendes@gmail.com', '2021-01-09', 0, 'Bom', 'Estoquista', 2350.00, '(32) 90000-3333', '1996-01-05'),
(33, 'FL09', 'Carolina Gomes', 40, '334.556.778-89', '33.455.677-8', '33.455.677/0001-45', 'CarolinaGomes@gmail.com', '2016-08-20', 0, 'Excelente', 'Chefe', 5200.00, '(34) 92222-5555', '1985-08-15'),
(34, 'FL20', 'Victor Fernandes', 22, '445.667.889-90', '44.566.788-9', '44.566.788/0001-56', 'VictorFernandes@gmail.com', '2023-05-17', 155, 'Bom', 'Vendedor', 2400.00, '(46) 94444-8888', '2003-05-15'),
(35, 'FL02', 'Lívia Pires', 27, '556.778.990-01', '55.677.899-0', '55.677.899/0001-67', 'LiviaPires@gmail.com', '2022-03-01', 0, 'Regular', 'Chocolatier', 2850.00, '(37) 96666-0000', '1998-02-28'),
(36, 'FL04', 'Bruno Santos', 31, '667.889.001-12', '66.789.001-1', '66.789.001/0001-78', 'BrunoSantos@gmail.com', '2019-10-23', 0, 'Bom', 'Estoquista', 2400.00, '(45) 98888-2222', '1994-10-20'),
(37, 'FL16', 'Ana Beatriz Costa', 24, '778.990.112-23', '77.899.011-2', '77.899.011/0001-89', 'AnaBeatrizCosta@gmail.com', '2023-02-12', 185, 'Ótimo', 'Vendedor', 2550.00, '(39) 90000-4444', '2001-02-10'),
(38, 'FL10', 'Roberto Almeida', 46, '889.001.223-34', '88.900.122-3', '88.900.122/0001-90', 'RobertoAlmeida@gmail.com', '2015-05-06', 0, 'Excelente', 'Chefe', 5300.00, '(40) 93333-7777', '1979-05-01'),
(39, 'FL13', 'Giovanna Souza', 26, '990.112.334-45', '99.011.233-4', '99.011.233/0001-01', 'GiovannaSouza@gmail.com', '2022-07-28', 0, 'Bom', 'Chocolatier', 2900.00, '(38) 95555-9999', '1999-07-25'),
(40, 'FL17', 'Fabio Oliveira', 33, '001.223.445-56', '00.122.344-5', '00.122.344/0001-12', 'FabioOliveira@gmail.com', '2019-01-15', 0, 'Regular', 'Estoquista', 2450.00, '(42) 97777-1111', '1992-01-10');

INSERT INTO Funcionario (id_funcionario, id_filial, nome, idade, cpf, rg, cnpj, email, data_entrada, VendasFeitas, desempenho, cargo, salario, telefone, data_nascimento) VALUES
(41, 'FL15', 'Helena Dias', 28, '112.334.556-67', '11.233.455-6', '11.233.455/0001-23', 'HelenaDias@gmail.com', '2020-04-01', 205, 'Ótimo', 'Vendedor', 2600.00, '(35) 91234-5678', '1997-03-25'),
(42, 'FL03', 'Rafaela Martins', 36, '223.445.667-78', '22.344.566-7', '22.344.566/0001-34', 'RafaelaMartins@gmail.com', '2018-09-09', 0, 'Bom', 'Estoquista', 2250.00, '(49) 98765-4321', '1989-09-05'),
(43, 'FL08', 'Marcelo Costa', 44, '334.556.778-89', '33.455.677-8', '33.455.677/0001-45', 'MarceloCosta@gmail.com', '2015-06-25', 0, 'Excelente', 'Chefe', 4900.00, '(33) 91111-2222', '1981-06-20'),
(44, 'FL12', 'Julia Gomes', 23, '445.667.889-90', '44.566.788-9', '44.566.788/0001-56', 'JuliaGomes@gmail.com', '2023-11-15', 170, 'Bom', 'Vendedor', 2450.00, '(44) 93333-4444', '2002-11-10'),
(45, 'FL05', 'Guilherme Lima', 29, '556.778.990-01', '55.677.899-0', '55.677.899/0001-67', 'GuilhermeLima@gmail.com', '2021-02-28', 0, 'Regular', 'Chocolatier', 2800.00, '(42) 95555-6666', '1996-02-25'),
(46, 'FL19', 'Luan Souza', 31, '667.889.001-12', '66.789.001-1', '66.789.001/0001-78', 'LuanSouza@gmail.com', '2019-07-07', 0, 'Bom', 'Estoquista', 2300.00, '(31) 97777-8888', '1994-07-05'),
(47, 'FL01', 'Daniela Santos', 38, '778.990.112-23', '77.899.011-2', '77.899.011/0001-89', 'DanielaSantos@gmail.com', '2017-10-10', 230, 'Ótimo', 'Vendedor', 2700.00, '(48) 99999-0000', '1987-10-05'),
(48, 'FL07', 'Vanessa Ribeiro', 25, '889.001.223-34', '88.900.122-3', '88.900.122/0001-90', 'VanessaRibeiro@gmail.com', '2022-09-20', 0, 'Bom', 'Chocolatier', 2950.00, '(47) 91111-3333', '2000-09-15'),
(49, 'FL14', 'Rodrigo Silva', 33, '990.112.334-45', '99.011.233-4', '99.011.233/0001-01', 'RodrigoSilva@gmail.com', '2020-05-18', 0, 'Excelente', 'Chefe', 4850.00, '(41) 94444-5555', '1992-05-15'),
(50, 'FL11', 'Evelyn Pires', 27, '001.223.445-56', '00.122.344-5', '00.122.344/0001-12', 'EvelynPires@gmail.com', '2021-08-03', 185, 'Ótimo', 'Vendedor', 2650.00, '(36) 96666-7777', '1998-08-01');

INSERT INTO Funcionario (id_funcionario, id_filial, nome, idade, cpf, rg, cnpj, email, data_entrada, VendasFeitas, desempenho, cargo, salario, telefone, data_nascimento) VALUES
(51, 'FL06', 'Thiago Fernandes', 39, '112.334.556-67', '11.233.455-6', '11.233.455/0001-23', 'ThiagoFernandes@gmail.com', '2016-11-11', 0, 'Bom', 'Estoquista', 2300.00, '(43) 98888-9999', '1986-11-08'),
(52, 'FL18', 'Isabelly Martins', 24, '223.445.667-78', '22.344.566-7', '22.344.566/0001-34', 'IsabellyMartins@gmail.com', '2023-01-30', 215, 'Ótimo', 'Vendedor', 2500.00, '(32) 90000-1111', '2001-01-25'),
(53, 'FL09', 'Diego Lima', 30, '334.556.778-89', '33.455.677-8', '33.455.677/0001-45', 'DiegoLima@gmail.com', '2020-03-25', 0, 'Regular', 'Chocolatier', 2850.00, '(34) 92222-3333', '1995-03-20'),
(54, 'FL20', 'Juliana Pires', 42, '445.667.889-90', '44.566.788-9', '44.566.788/0001-56', 'JulianaPires@gmail.com', '2014-07-02', 0, 'Excelente', 'Chefe', 5100.00, '(46) 94444-6666', '1983-07-01'),
(55, 'FL02', 'Leonardo Costa', 25, '556.778.990-01', '55.677.899-0', '55.677.899/0001-67', 'LeonardoCosta@gmail.com', '2022-04-18', 190, 'Bom', 'Vendedor', 2500.00, '(37) 96666-8888', '2000-04-15'),
(56, 'FL04', 'Mariana Almeida', 32, '667.889.001-12', '66.789.001-1', '66.789.001/0001-78', 'MarianaAlmeida@gmail.com', '2019-09-05', 0, 'Bom', 'Estoquista', 2350.00, '(45) 98888-0000', '1993-09-01'),
(57, 'FL16', 'João Victor Santos', 23, '778.990.112-23', '77.899.011-2', '77.899.011/0001-89', 'JoaoVictorSantos@gmail.com', '2023-09-11', 0, 'Regular', 'Chocolatier', 2700.00, '(39) 90000-2222', '2002-09-10'),
(58, 'FL10', 'Alexandre Souza', 48, '889.001.223-34', '88.900.122-3', '88.900.122/0001-90', 'AlexandreSouza@gmail.com', '2013-02-14', 0, 'Excelente', 'Chefe', 5500.00, '(40) 93333-5555', '1977-02-10'),
(59, 'FL13', 'Larissa Fernandes', 21, '990.112.334-45', '99.011.233-4', '99.011.233/0001-01', 'LarissaFernandes@gmail.com', '2024-03-20', 160, 'Bom', 'Vendedor', 2350.00, '(38) 95555-7777', '2004-03-15'),
(60, 'FL17', 'Gabriel Costa', 35, '001.223.445-56', '00.122.344-5', '00.122.344/0001-12', 'GabrielCosta@gmail.com', '2018-05-30', 0, 'Bom', 'Estoquista', 2450.00, '(42) 97777-9999', '1990-05-25');

INSERT INTO Funcionario (id_funcionario, id_filial, nome, idade, cpf, rg, cnpj, email, data_entrada, VendasFeitas, desempenho, cargo, salario, telefone, data_nascimento) VALUES
(61, 'FL15', 'Helena Rocha', 29, '112.334.556-67', '11.233.455-6', '11.233.455/0001-23', 'HelenaRocha@gmail.com', '2020-05-15', 200, 'Ótimo', 'Vendedor', 2550.00, '(35) 91234-5678', '1996-05-10'),
(62, 'FL03', 'Carlos Lima', 35, '223.445.667-78', '22.344.566-7', '22.344.566/0001-34', 'CarlosLima@gmail.com', '2018-10-22', 0, 'Bom', 'Estoquista', 2200.00, '(49) 98765-4321', '1990-10-15'),
(63, 'FL08', 'Ana Carolina Santos', 45, '334.556.778-89', '33.455.677-8', '33.455.677/0001-45', 'AnaCarolinaSantos@gmail.com', '2015-02-05', 0, 'Excelente', 'Chefe', 4500.00, '(33) 91111-2222', '1980-02-01'),
(64, 'FL12', 'João Victor Oliveira', 22, '445.667.889-90', '44.566.788-9', '44.566.788/0001-56', 'JoaoVictorOliveira@gmail.com', '2023-04-18', 195, 'Bom', 'Vendedor', 2400.00, '(44) 93333-4444', '2003-04-15'),
(65, 'FL05', 'Mariana Dias', 27, '556.778.990-01', '55.677.899-0', '55.677.899/0001-67', 'MarianaDias@gmail.com', '2021-08-30', 0, 'Regular', 'Chocolatier', 2800.00, '(42) 95555-6666', '1998-08-25'),
(66, 'FL19', 'Pedro Alves', 31, '667.889.001-12', '66.789.001-1', '66.789.001/0001-78', 'PedroAlves@gmail.com', '2019-12-12', 0, 'Bom', 'Estoquista', 2250.00, '(31) 97777-8888', '1994-12-10'),
(67, 'FL01', 'Juliana Pires', 39, '778.990.112-23', '77.899.011-2', '77.899.011/0001-89', 'JulianaPires@gmail.com', '2017-05-25', 185, 'Ótimo', 'Vendedor', 2600.00, '(48) 99999-0000', '1986-05-20'),
(68, 'FL07', 'Fernando Silva', 26, '889.001.223-34', '88.900.122-3', '88.900.122/0001-90', 'FernandoSilva@gmail.com', '2022-03-08', 0, 'Bom', 'Chocolatier', 2900.00, '(47) 91111-3333', '1999-03-05'),
(69, 'FL14', 'Gabriela Rodrigues', 33, '990.112.334-45', '99.011.233-4', '99.011.233/0001-01', 'GabrielaRodrigues@gmail.com', '2020-09-01', 0, 'Excelente', 'Chefe', 4800.00, '(41) 94444-5555', '1992-08-28'),
(70, 'FL11', 'Lucas Rocha', 28, '001.223.445-56', '00.122.344-5', '00.122.344/0001-12', 'LucasRocha@gmail.com', '2021-06-15', 170, 'Ótimo', 'Vendedor', 2550.00, '(36) 96666-7777', '1997-06-10'),
(71, 'FL06', 'Sofia Alves', 37, '112.334.556-67', '11.233.455-6', '11.233.455/0001-23', 'SofiaAlves@gmail.com', '2016-11-03', 0, 'Bom', 'Estoquista', 2300.00, '(43) 98888-9999', '1988-10-30'),
(72, 'FL18', 'Rafael Gomes', 24, '223.445.667-78', '22.344.566-7', '22.344.566/0001-34', 'RafaelGomes@gmail.com', '2024-02-20', 205, 'Ótimo', 'Vendedor', 2450.00, '(32) 90000-1111', '2001-02-15'),
(73, 'FL09', 'Leticia Alencar', 30, '334.556.778-89', '33.455.677-8', '33.455.677/0001-45', 'LeticiaAlencar@gmail.com', '2020-03-28', 0, 'Regular', 'Chocolatier', 2850.00, '(34) 92222-3333', '1995-03-20'),
(74, 'FL20', 'Gustavo Nunes', 42, '445.667.889-90', '44.566.788-9', '44.566.788/0001-56', 'GustavoNunes@gmail.com', '2014-07-19', 0, 'Excelente', 'Chefe', 4900.00, '(46) 94444-6666', '1983-07-15'),
(75, 'FL02', 'Bruna Dias', 25, '556.778.990-01', '55.677.899-0', '55.677.899/0001-67', 'BrunaDias@gmail.com', '2022-10-05', 225, 'Ótimo', 'Vendedor', 2650.00, '(37) 96666-8888', '2000-10-01'),
(76, 'FL04', 'Diego Santos', 38, '667.889.001-12', '66.789.001-1', '66.789.001/0001-78', 'DiegoSantos@gmail.com', '2017-03-14', 0, 'Bom', 'Estoquista', 2350.00, '(45) 98888-0000', '1987-03-10'),
(77, 'FL16', 'Larissa Gomes', 23, '778.990.112-23', '77.899.011-2', '77.899.011/0001-89', 'LarissaGomes@gmail.com', '2023-09-28', 0, 'Bom', 'Chocolatier', 2700.00, '(39) 90000-2222', '2002-09-25'),
(78, 'FL10', 'Ricardo Mendes', 48, '889.900.112-23', '88.990.011-2', '88.990.011/0001-90', 'RicardoMendes@gmail.com', '2012-12-01', 0, 'Excelente', 'Chefe', 5100.00, '(40) 93333-5555', '1977-11-28'),
(79, 'FL13', 'Beatriz Alves', 21, '990.011.223-34', '99.001.122-3', '99.001.122/0001-01', 'BeatrizAlves@gmail.com', '2024-06-10', 150, 'Regular', 'Vendedor', 2300.00, '(38) 95555-7777', '2004-06-05'),
(80, 'FL17', 'André Pires', 36, '001.122.334-45', '00.112.233-4', '00.112.233/0001-12', 'AndrePires@gmail.com', '2018-04-07', 0, 'Bom', 'Estoquista', 2400.00, '(42) 97777-9999', '1989-04-01'),
(81, 'FL15', 'Helena Oliveira', 29, '112.334.556-67', '11.233.455-6', '11.233.455/0001-23', 'HelenaOliveira@gmail.com', '2020-05-20', 160, 'Ótimo', 'Vendedor', 2500.00, '(35) 91234-5678', '1996-05-15'),
(82, 'FL03', 'Carlos Fernandes', 35, '223.445.667-78', '22.344.566-7', '22.344.566/0001-34', 'CarlosFernandes@gmail.com', '2018-11-22', 0, 'Bom', 'Estoquista', 2200.00, '(49) 98765-4321', '1990-11-15'),
(83, 'FL08', 'Ana Rocha', 45, '334.556.778-89', '33.455.677-8', '33.455.677/0001-45', 'AnaRocha@gmail.com', '2015-03-05', 0, 'Excelente', 'Chefe', 4500.00, '(33) 91111-2222', '1980-03-01'),
(84, 'FL12', 'João Dias', 22, '445.667.889-90', '44.566.788-9', '44.566.788/0001-56', 'JoaoDias@gmail.com', '2023-05-18', 210, 'Bom', 'Vendedor', 2400.00, '(44) 93333-4444', '2003-05-15'),
(85, 'FL05', 'Mariana Alencar', 27, '556.778.990-01', '55.677.899-0', '55.677.899/0001-67', 'MarianaAlencar@gmail.com', '2021-09-30', 0, 'Regular', 'Chocolatier', 2800.00, '(42) 95555-6666', '1998-09-25'),
(86, 'FL19', 'Pedro Lima', 31, '667.889.001-12', '66.789.001-1', '66.789.001/0001-78', 'PedroLima@gmail.com', '2019-01-12', 0, 'Bom', 'Estoquista', 2250.00, '(31) 97777-8888', '1994-01-10'),
(87, 'FL01', 'Juliana Lima', 39, '778.990.112-23', '77.899.011-2', '77.899.011/0001-89', 'JulianaLima@gmail.com', '2017-06-25', 195, 'Ótimo', 'Vendedor', 2600.00, '(48) 99999-0000', '1986-06-20'),
(88, 'FL07', 'Fernando Alves', 26, '889.001.223-34', '88.900.122-3', '88.900.122/0001-90', 'FernandoAlves@gmail.com', '2022-04-08', 0, 'Bom', 'Chocolatier', 2900.00, '(47) 91111-3333', '1999-04-05'),
(89, 'FL14', 'Gabriela Santos', 33, '990.112.334-45', '99.011.233-4', '99.011.233/0001-01', 'GabrielaSantos@gmail.com', '2020-10-01', 0, 'Excelente', 'Chefe', 4800.00, '(41) 94444-5555', '1992-09-28'),
(90, 'FL11', 'Lucas Pires', 28, '001.223.445-56', '00.122.344-5', '00.122.344/0001-12', 'LucasPires@gmail.com', '2021-07-15', 180, 'Ótimo', 'Vendedor', 2550.00, '(36) 96666-7777', '1997-07-10'),
(91, 'FL06', 'Sofia Costa', 37, '112.334.556-67', '11.233.455-6', '11.233.455/0001-23', 'SofiaCosta@gmail.com', '2016-12-03', 0, 'Bom', 'Estoquista', 2300.00, '(43) 98888-9999', '1988-11-30'),
(92, 'FL18', 'Rafael Ribeiro', 24, '223.445.667-78', '22.344.566-7', '22.344.566/0001-34', 'RafaelRibeiro@gmail.com', '2024-03-20', 215, 'Ótimo', 'Vendedor', 2450.00, '(32) 90000-1111', '2001-03-15'),
(93, 'FL09', 'Leticia Silva', 30, '334.556.778-89', '33.455.677-8', '33.455.677/0001-45', 'LeticiaSilva@gmail.com', '2020-04-28', 0, 'Regular', 'Chocolatier', 2850.00, '(34) 92222-3333', '1995-04-20'),
(94, 'FL20', 'Gustavo Martins', 42, '445.667.889-90', '44.566.788-9', '44.566.788/0001-56', 'GustavoMartins@gmail.com', '2014-08-19', 0, 'Excelente', 'Chefe', 4900.00, '(46) 94444-6666', '1983-08-15'),
(95, 'FL02', 'Bruna Rocha', 25, '556.778.990-01', '55.677.899-0', '55.677.899/0001-67', 'BrunaRocha@gmail.com', '2022-11-05', 235, 'Ótimo', 'Vendedor', 2650.00, '(37) 96666-8888', '2000-11-01'),
(96, 'FL04', 'Diego Mendes', 38, '667.889.001-12', '66.789.001-1', '66.789.001/0001-78', 'DiegoMendes@gmail.com', '2017-04-14', 0, 'Bom', 'Estoquista', 2350.00, '(45) 98888-0000', '1987-04-10'),
(97, 'FL16', 'Larissa Alves', 23, '778.990.112-23', '77.899.011-2', '77.899.011/0001-89', 'LarissaAlves@gmail.com', '2023-10-28', 0, 'Bom', 'Chocolatier', 2700.00, '(39) 90000-2222', '2002-10-25'),
(98, 'FL10', 'Ricardo Souza', 48, '889.900.112-23', '88.990.011-2', '88.990.011/0001-90', 'RicardoSouza@gmail.com', '2013-01-01', 0, 'Excelente', 'Chefe', 5100.00, '(40) 93333-5555', '1977-12-28'),
(99, 'FL13', 'Beatriz Dias', 21, '990.011.223-34', '99.001.122-3', '99.001.122/0001-01', 'BeatrizDias@gmail.com', '2024-07-10', 160, 'Regular', 'Vendedor', 2300.00, '(38) 95555-7777', '2004-07-05'),
(100, 'FL17', 'André Costa', 36, '001.122.334-45', '00.112.233-4', '00.112.233/0001-12', 'AndreCosta@gmail.com', '2018-05-07', 0, 'Bom', 'Estoquista', 2400.00, '(42) 97777-9999', '1989-05-01');

INSERT INTO Funcionario (id_funcionario, id_filial, nome, idade, cpf, rg, cnpj, email, data_entrada, VendasFeitas, desempenho, cargo, salario, telefone, data_nascimento) VALUES
(101, 'FL15', 'Henrique Costa', 29, '112.334.556-67', '11.233.455-6', '11.233.455/0001-23', 'HenriqueCosta@gmail.com', '2020-05-10', 150, 'Ótimo', 'Vendedor', 2500.00, '(35) 91234-5678', '1996-01-20'),
(102, 'FL03', 'Carlos Eduardo', 35, '223.445.667-78', '22.344.566-7', '22.344.566/0001-34', 'CarlosEduardo@gmail.com', '2018-09-22', 0, 'Bom', 'Estoquista', 2200.00, '(49) 98765-4321', '1990-03-15'),
(103, 'FL08', 'Isabela Santos', 45, '334.556.778-89', '33.455.677-8', '33.455.677/0001-45', 'IsabelaSantos@gmail.com', '2015-01-05', 0, 'Excelente', 'Chefe', 4500.00, '(33) 91111-2222', '1980-08-05'),
(104, 'FL12', 'Juliana Lima', 22, '445.667.889-90', '44.566.788-9', '44.566.788/0001-56', 'JulianaLima@gmail.com', '2023-03-18', 200, 'Bom', 'Vendedor', 2400.00, '(44) 93333-4444', '2003-12-01'),
(105, 'FL05', 'Mariana Rocha', 27, '556.778.990-01', '55.677.899-0', '55.677.899/0001-67', 'MarianaRocha@gmail.com', '2021-07-30', 0, 'Regular', 'Chocolatier', 2800.00, '(42) 95555-6666', '1998-07-25'),
(106, 'FL19', 'Pedro Henrique', 31, '667.889.001-12', '66.789.001-1', '66.789.001/0001-78', 'PedroHenrique@gmail.com', '2019-11-12', 0, 'Bom', 'Estoquista', 2250.00, '(31) 97777-8888', '1994-11-10'),
(107, 'FL01', 'Juliana Lima', 39, '778.990.112-23', '77.899.011-2', '77.899.011/0001-89', 'JulianaLima@gmail.com', '2017-04-25', 180, 'Ótimo', 'Vendedor', 2600.00, '(48) 99999-0000', '1986-04-10'),
(108, 'FL07', 'Fernando Alves', 26, '889.001.223-34', '88.900.122-3', '88.900.122/0001-90', 'FernandoAlves@gmail.com', '2022-02-08', 0, 'Bom', 'Chocolatier', 2900.00, '(47) 91111-3333', '1999-02-05'),
(109, 'FL14', 'Gabriela Fernandes', 33, '990.112.334-45', '99.011.233-4', '99.011.233/0001-01', 'GabrielaFernandes@gmail.com', '2020-08-01', 0, 'Excelente', 'Chefe', 4800.00, '(41) 94444-5555', '1992-06-28'),
(110, 'FL11', 'Lucas Silva', 28, '001.223.445-56', '00.122.344-5', '00.122.344/0001-12', 'LucasSilva@gmail.com', '2021-05-15', 160, 'Ótimo', 'Vendedor', 2550.00, '(36) 96666-7777', '1997-05-12');

INSERT INTO Funcionario (id_funcionario, id_filial, nome, idade, cpf, rg, cnpj, email, data_entrada, VendasFeitas, desempenho, cargo, salario, telefone, data_nascimento) VALUES
(111, 'FL06', 'Sofia Costa', 37, '112.233.445-56', '11.223.344-5', '11.223.344/0001-23', 'SofiaCosta@gmail.com', '2016-10-03', 0, 'Bom', 'Estoquista', 2300.00, '(43) 98888-9999', '1988-10-01'),
(112, 'FL18', 'Rafael Alves', 24, '223.344.556-67', '22.334.455-6', '22.334.455/0001-34', 'RafaelAlves@gmail.com', '2024-01-20', 190, 'Ótimo', 'Vendedor', 2450.00, '(32) 90000-1111', '2001-01-15'),
(113, 'FL09', 'Leticia Mendes', 30, '334.455.667-78', '33.445.566-7', '33.445.566/0001-45', 'LeticiaMendes@gmail.com', '2020-02-28', 0, 'Regular', 'Chocolatier', 2850.00, '(34) 92222-3333', '1995-02-20'),
(114, 'FL20', 'Gustavo Lima', 42, '445.566.778-89', '44.556.677-8', '44.566.788/0001-56', 'GustavoLima@gmail.com', '2014-06-19', 0, 'Excelente', 'Chefe', 4900.00, '(46) 94444-6666', '1983-06-15'),
(115, 'FL02', 'Bruna Santos', 25, '556.677.889-90', '55.667.788-9', '55.667.788/0001-67', 'BrunaSantos@gmail.com', '2022-09-05', 210, 'Ótimo', 'Vendedor', 2650.00, '(37) 96666-8888', '2000-09-01'),
(116, 'FL04', 'Diego Rocha', 38, '667.788.990-01', '66.778.899-0', '66.778.899/0001-78', 'DiegoRocha@gmail.com', '2017-02-14', 0, 'Bom', 'Estoquista', 2350.00, '(45) 98888-0000', '1987-02-10'),
(117, 'FL16', 'Larissa Lima', 23, '778.899.001-12', '77.889.900-1', '77.899.900/0001-89', 'LarissaLima@gmail.com', '2023-08-28', 0, 'Bom', 'Chocolatier', 2700.00, '(39) 90000-2222', '2002-08-25'),
(118, 'FL10', 'Ricardo Souza', 48, '889.900.112-23', '88.990.011-2', '88.990.011/0001-90', 'RicardoSouza@gmail.com', '2012-12-01', 0, 'Excelente', 'Chefe', 5100.00, '(40) 93333-5555', '1977-11-28'),
(119, 'FL13', 'Beatriz Lima', 21, '990.011.223-34', '99.001.122-3', '99.001.122/0001-01', 'BeatrizLima@gmail.com', '2024-05-10', 140, 'Regular', 'Vendedor', 2300.00, '(38) 95555-7777', '2004-05-05'),
(120, 'FL17', 'André Mendes', 36, '001.122.334-45', '00.112.233-4', '00.112.233/0001-12', 'AndreMendes@gmail.com', '2018-03-07', 0, 'Bom', 'Estoquista', 2400.00, '(42) 97777-9999', '1989-03-01');

INSERT INTO Funcionario (id_funcionario, id_filial, nome, idade, cpf, rg, cnpj, email, data_entrada, VendasFeitas, desempenho, cargo, salario, telefone, data_nascimento) VALUES
(121, 'FL15', 'Henrique Souza', 29, '112.334.556-67', '11.233.455-6', '11.233.455/0001-23', 'HenriqueSouza@gmail.com', '2020-11-03', 0, 'Ótimo', 'Chocolatier', 3000.00, '(35) 91122-3344', '1996-10-30'),
(122, 'FL03', 'Felipe Costa', 28, '223.445.667-78', '22.344.566-7', '22.344.566/0001-34', 'FelipeCosta@gmail.com', '2021-08-15', 175, 'Bom', 'Vendedor', 2550.00, '(49) 98877-6655', '1997-08-10'),
(123, 'FL08', 'Isabela Gomes', 34, '334.556.778-89', '33.455.677-8', '33.455.677/0001-45', 'IsabelaGomes@gmail.com', '2019-06-21', 0, 'Excelente', 'Chefe', 4700.00, '(33) 91111-3333', '1991-06-15'),
(124, 'FL12', 'Thiago Fernandes', 26, '445.667.889-90', '44.566.788-9', '44.566.788/0001-56', 'ThiagoFernandes@gmail.com', '2022-04-10', 0, 'Regular', 'Estoquista', 2300.00, '(44) 93333-5555', '1999-04-05'),
(125, 'FL05', 'Laura Alves', 32, '556.778.990-01', '55.677.899-0', '55.677.899/0001-67', 'LauraAlves@gmail.com', '2020-09-02', 195, 'Ótimo', 'Vendedor', 2600.00, '(42) 95555-7777', '1993-09-01'),
(126, 'FL19', 'Eduardo Lima', 27, '667.889.001-12', '66.789.001-1', '66.789.001/0001-78', 'EduardoLima@gmail.com', '2021-12-19', 0, 'Bom', 'Chocolatier', 2950.00, '(31) 97777-9999', '1998-12-15'),
(127, 'FL01', 'Patrícia Lima', 41, '778.990.112-23', '77.899.011-2', '77.899.011/0001-89', 'PatriciaLima@gmail.com', '2016-03-08', 0, 'Excelente', 'Chefe', 5000.00, '(48) 99999-1111', '1984-03-05'),
(128, 'FL07', 'Vinicius Santos', 23, '889.001.223-34', '88.900.122-3', '88.900.122/0001-90', 'ViniciusSantos@gmail.com', '2023-01-25', 165, 'Bom', 'Vendedor', 2450.00, '(47) 91111-5555', '2002-01-20'),
(129, 'FL14', 'Camila Dias', 30, '990.112.334-45', '99.011.233-4', '99.011.233/0001-01', 'CamilaDias@gmail.com', '2020-07-10', 0, 'Bom', 'Estoquista', 2400.00, '(41) 94444-7777', '1995-07-05'),
(130, 'FL11', 'Henrique Lima', 25, '001.223.445-56', '00.122.344-5', '00.122.344/0001-12', 'HenriqueLima@gmail.com', '2022-06-14', 0, 'Regular', 'Chocolatier', 2750.00, '(36) 96666-9999', '2000-06-10');

INSERT INTO Funcionario (id_funcionario, id_filial, nome, idade, cpf, rg, cnpj, email, data_entrada, VendasFeitas, desempenho, cargo, salario, telefone, data_nascimento) VALUES
(131, 'FL06', 'Amanda Martins', 35, '112.334.556-67', '11.233.455-6', '11.233.455/0001-23', 'AmandaMartins@gmail.com', '2018-04-18', 220, 'Ótimo', 'Vendedor', 2700.00, '(43) 98888-1111', '1990-04-15'),
(132, 'FL18', 'Thiago Rocha', 29, '223.445.667-78', '22.344.566-7', '22.344.566/0001-34', 'ThiagoRocha@gmail.com', '2021-01-09', 0, 'Bom', 'Estoquista', 2350.00, '(32) 90000-3333', '1996-01-05'),
(133, 'FL09', 'Carolina Pires', 40, '334.556.778-89', '33.455.677-8', '33.455.677/0001-45', 'CarolinaPires@gmail.com', '2016-08-20', 0, 'Excelente', 'Chefe', 5200.00, '(34) 92222-5555', '1985-08-15'),
(134, 'FL20', 'Victor Mendes', 22, '445.667.889-90', '44.566.788-9', '44.566.788/0001-56', 'VictorMendes@gmail.com', '2023-05-17', 155, 'Bom', 'Vendedor', 2400.00, '(46) 94444-8888', '2003-05-15'),
(135, 'FL02', 'Lívia Lima', 27, '556.778.990-01', '55.677.899-0', '55.677.899/0001-67', 'LiviaLima@gmail.com', '2022-03-01', 0, 'Regular', 'Chocolatier', 2850.00, '(37) 96666-0000', '1998-02-28'),
(136, 'FL04', 'Bruno Alves', 31, '667.889.001-12', '66.789.001-1', '66.789.001/0001-78', 'BrunoAlves@gmail.com', '2019-10-23', 0, 'Bom', 'Estoquista', 2400.00, '(45) 98888-2222', '1994-10-20'),
(137, 'FL16', 'Ana Beatriz Martins', 24, '778.990.112-23', '77.899.011-2', '77.899.011/0001-89', 'AnaBeatrizMartins@gmail.com', '2023-02-12', 185, 'Ótimo', 'Vendedor', 2550.00, '(39) 90000-4444', '2001-02-10'),
(138, 'FL10', 'Roberto Pires', 46, '889.001.223-34', '88.900.122-3', '88.900.122/0001-90', 'RobertoPires@gmail.com', '2015-05-06', 0, 'Excelente', 'Chefe', 5300.00, '(40) 93333-7777', '1979-05-01'),
(139, 'FL13', 'Giovanna Lima', 26, '990.112.334-45', '99.011.233-4', '99.011.233/0001-01', 'GiovannaLima@gmail.com', '2022-07-28', 0, 'Bom', 'Chocolatier', 2900.00, '(38) 95555-9999', '1999-07-25'),
(140, 'FL17', 'Fabio Pires', 33, '001.223.445-56', '00.122.344-5', '00.122.344/0001-12', 'FabioPires@gmail.com', '2019-01-15', 0, 'Regular', 'Estoquista', 2450.00, '(42) 97777-1111', '1992-01-10');

INSERT INTO Funcionario (id_funcionario, id_filial, nome, idade, cpf, rg, cnpj, email, data_entrada, VendasFeitas, desempenho, cargo, salario, telefone, data_nascimento) VALUES
(141, 'FL15', 'Henrique Fernandes', 29, '112.334.556-67', '11.233.455-6', '11.233.455/0001-23', 'HenriqueFernandes@gmail.com', '2020-04-01', 205, 'Ótimo', 'Vendedor', 2600.00, '(35) 91234-5678', '1997-03-25'),
(142, 'FL03', 'Rafaela Rocha', 36, '223.445.667-78', '22.344.566-7', '22.344.566/0001-34', 'RafaelaRocha@gmail.com', '2018-09-09', 0, 'Bom', 'Estoquista', 2250.00, '(49) 98765-4321', '1989-09-05'),
(143, 'FL08', 'Marcelo Lima', 44, '334.556.778-89', '33.455.677-8', '33.455.677/0001-45', 'MarceloLima@gmail.com', '2015-06-25', 0, 'Excelente', 'Chefe', 4900.00, '(33) 91111-2222', '1981-06-20'),
(144, 'FL12', 'Julia Alves', 23, '445.667.889-90', '44.566.788-9', '44.566.788/0001-56', 'JuliaAlves@gmail.com', '2023-11-15', 170, 'Bom', 'Vendedor', 2450.00, '(44) 93333-4444', '2002-11-10'),
(145, 'FL05', 'Guilherme Rocha', 29, '556.778.990-01', '55.677.899-0', '55.677.899/0001-67', 'GuilhermeRocha@gmail.com', '2021-02-28', 0, 'Regular', 'Chocolatier', 2800.00, '(42) 95555-6666', '1996-02-25'),
(146, 'FL19', 'Luan Lima', 31, '667.889.001-12', '66.789.001-1', '66.789.001/0001-78', 'LuanLima@gmail.com', '2019-07-07', 0, 'Bom', 'Estoquista', 2300.00, '(31) 97777-8888', '1994-07-05'),
(147, 'FL01', 'Daniela Lima', 38, '778.990.112-23', '77.899.011-2', '77.899.011/0001-89', 'DanielaLima@gmail.com', '2017-10-10', 230, 'Ótimo', 'Vendedor', 2700.00, '(48) 99999-0000', '1987-10-05'),
(148, 'FL07', 'Vanessa Silva', 25, '889.001.223-34', '88.900.122-3', '88.900.122/0001-90', 'VanessaSilva@gmail.com', '2022-09-20', 0, 'Bom', 'Chocolatier', 2950.00, '(47) 91111-3333', '2000-09-15'),
(149, 'FL14', 'Rodrigo Rocha', 33, '990.112.334-45', '99.011.233-4', '99.011.233/0001-01', 'RodrigoRocha@gmail.com', '2020-05-18', 0, 'Excelente', 'Chefe', 4850.00, '(41) 94444-5555', '1992-05-15'),
(150, 'FL11', 'Evelyn Santos', 27, '001.223.445-56', '00.122.344-5', '00.122.344/0001-12', 'EvelynSantos@gmail.com', '2021-08-03', 185, 'Ótimo', 'Vendedor', 2650.00, '(36) 96666-7777', '1998-08-01');

INSERT INTO Funcionario (id_funcionario, id_filial, nome, idade, cpf, rg, cnpj, email, data_entrada, VendasFeitas, desempenho, cargo, salario, telefone, data_nascimento) VALUES
(151, 'FL15', 'Henrique Pereira', 29, '112.334.556-67', '11.233.455-6', '11.233.455/0001-23', 'HenriquePereira@gmail.com', '2020-05-10', 150, 'Ótimo', 'Vendedor', 2500.00, '(35) 91234-5678', '1996-01-20'),
(152, 'FL03', 'Carlos Eduardo', 35, '223.445.667-78', '22.344.566-7', '22.344.566/0001-34', 'CarlosEduardo@gmail.com', '2018-09-22', 0, 'Bom', 'Estoquista', 2200.00, '(49) 98765-4321', '1990-03-15'),
(153, 'FL08', 'Isabela Fernandes', 45, '334.556.778-89', '33.455.677-8', '33.455.677/0001-45', 'IsabelaFernandes@gmail.com', '2015-01-05', 0, 'Excelente', 'Chefe', 4500.00, '(33) 91111-2222', '1980-08-05'),
(154, 'FL12', 'Juliana Rocha', 22, '445.667.889-90', '44.566.788-9', '44.566.788/0001-56', 'JulianaRocha@gmail.com', '2023-03-18', 200, 'Bom', 'Vendedor', 2400.00, '(44) 93333-4444', '2003-12-01'),
(155, 'FL05', 'Mariana Pires', 27, '556.778.990-01', '55.677.899-0', '55.677.899/0001-67', 'MarianaPires@gmail.com', '2021-07-30', 0, 'Regular', 'Chocolatier', 2800.00, '(42) 95555-6666', '1998-07-25'),
(156, 'FL19', 'Pedro Lima', 31, '667.889.001-12', '66.789.001-1', '66.789.001/0001-78', 'PedroLima@gmail.com', '2019-11-12', 0, 'Bom', 'Estoquista', 2250.00, '(31) 97777-8888', '1994-11-10'),
(157, 'FL01', 'Juliana Pires', 39, '778.990.112-23', '77.899.011-2', '77.899.011/0001-89', 'JulianaPires@gmail.com', '2017-04-25', 180, 'Ótimo', 'Vendedor', 2600.00, '(48) 99999-0000', '1986-04-10'),
(158, 'FL07', 'Fernando Silva', 26, '889.001.223-34', '88.900.122-3', '88.900.122/0001-90', 'FernandoSilva@gmail.com', '2022-02-08', 0, 'Bom', 'Chocolatier', 2900.00, '(47) 91111-3333', '1999-02-05'),
(159, 'FL14', 'Gabriela Gomes', 33, '990.112.334-45', '99.011.233-4', '99.011.233/0001-01', 'GabrielaGomes@gmail.com', '2020-08-01', 0, 'Excelente', 'Chefe', 4800.00, '(41) 94444-5555', '1992-06-28'),
(160, 'FL11', 'Lucas Rocha', 28, '001.223.445-56', '00.122.344-5', '00.122.344/0001-12', 'LucasRocha@gmail.com', '2021-05-15', 160, 'Ótimo', 'Vendedor', 2550.00, '(36) 96666-7777', '1997-05-12'),
(161, 'FL06', 'Sofia Mendes', 37, '112.233.445-56', '11.223.344-5', '11.223.344/0001-23', 'SofiaMendes@gmail.com', '2016-10-03', 0, 'Bom', 'Estoquista', 2300.00, '(43) 98888-9999', '1988-10-01'),
(162, 'FL18', 'Rafael Dias', 24, '223.344.556-67', '22.334.455-6', '22.334.455/0001-34', 'RafaelDias@gmail.com', '2024-01-20', 190, 'Ótimo', 'Vendedor', 2450.00, '(32) 90000-1111', '2001-01-15'),
(163, 'FL09', 'Leticia Silva', 30, '334.455.667-78', '33.445.566-7', '33.445.566/0001-45', 'LeticiaSilva@gmail.com', '2020-02-28', 0, 'Regular', 'Chocolatier', 2850.00, '(34) 92222-3333', '1995-02-20'),
(164, 'FL20', 'Gustavo Alves', 42, '445.566.778-89', '44.556.677-8', '44.556.677/0001-56', 'GustavoAlves@gmail.com', '2014-06-19', 0, 'Excelente', 'Chefe', 4900.00, '(46) 94444-6666', '1983-06-15'),
(165, 'FL02', 'Bruna Dias', 25, '556.677.889-90', '55.667.788-9', '55.667.788/0001-67', 'BrunaDias@gmail.com', '2022-09-05', 210, 'Ótimo', 'Vendedor', 2650.00, '(37) 96666-8888', '2000-09-01'),
(166, 'FL04', 'Diego Mendes', 38, '667.788.990-01', '66.778.899-0', '66.778.899/0001-78', 'DiegoMendes@gmail.com', '2017-02-14', 0, 'Bom', 'Estoquista', 2350.00, '(45) 98888-0000', '1987-02-10'),
(167, 'FL16', 'Larissa Pires', 23, '778.899.001-12', '77.889.900-1', '77.899.900/0001-89', 'LarissaPires@gmail.com', '2023-08-28', 0, 'Bom', 'Chocolatier', 2700.00, '(39) 90000-2222', '2002-08-25'),
(168, 'FL10', 'Ricardo Alves', 48, '889.900.112-23', '88.990.011-2', '88.990.011/0001-90', 'RicardoAlves@gmail.com', '2012-12-01', 0, 'Excelente', 'Chefe', 5100.00, '(40) 93333-5555', '1977-11-28'),
(169, 'FL13', 'Beatriz Alves', 21, '990.011.223-34', '99.001.122-3', '99.001.122/0001-01', 'BeatrizAlves@gmail.com', '2024-05-10', 140, 'Regular', 'Vendedor', 2300.00, '(38) 95555-7777', '2004-05-05'),
(170, 'FL17', 'André Rocha', 36, '001.122.334-45', '00.112.233-4', '00.112.233/0001-12', 'AndreRocha@gmail.com', '2018-03-07', 0, 'Bom', 'Estoquista', 2400.00, '(42) 97777-9999', '1989-03-01');

INSERT INTO Funcionario (id_funcionario, id_filial, nome, idade, cpf, rg, cnpj, email, data_entrada, VendasFeitas, desempenho, cargo, salario, telefone, data_nascimento) VALUES
(171, 'FL15', 'Henrique Dias', 29, '112.334.556-67', '11.233.455-6', '11.233.455/0001-23', 'HenriqueDias@gmail.com', '2020-11-03', 0, 'Ótimo', 'Chocolatier', 3000.00, '(35) 91122-3344', '1996-10-30'),
(172, 'FL03', 'Felipe Lima', 28, '223.445.667-78', '22.344.566-7', '22.344.566/0001-34', 'FelipeLima@gmail.com', '2021-08-15', 175, 'Bom', 'Vendedor', 2550.00, '(49) 98877-6655', '1997-08-10'),
(173, 'FL08', 'Isabela Rocha', 34, '334.556.778-89', '33.455.677-8', '33.455.677/0001-45', 'IsabelaRocha@gmail.com', '2019-06-21', 0, 'Excelente', 'Chefe', 4700.00, '(33) 91111-3333', '1991-06-15'),
(174, 'FL12', 'Thiago Lima', 26, '445.667.889-90', '44.566.788-9', '44.566.788/0001-56', 'ThiagoLima@gmail.com', '2022-04-10', 0, 'Regular', 'Estoquista', 2300.00, '(44) 93333-5555', '1999-04-05'),
(175, 'FL05', 'Laura Rocha', 32, '556.778.990-01', '55.677.899-0', '55.677.899/0001-67', 'LauraRocha@gmail.com', '2020-09-02', 195, 'Ótimo', 'Vendedor', 2600.00, '(42) 95555-7777', '1993-09-01'),
(176, 'FL19', 'Eduardo Alves', 27, '667.889.001-12', '66.789.001-1', '66.789.001/0001-78', 'EduardoAlves@gmail.com', '2021-12-19', 0, 'Bom', 'Chocolatier', 2950.00, '(31) 97777-9999', '1998-12-15'),
(177, 'FL01', 'Patrícia Mendes', 41, '778.990.112-23', '77.899.011-2', '77.899.011/0001-89', 'PatriciaMendes@gmail.com', '2016-03-08', 0, 'Excelente', 'Chefe', 5000.00, '(48) 99999-1111', '1984-03-05'),
(178, 'FL07', 'Vinicius Costa', 23, '889.001.223-34', '88.900.122-3', '88.900.122/0001-90', 'ViniciusCosta@gmail.com', '2023-01-25', 165, 'Bom', 'Vendedor', 2450.00, '(47) 91111-5555', '2002-01-20'),
(179, 'FL14', 'Camila Rocha', 30, '990.112.334-45', '99.011.233-4', '99.011.233/0001-01', 'CamilaRocha@gmail.com', '2020-07-10', 0, 'Bom', 'Estoquista', 2400.00, '(41) 94444-7777', '1995-07-05'),
(180, 'FL11', 'Henrique Silva', 25, '001.223.445-56', '00.122.344-5', '00.122.344/0001-12', 'HenriqueSilva@gmail.com', '2022-06-14', 0, 'Regular', 'Chocolatier', 2750.00, '(36) 96666-9999', '2000-06-10');

INSERT INTO Funcionario (id_funcionario, id_filial, nome, idade, cpf, rg, cnpj, email, data_entrada, VendasFeitas, desempenho, cargo, salario, telefone, data_nascimento) VALUES
(181, 'FL06', 'Amanda Alves', 35, '112.334.556-67', '11.233.455-6', '11.233.455/0001-23', 'AmandaAlves@gmail.com', '2018-04-18', 220, 'Ótimo', 'Vendedor', 2700.00, '(43) 98888-1111', '1990-04-15'),
(182, 'FL18', 'Thiago Lima', 29, '223.445.667-78', '22.344.566-7', '22.344.566/0001-34', 'ThiagoLima@gmail.com', '2021-01-09', 0, 'Bom', 'Estoquista', 2350.00, '(32) 90000-3333', '1996-01-05'),
(183, 'FL09', 'Carolina Dias', 40, '334.556.778-89', '33.455.677-8', '33.455.677/0001-45', 'CarolinaDias@gmail.com', '2016-08-20', 0, 'Excelente', 'Chefe', 5200.00, '(34) 92222-5555', '1985-08-15'),
(184, 'FL20', 'Victor Rocha', 22, '445.667.889-90', '44.566.788-9', '44.566.788/0001-56', 'VictorRocha@gmail.com', '2023-05-17', 155, 'Bom', 'Vendedor', 2400.00, '(46) 94444-8888', '2003-05-15'),
(185, 'FL02', 'Lívia Pires', 27, '556.778.990-01', '55.677.899-0', '55.677.899/0001-67', 'LiviaPires@gmail.com', '2022-03-01', 0, 'Regular', 'Chocolatier', 2850.00, '(37) 96666-0000', '1998-02-28'),
(186, 'FL04', 'Bruno Mendes', 31, '667.889.001-12', '66.789.001-1', '66.789.001/0001-78', 'BrunoMendes@gmail.com', '2019-10-23', 0, 'Bom', 'Estoquista', 2400.00, '(45) 98888-2222', '1994-10-20'),
(187, 'FL16', 'Ana Beatriz Rocha', 24, '778.990.112-23', '77.899.011-2', '77.899.011/0001-89', 'AnaBeatrizRocha@gmail.com', '2023-02-12', 185, 'Ótimo', 'Vendedor', 2550.00, '(39) 90000-4444', '2001-02-10'),
(188, 'FL10', 'Roberto Santos', 46, '889.001.223-34', '88.900.122-3', '88.900.122/0001-90', 'RobertoSantos@gmail.com', '2015-05-06', 0, 'Excelente', 'Chefe', 5300.00, '(40) 93333-7777', '1979-05-01'),
(189, 'FL13', 'Giovanna Mendes', 26, '990.112.334-45', '99.011.233-4', '99.011.233/0001-01', 'GiovannaMendes@gmail.com', '2022-07-28', 0, 'Bom', 'Chocolatier', 2900.00, '(38) 95555-9999', '1999-07-25'),
(190, 'FL17', 'Fabio Lima', 33, '001.223.445-56', '00.122.344-5', '00.122.344/0001-12', 'FabioLima@gmail.com', '2019-01-15', 0, 'Regular', 'Estoquista', 2450.00, '(42) 97777-1111', '1992-01-10');

INSERT INTO Funcionario (id_funcionario, id_filial, nome, idade, cpf, rg, cnpj, email, data_entrada, VendasFeitas, desempenho, cargo, salario, telefone, data_nascimento) VALUES
(191, 'FL15', 'Helena Fernandes', 29, '112.334.556-67', '11.233.455-6', '11.233.455/0001-23', 'HelenaFernandes@gmail.com', '2020-04-01', 205, 'Ótimo', 'Vendedor', 2600.00, '(35) 91234-5678', '1997-03-25'),
(192, 'FL03', 'Rafaela Alves', 36, '223.445.667-78', '22.344.566-7', '22.344.566/0001-34', 'RafaelaAlves@gmail.com', '2018-09-09', 0, 'Bom', 'Estoquista', 2250.00, '(49) 98765-4321', '1989-09-05'),
(193, 'FL08', 'Marcelo Pires', 44, '334.556.778-89', '33.455.677-8', '33.455.677/0001-45', 'MarceloPires@gmail.com', '2015-06-25', 0, 'Excelente', 'Chefe', 4900.00, '(33) 91111-2222', '1981-06-20'),
(194, 'FL12', 'Julia Mendes', 23, '445.667.889-90', '44.566.788-9', '44.566.788/0001-56', 'JuliaMendes@gmail.com', '2023-11-15', 170, 'Bom', 'Vendedor', 2450.00, '(44) 93333-4444', '2002-11-10'),
(195, 'FL05', 'Guilherme Pires', 29, '556.778.990-01', '55.677.899-0', '55.677.899/0001-67', 'GuilhermePires@gmail.com', '2021-02-28', 0, 'Regular', 'Chocolatier', 2800.00, '(42) 95555-6666', '1996-02-25'),
(196, 'FL19', 'Luan Pires', 31, '667.889.001-12', '66.789.001-1', '66.789.001/0001-78', 'LuanPires@gmail.com', '2019-07-07', 0, 'Bom', 'Estoquista', 2300.00, '(31) 97777-8888', '1994-07-05'),
(197, 'FL01', 'Daniela Pires', 38, '778.990.112-23', '77.899.011-2', '77.899.011/0001-89', 'DanielaPires@gmail.com', '2017-10-10', 230, 'Ótimo', 'Vendedor', 2700.00, '(48) 99999-0000', '1987-10-05'),
(198, 'FL07', 'Vanessa Mendes', 25, '889.001.223-34', '88.900.122-3', '88.900.122/0001-90', 'VanessaMendes@gmail.com', '2022-09-20', 0, 'Bom', 'Chocolatier', 2950.00, '(47) 91111-3333', '2000-09-15'),
(199, 'FL14', 'Rodrigo Mendes', 33, '990.112.334-45', '99.011.233-4', '99.011.233/0001-01', 'RodrigoMendes@gmail.com', '2020-05-18', 0, 'Excelente', 'Chefe', 4850.00, '(41) 94444-5555', '1992-05-15'),
(200, 'FL11', 'Evelyn Rocha', 27, '001.223.445-56', '00.122.344-5', '00.122.344/0001-12', 'EvelynRocha@gmail.com', '2021-08-03', 185, 'Ótimo', 'Vendedor', 2650.00, '(36) 96666-7777', '1998-08-01');

INSERT INTO Funcionario (id_funcionario, id_filial, nome, idade, cpf, rg, cnpj, email, data_entrada, VendasFeitas, desempenho, cargo, salario, telefone, data_nascimento) VALUES
(201, 'FL15', 'Henrique Dias', 29, '112.334.556-67', '11.233.455-6', '11.233.455/0001-23', 'HenriqueDias@gmail.com', '2020-05-10', 150, 'Ótimo', 'Vendedor', 2500.00, '(35) 91234-5678', '1996-01-20'),
(202, 'FL03', 'Carlos Eduardo', 35, '223.445.667-78', '22.344.566-7', '22.344.566/0001-34', 'CarlosEduardo@gmail.com', '2018-09-22', 0, 'Bom', 'Estoquista', 2200.00, '(49) 98765-4321', '1990-03-15'),
(203, 'FL08', 'Isabela Santos', 45, '334.556.778-89', '33.455.677-8', '33.455.677/0001-45', 'IsabelaSantos@gmail.com', '2015-01-05', 0, 'Excelente', 'Chefe', 4500.00, '(33) 91111-2222', '1980-08-05'),
(204, 'FL12', 'Juliana Lima', 22, '445.667.889-90', '44.566.788-9', '44.566.788/0001-56', 'JulianaLima@gmail.com', '2023-03-18', 200, 'Bom', 'Vendedor', 2400.00, '(44) 93333-4444', '2003-12-01'),
(205, 'FL05', 'Mariana Rocha', 27, '556.778.990-01', '55.677.899-0', '55.677.899/0001-67', 'MarianaRocha@gmail.com', '2021-07-30', 0, 'Regular', 'Chocolatier', 2800.00, '(42) 95555-6666', '1998-07-25'),
(206, 'FL19', 'Pedro Henrique', 31, '667.889.001-12', '66.789.001-1', '66.789.001/0001-78', 'PedroHenrique@gmail.com', '2019-11-12', 0, 'Bom', 'Estoquista', 2250.00, '(31) 97777-8888', '1994-11-10'),
(207, 'FL01', 'Juliana Pires', 39, '778.990.112-23', '77.899.011-2', '77.899.011/0001-89', 'JulianaPires@gmail.com', '2017-04-25', 180, 'Ótimo', 'Vendedor', 2600.00, '(48) 99999-0000', '1986-04-10'),
(208, 'FL07', 'Fernando Alves', 26, '889.001.223-34', '88.900.122-3', '88.900.122/0001-90', 'FernandoAlves@gmail.com', '2022-02-08', 0, 'Bom', 'Chocolatier', 2900.00, '(47) 91111-3333', '1999-02-05'),
(209, 'FL14', 'Gabriela Fernandes', 33, '990.112.334-45', '99.011.233-4', '99.011.233/0001-01', 'GabrielaFernandes@gmail.com', '2020-08-01', 0, 'Excelente', 'Chefe', 4800.00, '(41) 94444-5555', '1992-06-28'),
(210, 'FL11', 'Lucas Silva', 28, '001.223.445-56', '00.122.344-5', '00.122.344/0001-12', 'LucasSilva@gmail.com', '2021-05-15', 160, 'Ótimo', 'Vendedor', 2550.00, '(36) 96666-7777', '1997-05-12');

INSERT INTO Funcionario (id_funcionario, id_filial, nome, idade, cpf, rg, cnpj, email, data_entrada, VendasFeitas, desempenho, cargo, salario, telefone, data_nascimento) VALUES
(211, 'FL06', 'Sofia Costa', 37, '112.233.445-56', '11.223.344-5', '11.223.344/0001-23', 'SofiaCosta@gmail.com', '2016-10-03', 0, 'Bom', 'Estoquista', 2300.00, '(43) 98888-9999', '1988-10-01'),
(212, 'FL18', 'Rafael Alves', 24, '223.344.556-67', '22.334.455-6', '22.334.455/0001-34', 'RafaelAlves@gmail.com', '2024-01-20', 190, 'Ótimo', 'Vendedor', 2450.00, '(32) 90000-1111', '2001-01-15'),
(213, 'FL09', 'Leticia Mendes', 30, '334.455.667-78', '33.445.566-7', '33.445.566/0001-45', 'LeticiaMendes@gmail.com', '2020-02-28', 0, 'Regular', 'Chocolatier', 2850.00, '(34) 92222-3333', '1995-02-20'),
(214, 'FL20', 'Gustavo Lima', 42, '445.566.778-89', '44.556.677-8', '44.566.788/0001-56', 'GustavoLima@gmail.com', '2014-06-19', 0, 'Excelente', 'Chefe', 4900.00, '(46) 94444-6666', '1983-06-15'),
(215, 'FL02', 'Bruna Santos', 25, '556.677.889-90', '55.667.788-9', '55.667.788/0001-67', 'BrunaSantos@gmail.com', '2022-09-05', 210, 'Ótimo', 'Vendedor', 2650.00, '(37) 96666-8888', '2000-09-01'),
(216, 'FL04', 'Diego Rocha', 38, '667.788.990-01', '66.778.899-0', '66.778.899/0001-78', 'DiegoRocha@gmail.com', '2017-02-14', 0, 'Bom', 'Estoquista', 2350.00, '(45) 98888-0000', '1987-02-10'),
(217, 'FL16', 'Larissa Lima', 23, '778.899.001-12', '77.889.900-1', '77.899.900/0001-89', 'LarissaLima@gmail.com', '2023-08-28', 0, 'Bom', 'Chocolatier', 2700.00, '(39) 90000-2222', '2002-08-25'),
(218, 'FL10', 'Ricardo Souza', 48, '889.900.112-23', '88.990.011-2', '88.990.011/0001-90', 'RicardoSouza@gmail.com', '2012-12-01', 0, 'Excelente', 'Chefe', 5100.00, '(40) 93333-5555', '1977-11-28'),
(219, 'FL13', 'Beatriz Lima', 21, '990.011.223-34', '99.001.122-3', '99.001.122/0001-01', 'BeatrizLima@gmail.com', '2024-05-10', 140, 'Regular', 'Vendedor', 2300.00, '(38) 95555-7777', '2004-05-05'),
(220, 'FL17', 'André Mendes', 36, '001.122.334-45', '00.112.233-4', '00.112.233/0001-12', 'AndreMendes@gmail.com', '2018-03-07', 0, 'Bom', 'Estoquista', 2400.00, '(42) 97777-9999', '1989-03-01');

INSERT INTO Funcionario (id_funcionario, id_filial, nome, idade, cpf, rg, cnpj, email, data_entrada, VendasFeitas, desempenho, cargo, salario, telefone, data_nascimento) VALUES
(221, 'FL15', 'Henrique Dias', 29, '112.334.556-67', '11.233.455-6', '11.233.455/0001-23', 'HenriqueDias@gmail.com', '2020-05-10', 150, 'Ótimo', 'Vendedor', 2500.00, '(35) 91234-5678', '1996-01-20'),
(222, 'FL03', 'Carlos Eduardo', 35, '223.445.667-78', '22.344.566-7', '22.344.566/0001-34', 'CarlosEduardo@gmail.com', '2018-09-22', 0, 'Bom', 'Estoquista', 2200.00, '(49) 98765-4321', '1990-03-15'),
(223, 'FL08', 'Isabela Santos', 45, '334.556.778-89', '33.455.677-8', '33.455.677/0001-45', 'IsabelaSantos@gmail.com', '2015-01-05', 0, 'Excelente', 'Chefe', 4500.00, '(33) 91111-2222', '1980-08-05'),
(224, 'FL12', 'Juliana Lima', 22, '445.667.889-90', '44.566.788-9', '44.566.788/0001-56', 'JulianaLima@gmail.com', '2023-03-18', 200, 'Bom', 'Vendedor', 2400.00, '(44) 93333-4444', '2003-12-01'),
(225, 'FL05', 'Mariana Rocha', 27, '556.778.990-01', '55.677.899-0', '55.677.899/0001-67', 'MarianaRocha@gmail.com', '2021-07-30', 0, 'Regular', 'Chocolatier', 2800.00, '(42) 95555-6666', '1998-07-25'),
(226, 'FL19', 'Pedro Henrique', 31, '667.889.001-12', '66.789.001-1', '66.789.001/0001-78', 'PedroHenrique@gmail.com', '2019-11-12', 0, 'Bom', 'Estoquista', 2250.00, '(31) 97777-8888', '1994-11-10'),
(227, 'FL01', 'Juliana Pires', 39, '778.990.112-23', '77.899.011-2', '77.899.011/0001-89', 'JulianaPires@gmail.com', '2017-04-25', 180, 'Ótimo', 'Vendedor', 2600.00, '(48) 99999-0000', '1986-04-10'),
(228, 'FL07', 'Fernando Alves', 26, '889.001.223-34', '88.900.122-3', '88.900.122/0001-90', 'FernandoAlves@gmail.com', '2022-02-08', 0, 'Bom', 'Chocolatier', 2900.00, '(47) 91111-3333', '1999-02-05'),
(229, 'FL14', 'Gabriela Fernandes', 33, '990.112.334-45', '99.011.233-4', '99.011.233/0001-01', 'GabrielaFernandes@gmail.com', '2020-08-01', 0, 'Excelente', 'Chefe', 4800.00, '(41) 94444-5555', '1992-06-28'),
(230, 'FL11', 'Lucas Silva', 28, '001.223.445-56', '00.122.344-5', '00.122.344/0001-12', 'LucasSilva@gmail.com', '2021-05-15', 160, 'Ótimo', 'Vendedor', 2550.00, '(36) 96666-7777', '1997-05-12');

INSERT INTO Funcionario (id_funcionario, id_filial, nome, idade, cpf, rg, cnpj, email, data_entrada, VendasFeitas, desempenho, cargo, salario, telefone, data_nascimento) VALUES
(231, 'FL06', 'Sofia Costa', 37, '112.233.445-56', '11.223.344-5', '11.233.445/0001-23', 'SofiaCosta@gmail.com', '2016-10-03', 0, 'Bom', 'Estoquista', 2300.00, '(43) 98888-9999', '1988-10-01'),
(232, 'FL18', 'Rafael Alves', 24, '223.344.556-67', '22.334.455-6', '22.334.455/0001-34', 'RafaelAlves@gmail.com', '2024-01-20', 190, 'Ótimo', 'Vendedor', 2450.00, '(32) 90000-1111', '2001-01-15'),
(233, 'FL09', 'Leticia Mendes', 30, '334.455.667-78', '33.445.566-7', '33.445.566/0001-45', 'LeticiaMendes@gmail.com', '2020-02-28', 0, 'Regular', 'Chocolatier', 2850.00, '(34) 92222-3333', '1995-02-20'),
(234, 'FL20', 'Gustavo Lima', 42, '445.566.778-89', '44.556.677-8', '44.566.788/0001-56', 'GustavoLima@gmail.com', '2014-06-19', 0, 'Excelente', 'Chefe', 4900.00, '(46) 94444-6666', '1983-06-15'),
(235, 'FL02', 'Bruna Santos', 25, '556.677.889-90', '55.667.788-9', '55.667.788/0001-67', 'BrunaSantos@gmail.com', '2022-09-05', 210, 'Ótimo', 'Vendedor', 2650.00, '(37) 96666-8888', '2000-09-01'),
(236, 'FL04', 'Diego Rocha', 38, '667.788.990-01', '66.778.899-0', '66.778.899/0001-78', 'DiegoRocha@gmail.com', '2017-02-14', 0, 'Bom', 'Estoquista', 2350.00, '(45) 98888-0000', '1987-02-10'),
(237, 'FL16', 'Larissa Lima', 23, '778.899.001-12', '77.889.900-1', '77.899.900/0001-89', 'LarissaLima@gmail.com', '2023-08-28', 0, 'Bom', 'Chocolatier', 2700.00, '(39) 90000-2222', '2002-08-25'),
(238, 'FL10', 'Ricardo Souza', 48, '889.900.112-23', '88.990.011-2', '88.990.011/0001-90', 'RicardoSouza@gmail.com', '2012-12-01', 0, 'Excelente', 'Chefe', 5100.00, '(40) 93333-5555', '1977-11-28'),
(239, 'FL13', 'Beatriz Lima', 21, '990.011.223-34', '99.001.122-3', '99.001.122/0001-01', 'BeatrizLima@gmail.com', '2024-05-10', 140, 'Regular', 'Vendedor', 2300.00, '(38) 95555-7777', '2004-05-05'),
(240, 'FL17', 'André Mendes', 36, '001.122.334-45', '00.112.233-4', '00.112.233/0001-12', 'AndreMendes@gmail.com', '2018-03-07', 0, 'Bom', 'Estoquista', 2400.00, '(42) 97777-9999', '1989-03-01');

INSERT INTO Funcionario (id_funcionario, id_filial, nome, idade, cpf, rg, cnpj, email, data_entrada, VendasFeitas, desempenho, cargo, salario, telefone, data_nascimento) VALUES
(241, 'FL15', 'Henrique Dias', 29, '112.334.556-67', '11.233.455-6', '11.233.455/0001-23', 'HenriqueDias@gmail.com', '2020-05-10', 150, 'Ótimo', 'Vendedor', 2500.00, '(35) 91234-5678', '1996-01-20'),
(242, 'FL03', 'Carlos Eduardo', 35, '223.445.667-78', '22.344.566-7', '22.344.566/0001-34', 'CarlosEduardo@gmail.com', '2018-09-22', 0, 'Bom', 'Estoquista', 2200.00, '(49) 98765-4321', '1990-03-15'),
(243, 'FL08', 'Isabela Santos', 45, '334.556.778-89', '33.455.677-8', '33.455.677/0001-45', 'IsabelaSantos@gmail.com', '2015-01-05', 0, 'Excelente', 'Chefe', 4500.00, '(33) 91111-2222', '1980-08-05'),
(244, 'FL12', 'Juliana Lima', 22, '445.667.889-90', '44.566.788-9', '44.566.788/0001-56', 'JulianaLima@gmail.com', '2023-03-18', 200, 'Bom', 'Vendedor', 2400.00, '(44) 93333-4444', '2003-12-01'),
(245, 'FL05', 'Mariana Rocha', 27, '556.778.990-01', '55.677.899-0', '55.677.899/0001-67', 'MarianaRocha@gmail.com', '2021-07-30', 0, 'Regular', 'Chocolatier', 2800.00, '(42) 95555-6666', '1998-07-25'),
(246, 'FL19', 'Pedro Henrique', 31, '667.889.001-12', '66.789.001-1', '66.789.001/0001-78', 'PedroHenrique@gmail.com', '2019-11-12', 0, 'Bom', 'Estoquista', 2250.00, '(31) 97777-8888', '1994-11-10'),
(247, 'FL01', 'Juliana Pires', 39, '778.990.112-23', '77.899.011-2', '77.899.011/0001-89', 'JulianaPires@gmail.com', '2017-04-25', 180, 'Ótimo', 'Vendedor', 2600.00, '(48) 99999-0000', '1986-04-10'),
(248, 'FL07', 'Fernando Alves', 26, '889.001.223-34', '88.900.122-3', '88.900.122/0001-90', 'FernandoAlves@gmail.com', '2022-02-08', 0, 'Bom', 'Chocolatier', 2900.00, '(47) 91111-3333', '1999-02-05'),
(249, 'FL14', 'Gabriela Fernandes', 33, '990.112.334-45', '99.011.233-4', '99.011.233/0001-01', 'GabrielaFernandes@gmail.com', '2020-08-01', 0, 'Excelente', 'Chefe', 4800.00, '(41) 94444-5555', '1992-06-28'),
(250, 'FL11', 'Lucas Silva', 28, '001.223.445-56', '00.122.344-5', '00.122.344/0001-12', 'LucasSilva@gmail.com', '2021-05-15', 160, 'Ótimo', 'Vendedor', 2550.00, '(36) 96666-7777', '1997-05-12');

INSERT INTO Funcionario (id_funcionario, id_filial, nome, idade, cpf, rg, cnpj, email, data_entrada, VendasFeitas, desempenho, cargo, salario, telefone, data_nascimento) VALUES
(251, 'FL06', 'Sofia Costa', 37, '112.233.445-56', '11.223.344-5', '11.223.344/0001-23', 'SofiaCosta@gmail.com', '2016-10-03', 0, 'Bom', 'Estoquista', 2300.00, '(43) 98888-9999', '1988-10-01'),
(252, 'FL18', 'Rafael Alves', 24, '223.344.556-67', '22.334.455-6', '22.334.455/0001-34', 'RafaelAlves@gmail.com', '2024-01-20', 190, 'Ótimo', 'Vendedor', 2450.00, '(32) 90000-1111', '2001-01-15'),
(253, 'FL09', 'Leticia Mendes', 30, '334.455.667-78', '33.445.566-7', '33.445.566/0001-45', 'LeticiaMendes@gmail.com', '2020-02-28', 0, 'Regular', 'Chocolatier', 2850.00, '(34) 92222-3333', '1995-02-20'),
(254, 'FL20', 'Gustavo Lima', 42, '445.566.778-89', '44.556.677-8', '44.566.788/0001-56', 'GustavoLima@gmail.com', '2014-06-19', 0, 'Excelente', 'Chefe', 4900.00, '(46) 94444-6666', '1983-06-15'),
(255, 'FL02', 'Bruna Santos', 25, '556.677.889-90', '55.667.788-9', '55.667.788/0001-67', 'BrunaSantos@gmail.com', '2022-09-05', 210, 'Ótimo', 'Vendedor', 2650.00, '(37) 96666-8888', '2000-09-01'),
(256, 'FL04', 'Diego Rocha', 38, '667.788.990-01', '66.778.899-0', '66.778.899/0001-78', 'DiegoRocha@gmail.com', '2017-02-14', 0, 'Bom', 'Estoquista', 2350.00, '(45) 98888-0000', '1987-02-10'),
(257, 'FL16', 'Larissa Lima', 23, '778.899.001-12', '77.889.900-1', '77.899.900/0001-89', 'LarissaLima@gmail.com', '2023-08-28', 0, 'Bom', 'Chocolatier', 2700.00, '(39) 90000-2222', '2002-08-25'),
(258, 'FL10', 'Ricardo Souza', 48, '889.900.112-23', '88.990.011-2', '88.990.011/0001-90', 'RicardoSouza@gmail.com', '2012-12-01', 0, 'Excelente', 'Chefe', 5100.00, '(40) 93333-5555', '1977-11-28'),
(259, 'FL13', 'Beatriz Lima', 21, '990.011.223-34', '99.001.122-3', '99.001.122/0001-01', 'BeatrizLima@gmail.com', '2024-05-10', 140, 'Regular', 'Vendedor', 2300.00, '(38) 95555-7777', '2004-05-05'),
(260, 'FL17', 'André Mendes', 36, '001.122.334-45', '00.112.233-4', '00.112.233/0001-12', 'AndreMendes@gmail.com', '2018-03-07', 0, 'Bom', 'Estoquista', 2400.00, '(42) 97777-9999', '1989-03-01');

INSERT INTO Funcionario (id_funcionario, id_filial, nome, idade, cpf, rg, cnpj, email, data_entrada, VendasFeitas, desempenho, cargo, salario, telefone, data_nascimento) VALUES
(261, 'FL15', 'Henrique Dias', 29, '112.334.556-67', '11.233.455-6', '11.233.455/0001-23', 'HenriqueDias@gmail.com', '2020-05-10', 150, 'Ótimo', 'Vendedor', 2500.00, '(35) 91234-5678', '1996-01-20'),
(262, 'FL03', 'Carlos Eduardo', 35, '223.445.667-78', '22.344.566-7', '22.344.566/0001-34', 'CarlosEduardo@gmail.com', '2018-09-22', 0, 'Bom', 'Estoquista', 2200.00, '(49) 98765-4321', '1990-03-15'),
(263, 'FL08', 'Isabela Santos', 45, '334.556.778-89', '33.455.677-8', '33.455.677/0001-45', 'IsabelaSantos@gmail.com', '2015-01-05', 0, 'Excelente', 'Chefe', 4500.00, '(33) 91111-2222', '1980-08-05'),
(264, 'FL12', 'Juliana Lima', 22, '445.667.889-90', '44.566.788-9', '44.566.788/0001-56', 'JulianaLima@gmail.com', '2023-03-18', 200, 'Bom', 'Vendedor', 2400.00, '(44) 93333-4444', '2003-12-01'),
(265, 'FL05', 'Mariana Rocha', 27, '556.778.990-01', '55.677.899-0', '55.677.899/0001-67', 'MarianaRocha@gmail.com', '2021-07-30', 0, 'Regular', 'Chocolatier', 2800.00, '(42) 95555-6666', '1998-07-25'),
(266, 'FL19', 'Pedro Henrique', 31, '667.889.001-12', '66.789.001-1', '66.789.001/0001-78', 'PedroHenrique@gmail.com', '2019-11-12', 0, 'Bom', 'Estoquista', 2250.00, '(31) 97777-8888', '1994-11-10'),
(267, 'FL01', 'Juliana Pires', 39, '778.990.112-23', '77.899.011-2', '77.899.011/0001-89', 'JulianaPires@gmail.com', '2017-04-25', 180, 'Ótimo', 'Vendedor', 2600.00, '(48) 99999-0000', '1986-04-10'),
(268, 'FL07', 'Fernando Alves', 26, '889.001.223-34', '88.900.122-3', '88.900.122/0001-90', 'FernandoAlves@gmail.com', '2022-02-08', 0, 'Bom', 'Chocolatier', 2900.00, '(47) 91111-3333', '1999-02-05'),
(269, 'FL14', 'Gabriela Fernandes', 33, '990.112.334-45', '99.011.233-4', '99.011.233/0001-01', 'GabrielaFernandes@gmail.com', '2020-08-01', 0, 'Excelente', 'Chefe', 4800.00, '(41) 94444-5555', '1992-06-28'),
(270, 'FL11', 'Lucas Silva', 28, '001.223.445-56', '00.122.344-5', '00.122.344/0001-12', 'LucasSilva@gmail.com', '2021-05-15', 160, 'Ótimo', 'Vendedor', 2550.00, '(36) 96666-7777', '1997-05-12');

INSERT INTO Funcionario (id_funcionario, id_filial, nome, idade, cpf, rg, cnpj, email, data_entrada, VendasFeitas, desempenho, cargo, salario, telefone, data_nascimento) VALUES
(271, 'FL06', 'Sofia Costa', 37, '112.233.445-56', '11.223.344-5', '11.223.344/0001-23', 'SofiaCosta@gmail.com', '2016-10-03', 0, 'Bom', 'Estoquista', 2300.00, '(43) 98888-9999', '1988-10-01'),
(272, 'FL18', 'Rafael Alves', 24, '223.344.556-67', '22.334.455-6', '22.334.455/0001-34', 'RafaelAlves@gmail.com', '2024-01-20', 190, 'Ótimo', 'Vendedor', 2450.00, '(32) 90000-1111', '2001-01-15'),
(273, 'FL09', 'Leticia Mendes', 30, '334.455.667-78', '33.445.566-7', '33.445.566/0001-45', 'LeticiaMendes@gmail.com', '2020-02-28', 0, 'Regular', 'Chocolatier', 2850.00, '(34) 92222-3333', '1995-02-20'),
(274, 'FL20', 'Gustavo Lima', 42, '445.566.778-89', '44.556.677-8', '44.566.788/0001-56', 'GustavoLima@gmail.com', '2014-06-19', 0, 'Excelente', 'Chefe', 4900.00, '(46) 94444-6666', '1983-06-15'),
(275, 'FL02', 'Bruna Santos', 25, '556.677.889-90', '55.667.788-9', '55.667.788/0001-67', 'BrunaSantos@gmail.com', '2022-09-05', 210, 'Ótimo', 'Vendedor', 2650.00, '(37) 96666-8888', '2000-09-01'),
(276, 'FL04', 'Diego Rocha', 38, '667.788.990-01', '66.778.899-0', '66.778.899/0001-78', 'DiegoRocha@gmail.com', '2017-02-14', 0, 'Bom', 'Estoquista', 2350.00, '(45) 98888-0000', '1987-02-10'),
(277, 'FL16', 'Larissa Lima', 23, '778.899.001-12', '77.889.900-1', '77.899.900/0001-89', 'LarissaLima@gmail.com', '2023-08-28', 0, 'Bom', 'Chocolatier', 2700.00, '(39) 90000-2222', '2002-08-25'),
(278, 'FL10', 'Ricardo Souza', 48, '889.900.112-23', '88.990.011-2', '88.990.011/0001-90', 'RicardoSouza@gmail.com', '2012-12-01', 0, 'Excelente', 'Chefe', 5100.00, '(40) 93333-5555', '1977-11-28'),
(279, 'FL13', 'Beatriz Lima', 21, '990.011.223-34', '99.001.122-3', '99.001.122/0001-01', 'BeatrizLima@gmail.com', '2024-05-10', 140, 'Regular', 'Vendedor', 2300.00, '(38) 95555-7777', '2004-05-05'),
(280, 'FL17', 'André Mendes', 36, '001.122.334-45', '00.112.233-4', '00.112.233/0001-12', 'AndreMendes@gmail.com', '2018-03-07', 0, 'Bom', 'Estoquista', 2400.00, '(42) 97777-9999', '1989-03-01');

INSERT INTO Funcionario (id_funcionario, id_filial, nome, idade, cpf, rg, cnpj, email, data_entrada, VendasFeitas, desempenho, cargo, salario, telefone, data_nascimento) VALUES
(281, 'FL15', 'Henrique Dias', 29, '112.334.556-67', '11.233.455-6', '11.233.455/0001-23', 'HenriqueDias@gmail.com', '2020-05-10', 150, 'Ótimo', 'Vendedor', 2500.00, '(35) 91234-5678', '1996-01-20'),
(282, 'FL03', 'Carlos Eduardo', 35, '223.445.667-78', '22.344.566-7', '22.344.566/0001-34', 'CarlosEduardo@gmail.com', '2018-09-22', 0, 'Bom', 'Estoquista', 2200.00, '(49) 98765-4321', '1990-03-15'),
(283, 'FL08', 'Isabela Santos', 45, '334.556.778-89', '33.455.677-8', '33.455.677/0001-45', 'IsabelaSantos@gmail.com', '2015-01-05', 0, 'Excelente', 'Chefe', 4500.00, '(33) 91111-2222', '1980-08-05'),
(284, 'FL12', 'Juliana Lima', 22, '445.667.889-90', '44.566.788-9', '44.566.788/0001-56', 'JulianaLima@gmail.com', '2023-03-18', 200, 'Bom', 'Vendedor', 2400.00, '(44) 93333-4444', '2003-12-01'),
(285, 'FL05', 'Mariana Rocha', 27, '556.778.990-01', '55.677.899-0', '55.677.899/0001-67', 'MarianaRocha@gmail.com', '2021-07-30', 0, 'Regular', 'Chocolatier', 2800.00, '(42) 95555-6666', '1998-07-25'),
(286, 'FL19', 'Pedro Henrique', 31, '667.889.001-12', '66.789.001-1', '66.789.001/0001-78', 'PedroHenrique@gmail.com', '2019-11-12', 0, 'Bom', 'Estoquista', 2250.00, '(31) 97777-8888', '1994-11-10'),
(287, 'FL01', 'Juliana Pires', 39, '778.990.112-23', '77.899.011-2', '77.899.011/0001-89', 'JulianaPires@gmail.com', '2017-04-25', 180, 'Ótimo', 'Vendedor', 2600.00, '(48) 99999-0000', '1986-04-10'),
(288, 'FL07', 'Fernando Alves', 26, '889.001.223-34', '88.900.122-3', '88.900.122/0001-90', 'FernandoAlves@gmail.com', '2022-02-08', 0, 'Bom', 'Chocolatier', 2900.00, '(47) 91111-3333', '1999-02-05'),
(289, 'FL14', 'Gabriela Fernandes', 33, '990.112.334-45', '99.011.233-4', '99.011.233/0001-01', 'GabrielaFernandes@gmail.com', '2020-08-01', 0, 'Excelente', 'Chefe', 4800.00, '(41) 94444-5555', '1992-06-28'),
(290, 'FL11', 'Lucas Silva', 28, '001.223.445-56', '00.122.344-5', '00.122.344/0001-12', 'LucasSilva@gmail.com', '2021-05-15', 160, 'Ótimo', 'Vendedor', 2550.00, '(36) 96666-7777', '1997-05-12');

INSERT INTO Funcionario (id_funcionario, id_filial, nome, idade, cpf, rg, cnpj, email, data_entrada, VendasFeitas, desempenho, cargo, salario, telefone, data_nascimento) VALUES
(291, 'FL06', 'Sofia Costa', 37, '112.233.445-56', '11.223.344-5', '11.223.344/0001-23', 'SofiaCosta@gmail.com', '2016-10-03', 0, 'Bom', 'Estoquista', 2300.00, '(43) 98888-9999', '1988-10-01'),
(292, 'FL18', 'Rafael Alves', 24, '223.344.556-67', '22.334.455-6', '22.334.455/0001-34', 'RafaelAlves@gmail.com', '2024-01-20', 190, 'Ótimo', 'Vendedor', 2450.00, '(32) 90000-1111', '2001-01-15'),
(293, 'FL09', 'Leticia Mendes', 30, '334.455.667-78', '33.445.566-7', '33.445.566/0001-45', 'LeticiaMendes@gmail.com', '2020-02-28', 0, 'Regular', 'Chocolatier', 2850.00, '(34) 92222-3333', '1995-02-20'),
(294, 'FL20', 'Gustavo Lima', 42, '445.566.778-89', '44.556.677-8', '44.566.788/0001-56', 'GustavoLima@gmail.com', '2014-06-19', 0, 'Excelente', 'Chefe', 4900.00, '(46) 94444-6666', '1983-06-15'),
(295, 'FL02', 'Bruna Santos', 25, '556.677.889-90', '55.667.788-9', '55.667.788/0001-67', 'BrunaSantos@gmail.com', '2022-09-05', 210, 'Ótimo', 'Vendedor', 2650.00, '(37) 96666-8888', '2000-09-01'),
(296, 'FL04', 'Diego Rocha', 38, '667.788.990-01', '66.778.899-0', '66.778.899/0001-78', 'DiegoRocha@gmail.com', '2017-02-14', 0, 'Bom', 'Estoquista', 2350.00, '(45) 98888-0000', '1987-02-10'),
(297, 'FL16', 'Larissa Lima', 23, '778.899.001-12', '77.889.900-1', '77.899.900/0001-89', 'LarissaLima@gmail.com', '2023-08-28', 0, 'Bom', 'Chocolatier', 2700.00, '(39) 90000-2222', '2002-08-25'),
(298, 'FL10', 'Ricardo Souza', 48, '889.900.112-23', '88.990.011-2', '88.990.011/0001-90', 'RicardoSouza@gmail.com', '2012-12-01', 0, 'Excelente', 'Chefe', 5100.00, '(40) 93333-5555', '1977-11-28'),
(299, 'FL13', 'Beatriz Lima', 21, '990.011.223-34', '99.001.122-3', '99.001.122/0001-01', 'BeatrizLima@gmail.com', '2024-05-10', 140, 'Regular', 'Vendedor', 2300.00, '(38) 95555-7777', '2004-05-05'),
(300, 'FL17', 'André Mendes', 36, '001.122.334-45', '00.112.233-4', '00.112.233/0001-12', 'AndreMendes@gmail.com', '2018-03-07', 0, 'Bom', 'Estoquista', 2400.00, '(42) 97777-9999', '1989-03-01');

INSERT INTO Funcionario (id_funcionario, id_filial, nome, idade, cpf, rg, cnpj, email, data_entrada, VendasFeitas, desempenho, cargo, salario, telefone, data_nascimento) VALUES
(301, 'FL15', 'Henrique Dias', 29, '112.334.556-67', '11.233.455-6', '11.233.455/0001-23', 'HenriqueDias@gmail.com', '2020-05-10', 150, 'Ótimo', 'Vendedor', 2500.00, '(35) 91234-5678', '1996-01-20'),
(302, 'FL03', 'Carlos Eduardo', 35, '223.445.667-78', '22.344.566-7', '22.344.566/0001-34', 'CarlosEduardo@gmail.com', '2018-09-22', 0, 'Bom', 'Estoquista', 2200.00, '(49) 98765-4321', '1990-03-15'),
(303, 'FL08', 'Isabela Santos', 45, '334.556.778-89', '33.455.677-8', '33.455.677/0001-45', 'IsabelaSantos@gmail.com', '2015-01-05', 0, 'Excelente', 'Chefe', 4500.00, '(33) 91111-2222', '1980-08-05'),
(304, 'FL12', 'Juliana Lima', 22, '445.667.889-90', '44.566.788-9', '44.566.788/0001-56', 'JulianaLima@gmail.com', '2023-03-18', 200, 'Bom', 'Vendedor', 2400.00, '(44) 93333-4444', '2003-12-01'),
(305, 'FL05', 'Mariana Rocha', 27, '556.778.990-01', '55.677.899-0', '55.677.899/0001-67', 'MarianaRocha@gmail.com', '2021-07-30', 0, 'Regular', 'Chocolatier', 2800.00, '(42) 95555-6666', '1998-07-25'),
(306, 'FL19', 'Pedro Henrique', 31, '667.889.001-12', '66.789.001-1', '66.789.001/0001-78', 'PedroHenrique@gmail.com', '2019-11-12', 0, 'Bom', 'Estoquista', 2250.00, '(31) 97777-8888', '1994-11-10'),
(307, 'FL01', 'Juliana Pires', 39, '778.990.112-23', '77.899.011-2', '77.899.011/0001-89', 'JulianaPires@gmail.com', '2017-04-25', 180, 'Ótimo', 'Vendedor', 2600.00, '(48) 99999-0000', '1986-04-10'),
(308, 'FL07', 'Fernando Alves', 26, '889.001.223-34', '88.900.122-3', '88.900.122/0001-90', 'FernandoAlves@gmail.com', '2022-02-08', 0, 'Bom', 'Chocolatier', 2900.00, '(47) 91111-3333', '1999-02-05'),
(309, 'FL14', 'Gabriela Fernandes', 33, '990.112.334-45', '99.011.233-4', '99.011.233/0001-01', 'GabrielaFernandes@gmail.com', '2020-08-01', 0, 'Excelente', 'Chefe', 4800.00, '(41) 94444-5555', '1992-06-28'),
(310, 'FL11', 'Lucas Silva', 28, '001.223.445-56', '00.122.344-5', '00.122.344/0001-12', 'LucasSilva@gmail.com', '2021-05-15', 160, 'Ótimo', 'Vendedor', 2550.00, '(36) 96666-7777', '1997-05-12');

INSERT INTO Funcionario (id_funcionario, id_filial, nome, idade, cpf, rg, cnpj, email, data_entrada, VendasFeitas, desempenho, cargo, salario, telefone, data_nascimento) VALUES
(311, 'FL06', 'Sofia Costa', 37, '112.233.445-56', '11.223.344-5', '11.223.344/0001-23', 'SofiaCosta@gmail.com', '2016-10-03', 0, 'Bom', 'Estoquista', 2300.00, '(43) 98888-9999', '1988-10-01'),
(312, 'FL18', 'Rafael Alves', 24, '223.344.556-67', '22.334.455-6', '22.334.455/0001-34', 'RafaelAlves@gmail.com', '2024-01-20', 190, 'Ótimo', 'Vendedor', 2450.00, '(32) 90000-1111', '2001-01-15'),
(313, 'FL09', 'Leticia Mendes', 30, '334.455.667-78', '33.445.566-7', '33.445.566/0001-45', 'LeticiaMendes@gmail.com', '2020-02-28', 0, 'Regular', 'Chocolatier', 2850.00, '(34) 92222-3333', '1995-02-20'),
(314, 'FL20', 'Gustavo Lima', 42, '445.566.778-89', '44.556.677-8', '44.566.788/0001-56', 'GustavoLima@gmail.com', '2014-06-19', 0, 'Excelente', 'Chefe', 4900.00, '(46) 94444-6666', '1983-06-15'),
(315, 'FL02', 'Bruna Santos', 25, '556.677.889-90', '55.667.788-9', '55.667.788/0001-67', 'BrunaSantos@gmail.com', '2022-09-05', 210, 'Ótimo', 'Vendedor', 2650.00, '(37) 96666-8888', '2000-09-01'),
(316, 'FL04', 'Diego Rocha', 38, '667.788.990-01', '66.778.899-0', '66.778.899/0001-78', 'DiegoRocha@gmail.com', '2017-02-14', 0, 'Bom', 'Estoquista', 2350.00, '(45) 98888-0000', '1987-02-10'),
(317, 'FL16', 'Larissa Lima', 23, '778.899.001-12', '77.889.900-1', '77.899.900/0001-89', 'LarissaLima@gmail.com', '2023-08-28', 0, 'Bom', 'Chocolatier', 2700.00, '(39) 90000-2222', '2002-08-25'),
(318, 'FL10', 'Ricardo Souza', 48, '889.900.112-23', '88.990.011-2', '88.990.011/0001-90', 'RicardoSouza@gmail.com', '2012-12-01', 0, 'Excelente', 'Chefe', 5100.00, '(40) 93333-5555', '1977-11-28'),
(319, 'FL13', 'Beatriz Lima', 21, '990.011.223-34', '99.001.122-3', '99.001.122/0001-01', 'BeatrizLima@gmail.com', '2024-05-10', 140, 'Regular', 'Vendedor', 2300.00, '(38) 95555-7777', '2004-05-05'),
(320, 'FL17', 'André Mendes', 36, '001.122.334-45', '00.112.233-4', '00.112.233/0001-12', 'AndreMendes@gmail.com', '2018-03-07', 0, 'Bom', 'Estoquista', 2400.00, '(42) 97777-9999', '1989-03-01');

INSERT INTO Funcionario (id_funcionario, id_filial, nome, idade, cpf, rg, cnpj, email, data_entrada, VendasFeitas, desempenho, cargo, salario, telefone, data_nascimento) VALUES
(321, 'FL15', 'Helena Dias', 29, '112.334.556-67', '11.233.455-6', '11.233.455/0001-23', 'HelenaDias@gmail.com', '2020-05-10', 150, 'Ótimo', 'Vendedor', 2500.00, '(35) 91234-5678', '1996-01-20'),
(322, 'FL03', 'Carlos Eduardo', 35, '223.445.667-78', '22.344.566-7', '22.344.566/0001-34', 'CarlosEduardo@gmail.com', '2018-09-22', 0, 'Bom', 'Estoquista', 2200.00, '(49) 98765-4321', '1990-03-15'),
(323, 'FL08', 'Isabela Santos', 45, '334.556.778-89', '33.455.677-8', '33.455.677/0001-45', 'IsabelaSantos@gmail.com', '2015-01-05', 0, 'Excelente', 'Chefe', 4500.00, '(33) 91111-2222', '1980-08-05'),
(324, 'FL12', 'Juliana Lima', 22, '445.667.889-90', '44.566.788-9', '44.566.788/0001-56', 'JulianaLima@gmail.com', '2023-03-18', 200, 'Bom', 'Vendedor', 2400.00, '(44) 93333-4444', '2003-12-01'),
(325, 'FL05', 'Mariana Rocha', 27, '556.778.990-01', '55.677.899-0', '55.677.899/0001-67', 'MarianaRocha@gmail.com', '2021-07-30', 0, 'Regular', 'Chocolatier', 2800.00, '(42) 95555-6666', '1998-07-25'),
(326, 'FL19', 'Pedro Henrique', 31, '667.889.001-12', '66.789.001-1', '66.789.001/0001-78', 'PedroHenrique@gmail.com', '2019-11-12', 0, 'Bom', 'Estoquista', 2250.00, '(31) 97777-8888', '1994-11-10'),
(327, 'FL01', 'Juliana Pires', 39, '778.990.112-23', '77.899.011-2', '77.899.011/0001-89', 'JulianaPires@gmail.com', '2017-04-25', 180, 'Ótimo', 'Vendedor', 2600.00, '(48) 99999-0000', '1986-04-10'),
(328, 'FL07', 'Fernando Alves', 26, '889.001.223-34', '88.900.122-3', '88.900.122/0001-90', 'FernandoAlves@gmail.com', '2022-02-08', 0, 'Bom', 'Chocolatier', 2900.00, '(47) 91111-3333', '1999-02-05'),
(329, 'FL14', 'Gabriela Fernandes', 33, '990.112.334-45', '99.011.233-4', '99.011.233/0001-01', 'GabrielaFernandes@gmail.com', '2020-08-01', 0, 'Excelente', 'Chefe', 4800.00, '(41) 94444-5555', '1992-06-28'),
(330, 'FL11', 'Lucas Silva', 28, '001.223.445-56', '00.122.344-5', '00.122.344/0001-12', 'LucasSilva@gmail.com', '2021-05-15', 160, 'Ótimo', 'Vendedor', 2550.00, '(36) 96666-7777', '1997-05-12');

INSERT INTO Funcionario (id_funcionario, id_filial, nome, idade, cpf, rg, cnpj, email, data_entrada, VendasFeitas, desempenho, cargo, salario, telefone, data_nascimento) VALUES
(331, 'FL06', 'Sofia Costa', 37, '112.233.445-56', '11.223.344-5', '11.223.344/0001-23', 'SofiaCosta@gmail.com', '2016-10-03', 0, 'Bom', 'Estoquista', 2300.00, '(43) 98888-9999', '1988-10-01'),
(332, 'FL18', 'Rafael Alves', 24, '223.344.556-67', '22.334.455-6', '22.334.455/0001-34', 'RafaelAlves@gmail.com', '2024-01-20', 190, 'Ótimo', 'Vendedor', 2450.00, '(32) 90000-1111', '2001-01-15'),
(333, 'FL09', 'Leticia Mendes', 30, '334.455.667-78', '33.445.566-7', '33.445.566/0001-45', 'LeticiaMendes@gmail.com', '2020-02-28', 0, 'Regular', 'Chocolatier', 2850.00, '(34) 92222-3333', '1995-02-20'),
(334, 'FL20', 'Gustavo Lima', 42, '445.566.778-89', '44.556.677-8', '44.566.788/0001-56', 'GustavoLima@gmail.com', '2014-06-19', 0, 'Excelente', 'Chefe', 4900.00, '(46) 94444-6666', '1983-06-15'),
(335, 'FL02', 'Bruna Santos', 25, '556.677.889-90', '55.667.788-9', '55.667.788/0001-67', 'BrunaSantos@gmail.com', '2022-09-05', 210, 'Ótimo', 'Vendedor', 2650.00, '(37) 96666-8888', '2000-09-01'),
(336, 'FL04', 'Diego Rocha', 38, '667.788.990-01', '66.778.899-0', '66.778.899/0001-78', 'DiegoRocha@gmail.com', '2017-02-14', 0, 'Bom', 'Estoquista', 2350.00, '(45) 98888-0000', '1987-02-10'),
(337, 'FL16', 'Larissa Lima', 23, '778.899.001-12', '77.889.900-1', '77.899.900/0001-89', 'LarissaLima@gmail.com', '2023-08-28', 0, 'Bom', 'Chocolatier', 2700.00, '(39) 90000-2222', '2002-08-25'),
(338, 'FL10', 'Ricardo Souza', 48, '889.900.112-23', '88.990.011-2', '88.990.011/0001-90', 'RicardoSouza@gmail.com', '2012-12-01', 0, 'Excelente', 'Chefe', 5100.00, '(40) 93333-5555', '1977-11-28'),
(339, 'FL13', 'Beatriz Lima', 21, '990.011.223-34', '99.001.122-3', '99.001.122/0001-01', 'BeatrizLima@gmail.com', '2024-05-10', 140, 'Regular', 'Vendedor', 2300.00, '(38) 95555-7777', '2004-05-05'),
(340, 'FL17', 'André Mendes', 36, '001.122.334-45', '00.112.233-4', '00.112.233/0001-12', 'AndreMendes@gmail.com', '2018-03-07', 0, 'Bom', 'Estoquista', 2400.00, '(42) 97777-9999', '1989-03-01');

INSERT INTO Funcionario (id_funcionario, id_filial, nome, idade, cpf, rg, cnpj, email, data_entrada, VendasFeitas, desempenho, cargo, salario, telefone, data_nascimento) VALUES
(341, 'FL15', 'Henrique Dias', 29, '112.334.556-67', '11.233.455-6', '11.233.455/0001-23', 'HenriqueDias@gmail.com', '2020-05-10', 150, 'Ótimo', 'Vendedor', 2500.00, '(35) 91234-5678', '1996-01-20'),
(342, 'FL03', 'Carlos Eduardo', 35, '223.445.667-78', '22.344.566-7', '22.344.566/0001-34', 'CarlosEduardo@gmail.com', '2018-09-22', 0, 'Bom', 'Estoquista', 2200.00, '(49) 98765-4321', '1990-03-15'),
(343, 'FL08', 'Isabela Santos', 45, '334.556.778-89', '33.455.677-8', '33.455.677/0001-45', 'IsabelaSantos@gmail.com', '2015-01-05', 0, 'Excelente', 'Chefe', 4500.00, '(33) 91111-2222', '1980-08-05'),
(344, 'FL12', 'Juliana Lima', 22, '445.667.889-90', '44.566.788-9', '44.566.788/0001-56', 'JulianaLima@gmail.com', '2023-03-18', 200, 'Bom', 'Vendedor', 2400.00, '(44) 93333-4444', '2003-12-01'),
(345, 'FL05', 'Mariana Rocha', 27, '556.778.990-01', '55.677.899-0', '55.677.899/0001-67', 'MarianaRocha@gmail.com', '2021-07-30', 0, 'Regular', 'Chocolatier', 2800.00, '(42) 95555-6666', '1998-07-25'),
(346, 'FL19', 'Pedro Henrique', 31, '667.889.001-12', '66.789.001-1', '66.789.001/0001-78', 'PedroHenrique@gmail.com', '2019-11-12', 0, 'Bom', 'Estoquista', 2250.00, '(31) 97777-8888', '1994-11-10'),
(347, 'FL01', 'Juliana Pires', 39, '778.990.112-23', '77.899.011-2', '77.899.011/0001-89', 'JulianaPires@gmail.com', '2017-04-25', 180, 'Ótimo', 'Vendedor', 2600.00, '(48) 99999-0000', '1986-04-10'),
(348, 'FL07', 'Fernando Alves', 26, '889.001.223-34', '88.900.122-3', '88.900.122/0001-90', 'FernandoAlves@gmail.com', '2022-02-08', 0, 'Bom', 'Chocolatier', 2900.00, '(47) 91111-3333', '1999-02-05'),
(349, 'FL14', 'Gabriela Fernandes', 33, '990.112.334-45', '99.011.233-4', '99.011.233/0001-01', 'GabrielaFernandes@gmail.com', '2020-08-01', 0, 'Excelente', 'Chefe', 4800.00, '(41) 94444-5555', '1992-06-28'),
(350, 'FL11', 'Lucas Silva', 28, '001.223.445-56', '00.122.344-5', '00.122.344/0001-12', 'LucasSilva@gmail.com', '2021-05-15', 160, 'Ótimo', 'Vendedor', 2550.00, '(36) 96666-7777', '1997-05-12');

INSERT INTO Funcionario (id_funcionario, id_filial, nome, idade, cpf, rg, cnpj, email, data_entrada, VendasFeitas, desempenho, cargo, salario, telefone, data_nascimento) VALUES
(351, 'FL06', 'Sofia Costa', 37, '112.233.445-56', '11.223.344-5', '11.223.344/0001-23', 'SofiaCosta@gmail.com', '2016-10-03', 0, 'Bom', 'Estoquista', 2300.00, '(43) 98888-9999', '1988-10-01'),
(352, 'FL18', 'Rafael Alves', 24, '223.344.556-67', '22.334.455-6', '22.334.455/0001-34', 'RafaelAlves@gmail.com', '2024-01-20', 190, 'Ótimo', 'Vendedor', 2450.00, '(32) 90000-1111', '2001-01-15'),
(353, 'FL09', 'Leticia Mendes', 30, '334.455.667-78', '33.445.566-7', '33.445.566/0001-45', 'LeticiaMendes@gmail.com', '2020-02-28', 0, 'Regular', 'Chocolatier', 2850.00, '(34) 92222-3333', '1995-02-20'),
(354, 'FL20', 'Gustavo Lima', 42, '445.566.778-89', '44.556.677-8', '44.566.788/0001-56', 'GustavoLima@gmail.com', '2014-06-19', 0, 'Excelente', 'Chefe', 4900.00, '(46) 94444-6666', '1983-06-15'),
(355, 'FL02', 'Bruna Santos', 25, '556.677.889-90', '55.667.788-9', '55.667.788/0001-67', 'BrunaSantos@gmail.com', '2022-09-05', 210, 'Ótimo', 'Vendedor', 2650.00, '(37) 96666-8888', '2000-09-01'),
(356, 'FL04', 'Diego Rocha', 38, '667.788.990-01', '66.778.899-0', '66.778.899/0001-78', 'DiegoRocha@gmail.com', '2017-02-14', 0, 'Bom', 'Estoquista', 2350.00, '(45) 98888-0000', '1987-02-10'),
(357, 'FL16', 'Larissa Lima', 23, '778.899.001-12', '77.889.900-1', '77.899.900/0001-89', 'LarissaLima@gmail.com', '2023-08-28', 0, 'Bom', 'Chocolatier', 2700.00, '(39) 90000-2222', '2002-08-25'),
(358, 'FL10', 'Ricardo Souza', 48, '889.900.112-23', '88.990.011-2', '88.990.011/0001-90', 'RicardoSouza@gmail.com', '2012-12-01', 0, 'Excelente', 'Chefe', 5100.00, '(40) 93333-5555', '1977-11-28'),
(359, 'FL13', 'Beatriz Lima', 21, '990.011.223-34', '99.001.122-3', '99.001.122/0001-01', 'BeatrizLima@gmail.com', '2024-05-10', 140, 'Regular', 'Vendedor', 2300.00, '(38) 95555-7777', '2004-05-05'),
(360, 'FL17', 'André Mendes', 36, '001.122.334-45', '00.112.233-4', '00.112.233/0001-12', 'AndreMendes@gmail.com', '2018-03-07', 0, 'Bom', 'Estoquista', 2400.00, '(42) 97777-9999', '1989-03-01');

INSERT INTO Funcionario (id_funcionario, id_filial, nome, idade, cpf, rg, cnpj, email, data_entrada, VendasFeitas, desempenho, cargo, salario, telefone, data_nascimento) VALUES
(361, 'FL15', 'Helena Dias', 29, '112.334.556-67', '11.233.455-6', '11.233.455/0001-23', 'HelenaDias@gmail.com', '2020-05-10', 150, 'Ótimo', 'Vendedor', 2500.00, '(35) 91234-5678', '1996-01-20'),
(362, 'FL03', 'Carlos Eduardo', 35, '223.445.667-78', '22.344.566-7', '22.344.566/0001-34', 'CarlosEduardo@gmail.com', '2018-09-22', 0, 'Bom', 'Estoquista', 2200.00, '(49) 98765-4321', '1990-03-15'),
(363, 'FL08', 'Isabela Santos', 45, '334.556.778-89', '33.455.677-8', '33.455.677/0001-45', 'IsabelaSantos@gmail.com', '2015-01-05', 0, 'Excelente', 'Chefe', 4500.00, '(33) 91111-2222', '1980-08-05'),
(364, 'FL12', 'Juliana Lima', 22, '445.667.889-90', '44.566.788-9', '44.566.788/0001-56', 'JulianaLima@gmail.com', '2023-03-18', 200, 'Bom', 'Vendedor', 2400.00, '(44) 93333-4444', '2003-12-01'),
(365, 'FL05', 'Mariana Rocha', 27, '556.778.990-01', '55.677.899-0', '55.677.899/0001-67', 'MarianaRocha@gmail.com', '2021-07-30', 0, 'Regular', 'Chocolatier', 2800.00, '(42) 95555-6666', '1998-07-25'),
(366, 'FL19', 'Pedro Henrique', 31, '667.889.001-12', '66.789.001-1', '66.789.001/0001-78', 'PedroHenrique@gmail.com', '2019-11-12', 0, 'Bom', 'Estoquista', 2250.00, '(31) 97777-8888', '1994-11-10'),
(367, 'FL01', 'Juliana Pires', 39, '778.990.112-23', '77.899.011-2', '77.899.011/0001-89', 'JulianaPires@gmail.com', '2017-04-25', 180, 'Ótimo', 'Vendedor', 2600.00, '(48) 99999-0000', '1986-04-10'),
(368, 'FL07', 'Fernando Alves', 26, '889.001.223-34', '88.900.122-3', '88.900.122/0001-90', 'FernandoAlves@gmail.com', '2022-02-08', 0, 'Bom', 'Chocolatier', 2900.00, '(47) 91111-3333', '1999-02-05'),
(369, 'FL14', 'Gabriela Fernandes', 33, '990.112.334-45', '99.011.233-4', '99.011.233/0001-01', 'GabrielaFernandes@gmail.com', '2020-08-01', 0, 'Excelente', 'Chefe', 4800.00, '(41) 94444-5555', '1992-06-28'),
(370, 'FL11', 'Lucas Silva', 28, '001.223.445-56', '00.122.344-5', '00.122.344/0001-12', 'LucasSilva@gmail.com', '2021-05-15', 160, 'Ótimo', 'Vendedor', 2550.00, '(36) 96666-7777', '1997-05-12');

INSERT INTO Funcionario (id_funcionario, id_filial, nome, idade, cpf, rg, cnpj, email, data_entrada, VendasFeitas, desempenho, cargo, salario, telefone, data_nascimento) VALUES
(371, 'FL06', 'Sofia Costa', 37, '112.233.445-56', '11.223.344-5', '11.223.344/0001-23', 'SofiaCosta@gmail.com', '2016-10-03', 0, 'Bom', 'Estoquista', 2300.00, '(43) 98888-9999', '1988-10-01'),
(372, 'FL18', 'Rafael Alves', 24, '223.344.556-67', '22.334.455-6', '22.334.455/0001-34', 'RafaelAlves@gmail.com', '2024-01-20', 190, 'Ótimo', 'Vendedor', 2450.00, '(32) 90000-1111', '2001-01-15'),
(373, 'FL09', 'Leticia Mendes', 30, '334.455.667-78', '33.445.566-7', '33.445.566/0001-45', 'LeticiaMendes@gmail.com', '2020-02-28', 0, 'Regular', 'Chocolatier', 2850.00, '(34) 92222-3333', '1995-02-20'),
(374, 'FL20', 'Gustavo Lima', 42, '445.566.778-89', '44.556.677-8', '44.566.788/0001-56', 'GustavoLima@gmail.com', '2014-06-19', 0, 'Excelente', 'Chefe', 4900.00, '(46) 94444-6666', '1983-06-15'),
(375, 'FL02', 'Bruna Santos', 25, '556.677.889-90', '55.667.788-9', '55.667.788/0001-67', 'BrunaSantos@gmail.com', '2022-09-05', 210, 'Ótimo', 'Vendedor', 2650.00, '(37) 96666-8888', '2000-09-01'),
(376, 'FL04', 'Diego Rocha', 38, '667.788.990-01', '66.778.899-0', '66.778.899/0001-78', 'DiegoRocha@gmail.com', '2017-02-14', 0, 'Bom', 'Estoquista', 2350.00, '(45) 98888-0000', '1987-02-10'),
(377, 'FL16', 'Larissa Lima', 23, '778.899.001-12', '77.889.900-1', '77.899.900/0001-89', 'LarissaLima@gmail.com', '2023-08-28', 0, 'Bom', 'Chocolatier', 2700.00, '(39) 90000-2222', '2002-08-25'),
(378, 'FL10', 'Ricardo Souza', 48, '889.900.112-23', '88.990.011-2', '88.990.011/0001-90', 'RicardoSouza@gmail.com', '2012-12-01', 0, 'Excelente', 'Chefe', 5100.00, '(40) 93333-5555', '1977-11-28'),
(379, 'FL13', 'Beatriz Lima', 21, '990.011.223-34', '99.001.122-3', '99.001.122/0001-01', 'BeatrizLima@gmail.com', '2024-05-10', 140, 'Regular', 'Vendedor', 2300.00, '(38) 95555-7777', '2004-05-05'),
(380, 'FL17', 'André Mendes', 36, '001.122.334-45', '00.112.233-4', '00.112.233/0001-12', 'AndreMendes@gmail.com', '2018-03-07', 0, 'Bom', 'Estoquista', 2400.00, '(42) 97777-9999', '1989-03-01');

INSERT INTO Funcionario (id_funcionario, id_filial, nome, idade, cpf, rg, cnpj, email, data_entrada, VendasFeitas, desempenho, cargo, salario, telefone, data_nascimento) VALUES
(381, 'FL15', 'Henrique Dias', 29, '112.334.556-67', '11.233.455-6', '11.233.455/0001-23', 'HenriqueDias@gmail.com', '2020-05-10', 150, 'Ótimo', 'Vendedor', 2500.00, '(35) 91234-5678', '1996-01-20'),
(382, 'FL03', 'Carlos Eduardo', 35, '223.445.667-78', '22.344.566-7', '22.344.566/0001-34', 'CarlosEduardo@gmail.com', '2018-09-22', 0, 'Bom', 'Estoquista', 2200.00, '(49) 98765-4321', '1990-03-15'),
(383, 'FL08', 'Isabela Santos', 45, '334.556.778-89', '33.455.677-8', '33.455.677/0001-45', 'IsabelaSantos@gmail.com', '2015-01-05', 0, 'Excelente', 'Chefe', 4500.00, '(33) 91111-2222', '1980-08-05'),
(384, 'FL12', 'Juliana Lima', 22, '445.667.889-90', '44.566.788-9', '44.566.788/0001-56', 'JulianaLima@gmail.com', '2023-03-18', 200, 'Bom', 'Vendedor', 2400.00, '(44) 93333-4444', '2003-12-01'),
(385, 'FL05', 'Mariana Rocha', 27, '556.778.990-01', '55.677.899-0', '55.677.899/0001-67', 'MarianaRocha@gmail.com', '2021-07-30', 0, 'Regular', 'Chocolatier', 2800.00, '(42) 95555-6666', '1998-07-25'),
(386, 'FL19', 'Pedro Henrique', 31, '667.889.001-12', '66.789.001-1', '66.789.001/0001-78', 'PedroHenrique@gmail.com', '2019-11-12', 0, 'Bom', 'Estoquista', 2250.00, '(31) 97777-8888', '1994-11-10'),
(387, 'FL01', 'Juliana Pires', 39, '778.990.112-23', '77.899.011-2', '77.899.011/0001-89', 'JulianaPires@gmail.com', '2017-04-25', 180, 'Ótimo', 'Vendedor', 2600.00, '(48) 99999-0000', '1986-04-10'),
(388, 'FL07', 'Fernando Alves', 26, '889.001.223-34', '88.900.122-3', '88.900.122/0001-90', 'FernandoAlves@gmail.com', '2022-02-08', 0, 'Bom', 'Chocolatier', 2900.00, '(47) 91111-3333', '1999-02-05'),
(389, 'FL14', 'Gabriela Fernandes', 33, '990.112.334-45', '99.011.233-4', '99.011.233/0001-01', 'GabrielaFernandes@gmail.com', '2020-08-01', 0, 'Excelente', 'Chefe', 4800.00, '(41) 94444-5555', '1992-06-28'),
(390, 'FL11', 'Lucas Silva', 28, '001.223.445-56', '00.122.344-5', '00.122.344/0001-12', 'LucasSilva@gmail.com', '2021-05-15', 160, 'Ótimo', 'Vendedor', 2550.00, '(36) 96666-7777', '1997-05-12');

INSERT INTO Funcionario (id_funcionario, id_filial, nome, idade, cpf, rg, cnpj, email, data_entrada, VendasFeitas, desempenho, cargo, salario, telefone, data_nascimento) VALUES
(391, 'FL06', 'Sofia Costa', 37, '112.233.445-56', '11.223.344-5', '11.223.344/0001-23', 'SofiaCosta@gmail.com', '2016-10-03', 0, 'Bom', 'Estoquista', 2300.00, '(43) 98888-9999', '1988-10-01'),
(392, 'FL18', 'Rafael Alves', 24, '223.344.556-67', '22.334.455-6', '22.334.455/0001-34', 'RafaelAlves@gmail.com', '2024-01-20', 190, 'Ótimo', 'Vendedor', 2450.00, '(32) 90000-1111', '2001-01-15'),
(393, 'FL09', 'Leticia Mendes', 30, '334.455.667-78', '33.445.566-7', '33.445.566/0001-45', 'LeticiaMendes@gmail.com', '2020-02-28', 0, 'Regular', 'Chocolatier', 2850.00, '(34) 92222-3333', '1995-02-20'),
(394, 'FL20', 'Gustavo Lima', 42, '445.566.778-89', '44.556.677-8', '44.566.788/0001-56', 'GustavoLima@gmail.com', '2014-06-19', 0, 'Excelente', 'Chefe', 4900.00, '(46) 94444-6666', '1983-06-15'),
(395, 'FL02', 'Bruna Santos', 25, '556.677.889-90', '55.667.788-9', '55.667.788/0001-67', 'BrunaSantos@gmail.com', '2022-09-05', 210, 'Ótimo', 'Vendedor', 2650.00, '(37) 96666-8888', '2000-09-01'),
(396, 'FL04', 'Diego Rocha', 38, '667.788.990-01', '66.778.899-0', '66.778.899/0001-78', 'DiegoRocha@gmail.com', '2017-02-14', 0, 'Bom', 'Estoquista', 2350.00, '(45) 98888-0000', '1987-02-10'),
(397, 'FL16', 'Larissa Lima', 23, '778.899.001-12', '77.889.900-1', '77.899.900/0001-89', 'LarissaLima@gmail.com', '2023-08-28', 0, 'Bom', 'Chocolatier', 2700.00, '(39) 90000-2222', '2002-08-25'),
(398, 'FL10', 'Ricardo Souza', 48, '889.900.112-23', '88.990.011-2', '88.990.011/0001-90', 'RicardoSouza@gmail.com', '2012-12-01', 0, 'Excelente', 'Chefe', 5100.00, '(40) 93333-5555', '1977-11-28'),
(399, 'FL13', 'Beatriz Lima', 21, '990.011.223-34', '99.001.122-3', '99.001.122/0001-01', 'BeatrizLima@gmail.com', '2024-05-10', 140, 'Regular', 'Vendedor', 2300.00, '(38) 95555-7777', '2004-05-05'),
(400, 'FL17', 'André Mendes', 36, '001.122.334-45', '00.112.233-4', '00.112.233/0001-12', 'AndreMendes@gmail.com', '2018-03-07', 0, 'Bom', 'Estoquista', 2400.00, '(42) 97777-9999', '1989-03-01');

INSERT INTO Funcionario (id_funcionario, id_filial, nome, idade, cpf, rg, cnpj, email, data_entrada, VendasFeitas, desempenho, cargo, salario, telefone, data_nascimento) VALUES
(401, 'FL15', 'Henrique Dias', 29, '112.334.556-67', '11.233.455-6', '11.233.455/0001-23', 'HenriqueDias@gmail.com', '2020-05-10', 150, 'Ótimo', 'Vendedor', 2500.00, '(35) 91234-5678', '1996-01-20'),
(402, 'FL03', 'Carlos Eduardo', 35, '223.445.667-78', '22.344.566-7', '22.344.566/0001-34', 'CarlosEduardo@gmail.com', '2018-09-22', 0, 'Bom', 'Estoquista', 2200.00, '(49) 98765-4321', '1990-03-15'),
(403, 'FL08', 'Isabela Santos', 45, '334.556.778-89', '33.455.677-8', '33.455.677/0001-45', 'IsabelaSantos@gmail.com', '2015-01-05', 0, 'Excelente', 'Chefe', 4500.00, '(33) 91111-2222', '1980-08-05'),
(404, 'FL12', 'Juliana Lima', 22, '445.667.889-90', '44.566.788-9', '44.566.788/0001-56', 'JulianaLima@gmail.com', '2023-03-18', 200, 'Bom', 'Vendedor', 2400.00, '(44) 93333-4444', '2003-12-01'),
(405, 'FL05', 'Mariana Rocha', 27, '556.778.990-01', '55.677.899-0', '55.677.899/0001-67', 'MarianaRocha@gmail.com', '2021-07-30', 0, 'Regular', 'Chocolatier', 2800.00, '(42) 95555-6666', '1998-07-25'),
(406, 'FL19', 'Pedro Henrique', 31, '667.889.001-12', '66.789.001-1', '66.789.001/0001-78', 'PedroHenrique@gmail.com', '2019-11-12', 0, 'Bom', 'Estoquista', 2250.00, '(31) 97777-8888', '1994-11-10'),
(407, 'FL01', 'Juliana Pires', 39, '778.990.112-23', '77.899.011-2', '77.899.011/0001-89', 'JulianaPires@gmail.com', '2017-04-25', 180, 'Ótimo', 'Vendedor', 2600.00, '(48) 99999-0000', '1986-04-10'),
(408, 'FL07', 'Fernando Alves', 26, '889.001.223-34', '88.900.122-3', '88.900.122/0001-90', 'FernandoAlves@gmail.com', '2022-02-08', 0, 'Bom', 'Chocolatier', 2900.00, '(47) 91111-3333', '1999-02-05'),
(409, 'FL14', 'Gabriela Fernandes', 33, '990.112.334-45', '99.011.233-4', '99.011.233/0001-01', 'GabrielaFernandes@gmail.com', '2020-08-01', 0, 'Excelente', 'Chefe', 4800.00, '(41) 94444-5555', '1992-06-28'),
(410, 'FL11', 'Lucas Silva', 28, '001.223.445-56', '00.122.344-5', '00.122.344/0001-12', 'LucasSilva@gmail.com', '2021-05-15', 160, 'Ótimo', 'Vendedor', 2550.00, '(36) 96666-7777', '1997-05-12');

INSERT INTO Funcionario (id_funcionario, id_filial, nome, idade, cpf, rg, cnpj, email, data_entrada, VendasFeitas, desempenho, cargo, salario, telefone, data_nascimento) VALUES
(411, 'FL06', 'Sofia Costa', 37, '112.233.445-56', '11.223.344-5', '11.223.344/0001-23', 'SofiaCosta@gmail.com', '2016-10-03', 0, 'Bom', 'Estoquista', 2300.00, '(43) 98888-9999', '1988-10-01'),
(412, 'FL18', 'Rafael Alves', 24, '223.344.556-67', '22.334.455-6', '22.334.455/0001-34', 'RafaelAlves@gmail.com', '2024-01-20', 190, 'Ótimo', 'Vendedor', 2450.00, '(32) 90000-1111', '2001-01-15'),
(413, 'FL09', 'Leticia Mendes', 30, '334.455.667-78', '33.445.566-7', '33.445.566/0001-45', 'LeticiaMendes@gmail.com', '2020-02-28', 0, 'Regular', 'Chocolatier', 2850.00, '(34) 92222-3333', '1995-02-20'),
(414, 'FL20', 'Gustavo Lima', 42, '445.566.778-89', '44.556.677-8', '44.566.788/0001-56', 'GustavoLima@gmail.com', '2014-06-19', 0, 'Excelente', 'Chefe', 4900.00, '(46) 94444-6666', '1983-06-15'),
(415, 'FL02', 'Bruna Santos', 25, '556.677.889-90', '55.667.788-9', '55.667.788/0001-67', 'BrunaSantos@gmail.com', '2022-09-05', 210, 'Ótimo', 'Vendedor', 2650.00, '(37) 96666-8888', '2000-09-01'),
(416, 'FL04', 'Diego Rocha', 38, '667.788.990-01', '66.778.899-0', '66.778.899/0001-78', 'DiegoRocha@gmail.com', '2017-02-14', 0, 'Bom', 'Estoquista', 2350.00, '(45) 98888-0000', '1987-02-10'),
(417, 'FL16', 'Larissa Lima', 23, '778.899.001-12', '77.889.900-1', '77.899.900/0001-89', 'LarissaLima@gmail.com', '2023-08-28', 0, 'Bom', 'Chocolatier', 2700.00, '(39) 90000-2222', '2002-08-25'),
(418, 'FL10', 'Ricardo Souza', 48, '889.900.112-23', '88.990.011-2', '88.990.011/0001-90', 'RicardoSouza@gmail.com', '2012-12-01', 0, 'Excelente', 'Chefe', 5100.00, '(40) 93333-5555', '1977-11-28'),
(419, 'FL13', 'Beatriz Lima', 21, '990.011.223-34', '99.001.122-3', '99.001.122/0001-01', 'BeatrizLima@gmail.com', '2024-05-10', 140, 'Regular', 'Vendedor', 2300.00, '(38) 95555-7777', '2004-05-05'),
(420, 'FL17', 'André Mendes', 36, '001.122.334-45', '00.112.233-4', '00.112.233/0001-12', 'AndreMendes@gmail.com', '2018-03-07', 0, 'Bom', 'Estoquista', 2400.00, '(42) 97777-9999', '1989-03-01');

INSERT INTO Funcionario (id_funcionario, id_filial, nome, idade, cpf, rg, cnpj, email, data_entrada, VendasFeitas, desempenho, cargo, salario, telefone, data_nascimento) VALUES
(421, 'FL15', 'Henrique Dias', 29, '112.334.556-67', '11.233.455-6', '11.233.455/0001-23', 'HenriqueDias@gmail.com', '2020-05-10', 150, 'Ótimo', 'Vendedor', 2500.00, '(35) 91234-5678', '1996-01-20'),
(422, 'FL03', 'Carlos Eduardo', 35, '223.445.667-78', '22.344.566-7', '22.344.566/0001-34', 'CarlosEduardo@gmail.com', '2018-09-22', 0, 'Bom', 'Estoquista', 2200.00, '(49) 98765-4321', '1990-03-15'),
(423, 'FL08', 'Isabela Santos', 45, '334.556.778-89', '33.455.677-8', '33.455.677/0001-45', 'IsabelaSantos@gmail.com', '2015-01-05', 0, 'Excelente', 'Chefe', 4500.00, '(33) 91111-2222', '1980-08-05'),
(424, 'FL12', 'Juliana Lima', 22, '445.667.889-90', '44.566.788-9', '44.566.788/0001-56', 'JulianaLima@gmail.com', '2023-03-18', 200, 'Bom', 'Vendedor', 2400.00, '(44) 93333-4444', '2003-12-01'),
(425, 'FL05', 'Mariana Rocha', 27, '556.778.990-01', '55.677.899-0', '55.677.899/0001-67', 'MarianaRocha@gmail.com', '2021-07-30', 0, 'Regular', 'Chocolatier', 2800.00, '(42) 95555-6666', '1998-07-25'),
(426, 'FL19', 'Pedro Henrique', 31, '667.889.001-12', '66.789.001-1', '66.789.001/0001-78', 'PedroHenrique@gmail.com', '2019-11-12', 0, 'Bom', 'Estoquista', 2250.00, '(31) 97777-8888', '1994-11-10'),
(427, 'FL01', 'Juliana Pires', 39, '778.990.112-23', '77.899.011-2', '77.899.011/0001-89', 'JulianaPires@gmail.com', '2017-04-25', 180, 'Ótimo', 'Vendedor', 2600.00, '(48) 99999-0000', '1986-04-10'),
(428, 'FL07', 'Fernando Alves', 26, '889.001.223-34', '88.900.122-3', '88.900.122/0001-90', 'FernandoAlves@gmail.com', '2022-02-08', 0, 'Bom', 'Chocolatier', 2900.00, '(47) 91111-3333', '1999-02-05'),
(429, 'FL14', 'Gabriela Fernandes', 33, '990.112.334-45', '99.011.233-4', '99.011.233/0001-01', 'GabrielaFernandes@gmail.com', '2020-08-01', 0, 'Excelente', 'Chefe', 4800.00, '(41) 94444-5555', '1992-06-28'),
(430, 'FL11', 'Lucas Silva', 28, '001.223.445-56', '00.122.344-5', '00.122.344/0001-12', 'LucasSilva@gmail.com', '2021-05-15', 160, 'Ótimo', 'Vendedor', 2550.00, '(36) 96666-7777', '1997-05-12');

INSERT INTO Funcionario (id_funcionario, id_filial, nome, idade, cpf, rg, cnpj, email, data_entrada, VendasFeitas, desempenho, cargo, salario, telefone, data_nascimento) VALUES
(431, 'FL06', 'Sofia Costa', 37, '112.233.445-56', '11.223.344-5', '11.223.344/0001-23', 'SofiaCosta@gmail.com', '2016-10-03', 0, 'Bom', 'Estoquista', 2300.00, '(43) 98888-9999', '1988-10-01'),
(432, 'FL18', 'Rafael Alves', 24, '223.344.556-67', '22.334.455-6', '22.334.455/0001-34', 'RafaelAlves@gmail.com', '2024-01-20', 190, 'Ótimo', 'Vendedor', 2450.00, '(32) 90000-1111', '2001-01-15'),
(433, 'FL09', 'Leticia Mendes', 30, '334.455.667-78', '33.445.566-7', '33.445.566/0001-45', 'LeticiaMendes@gmail.com', '2020-02-28', 0, 'Regular', 'Chocolatier', 2850.00, '(34) 92222-3333', '1995-02-20'),
(434, 'FL20', 'Gustavo Lima', 42, '445.566.778-89', '44.556.677-8', '44.566.788/0001-56', 'GustavoLima@gmail.com', '2014-06-19', 0, 'Excelente', 'Chefe', 4900.00, '(46) 94444-6666', '1983-06-15'),
(435, 'FL02', 'Bruna Santos', 25, '556.677.889-90', '55.667.788-9', '55.667.788/0001-67', 'BrunaSantos@gmail.com', '2022-09-05', 210, 'Ótimo', 'Vendedor', 2650.00, '(37) 96666-8888', '2000-09-01'),
(436, 'FL04', 'Diego Rocha', 38, '667.788.990-01', '66.778.899-0', '66.778.899/0001-78', 'DiegoRocha@gmail.com', '2017-02-14', 0, 'Bom', 'Estoquista', 2350.00, '(45) 98888-0000', '1987-02-10'),
(437, 'FL16', 'Larissa Lima', 23, '778.899.001-12', '77.889.900-1', '77.899.900/0001-89', 'LarissaLima@gmail.com', '2023-08-28', 0, 'Bom', 'Chocolatier', 2700.00, '(39) 90000-2222', '2002-08-25'),
(438, 'FL10', 'Ricardo Souza', 48, '889.900.112-23', '88.990.011-2', '88.990.011/0001-90', 'RicardoSouza@gmail.com', '2012-12-01', 0, 'Excelente', 'Chefe', 5100.00, '(40) 93333-5555', '1977-11-28'),
(439, 'FL13', 'Beatriz Lima', 21, '990.011.223-34', '99.001.122-3', '99.001.122/0001-01', 'BeatrizLima@gmail.com', '2024-05-10', 140, 'Regular', 'Vendedor', 2300.00, '(38) 95555-7777', '2004-05-05'),
(440, 'FL17', 'André Mendes', 36, '001.122.334-45', '00.112.233-4', '00.112.233/0001-12', 'AndreMendes@gmail.com', '2018-03-07', 0, 'Bom', 'Estoquista', 2400.00, '(42) 97777-9999', '1989-03-01');

INSERT INTO Funcionario (id_funcionario, id_filial, nome, idade, cpf, rg, cnpj, email, data_entrada, VendasFeitas, desempenho, cargo, salario, telefone, data_nascimento) VALUES
(441, 'FL15', 'Henrique Dias', 29, '112.334.556-67', '11.233.455-6', '11.233.455/0001-23', 'HenriqueDias@gmail.com', '2020-05-10', 150, 'Ótimo', 'Vendedor', 2500.00, '(35) 91234-5678', '1996-01-20'),
(442, 'FL03', 'Carlos Eduardo', 35, '223.445.667-78', '22.344.566-7', '22.344.566/0001-34', 'CarlosEduardo@gmail.com', '2018-09-22', 0, 'Bom', 'Estoquista', 2200.00, '(49) 98765-4321', '1990-03-15'),
(443, 'FL08', 'Isabela Santos', 45, '334.556.778-89', '33.455.677-8', '33.455.677/0001-45', 'IsabelaSantos@gmail.com', '2015-01-05', 0, 'Excelente', 'Chefe', 4500.00, '(33) 91111-2222', '1980-08-05'),
(444, 'FL12', 'Juliana Lima', 22, '445.667.889-90', '44.566.788-9', '44.566.788/0001-56', 'JulianaLima@gmail.com', '2023-03-18', 200, 'Bom', 'Vendedor', 2400.00, '(44) 93333-4444', '2003-12-01'),
(445, 'FL05', 'Mariana Rocha', 27, '556.778.990-01', '55.677.899-0', '55.677.899/0001-67', 'MarianaRocha@gmail.com', '2021-07-30', 0, 'Regular', 'Chocolatier', 2800.00, '(42) 95555-6666', '1998-07-25'),
(446, 'FL19', 'Pedro Henrique', 31, '667.889.001-12', '66.789.001-1', '66.789.001/0001-78', 'PedroHenrique@gmail.com', '2019-11-12', 0, 'Bom', 'Estoquista', 2250.00, '(31) 97777-8888', '1994-11-10'),
(447, 'FL01', 'Juliana Pires', 39, '778.990.112-23', '77.899.011-2', '77.899.011/0001-89', 'JulianaPires@gmail.com', '2017-04-25', 180, 'Ótimo', 'Vendedor', 2600.00, '(48) 99999-0000', '1986-04-10'),
(448, 'FL07', 'Fernando Alves', 26, '889.001.223-34', '88.900.122-3', '88.900.122/0001-90', 'FernandoAlves@gmail.com', '2022-02-08', 0, 'Bom', 'Chocolatier', 2900.00, '(47) 91111-3333', '1999-02-05'),
(449, 'FL14', 'Gabriela Fernandes', 33, '990.112.334-45', '99.011.233-4', '99.011.233/0001-01', 'GabrielaFernandes@gmail.com', '2020-08-01', 0, 'Excelente', 'Chefe', 4800.00, '(41) 94444-5555', '1992-06-28'),
(450, 'FL11', 'Lucas Silva', 28, '001.223.445-56', '00.122.344-5', '00.122.344/0001-12', 'LucasSilva@gmail.com', '2021-05-15', 160, 'Ótimo', 'Vendedor', 2550.00, '(36) 96666-7777', '1997-05-12');

INSERT INTO Funcionario (id_funcionario, id_filial, nome, idade, cpf, rg, cnpj, email, data_entrada, VendasFeitas, desempenho, cargo, salario, telefone, data_nascimento) VALUES
(451, 'FL06', 'Sofia Costa', 37, '112.233.445-56', '11.223.344-5', '11.223.344/0001-23', 'SofiaCosta@gmail.com', '2016-10-03', 0, 'Bom', 'Estoquista', 2300.00, '(43) 98888-9999', '1988-10-01'),
(452, 'FL18', 'Rafael Alves', 24, '223.344.556-67', '22.334.455-6', '22.334.455/0001-34', 'RafaelAlves@gmail.com', '2024-01-20', 190, 'Ótimo', 'Vendedor', 2450.00, '(32) 90000-1111', '2001-01-15'),
(453, 'FL09', 'Leticia Mendes', 30, '334.455.667-78', '33.445.566-7', '33.445.566/0001-45', 'LeticiaMendes@gmail.com', '2020-02-28', 0, 'Regular', 'Chocolatier', 2850.00, '(34) 92222-3333', '1995-02-20'),
(454, 'FL20', 'Gustavo Lima', 42, '445.566.778-89', '44.556.677-8', '44.566.788/0001-56', 'GustavoLima@gmail.com', '2014-06-19', 0, 'Excelente', 'Chefe', 4900.00, '(46) 94444-6666', '1983-06-15');

INSERT INTO Funcionario (id_funcionario, id_filial, nome, idade, cpf, rg, cnpj, email, data_entrada, VendasFeitas, desempenho, cargo, salario, telefone, data_nascimento) VALUES
(455, 'FL02', 'Bruna Santos', 25, '556.677.889-90', '55.667.788-9', '55.667.788/0001-67', 'BrunaSantos@gmail.com', '2022-09-05', 210, 'Ótimo', 'Vendedor', 2650.00, '(37) 96666-8888', '2000-09-01'),
(456, 'FL04', 'Diego Rocha', 38, '667.788.990-01', '66.778.899-0', '66.778.899/0001-78', 'DiegoRocha@gmail.com', '2017-02-14', 0, 'Bom', 'Estoquista', 2350.00, '(45) 98888-0000', '1987-02-10'),
(457, 'FL16', 'Larissa Lima', 23, '778.899.001-12', '77.889.900-1', '77.899.900/0001-89', 'LarissaLima@gmail.com', '2023-08-28', 0, 'Bom', 'Chocolatier', 2700.00, '(39) 90000-2222', '2002-08-25'),
(458, 'FL10', 'Ricardo Souza', 48, '889.900.112-23', '88.990.011-2', '88.990.011/0001-90', 'RicardoSouza@gmail.com', '2012-12-01', 0, 'Excelente', 'Chefe', 5100.00, '(40) 93333-5555', '1977-11-28'),
(459, 'FL13', 'Beatriz Lima', 21, '990.011.223-34', '99.001.122-3', '99.001.122/0001-01', 'BeatrizLima@gmail.com', '2024-05-10', 140, 'Regular', 'Vendedor', 2300.00, '(38) 95555-7777', '2004-05-05'),
(460, 'FL17', 'André Mendes', 36, '001.122.334-45', '00.112.233-4', '00.112.233/0001-12', 'AndreMendes@gmail.com', '2018-03-07', 0, 'Bom', 'Estoquista', 2400.00, '(42) 97777-9999', '1989-03-01'),
(461, 'FL01', 'Felipe Nunes', 30, '123.789.456-11', '12.456.789-2', '12.456.789/0001-24', 'FelipeNunes@gmail.com', '2021-03-25', 180, 'Ótimo', 'Vendedor', 2600.00, '(35) 91234-5678', '1995-03-20'),
(462, 'FL03', 'Carla Rocha', 28, '234.890.567-22', '23.567.890-3', '23.567.890/0001-35', 'CarlaRocha@gmail.com', '2022-09-15', 0, 'Bom', 'Chocolatier', 2850.00, '(49) 98765-4321', '1997-09-10'),
(463, 'FL08', 'Mariana Pires', 34, '345.901.678-33', '34.678.901-4', '34.678.901/0001-46', 'MarianaPires@gmail.com', '2019-07-28', 0, 'Regular', 'Estoquista', 2300.00, '(33) 91111-2222', '1991-07-20'),
(464, 'FL12', 'Paulo Costa', 40, '456.012.789-44', '45.789.012-5', '45.789.012/0001-57', 'PauloCosta@gmail.com', '2015-05-12', 0, 'Excelente', 'Chefe', 4800.00, '(44) 93333-4444', '1985-05-01'),
(465, 'FL05', 'Ricardo Lima', 26, '567.123.890-55', '56.890.123-6', '56.890.123/0001-68', 'RicardoLima@gmail.com', '2022-01-09', 195, 'Bom', 'Vendedor', 2450.00, '(42) 95555-6666', '1999-01-05'),
(466, 'FL19', 'Livia Pereira', 32, '678.234.901-66', '67.901.234-7', '67.901.234/0001-79', 'LiviaPereira@gmail.com', '2019-08-03', 0, 'Ótimo', 'Chocolatier', 2900.00, '(31) 97777-8888', '1993-08-01'),
(467, 'FL01', 'Thiago Mendes', 41, '789.345.012-77', '78.012.345-8', '78.012.345/0001-91', 'ThiagoMendes@gmail.com', '2016-11-20', 0, 'Regular', 'Estoquista', 2350.00, '(48) 99999-0000', '1984-11-15'),
(468, 'FL07', 'Ana Clara Silva', 23, '890.456.123-88', '89.123.456-9', '89.123.456/0001-02', 'AnaClaraSilva@gmail.com', '2023-04-14', 160, 'Bom', 'Vendedor', 2400.00, '(47) 91111-3333', '2002-04-10'),
(469, 'FL14', 'Daniel Costa', 36, '901.567.234-99', '90.234.567-0', '90.234.567/0001-13', 'DanielCosta@gmail.com', '2018-06-01', 0, 'Excelente', 'Chefe', 5000.00, '(41) 94444-5555', '1989-05-28'),
(470, 'FL11', 'Leticia Souza', 27, '012.678.345-00', '01.345.678-1', '01.345.678/0001-24', 'LeticiaSouza@gmail.com', '2021-09-08', 0, 'Bom', 'Chocolatier', 2950.00, '(36) 96666-7777', '1998-09-05'),
(471, 'FL06', 'Eduardo Gonçalves', 39, '112.789.456-11', '11.456.789-2', '11.456.789/0001-25', 'EduardoGoncalves@gmail.com', '2016-02-12', 220, 'Ótimo', 'Vendedor', 2700.00, '(43) 98888-9999', '1986-02-08'),
(472, 'FL18', 'Isabelly Lima', 25, '223.890.567-22', '22.567.890-3', '22.567.890/0001-36', 'IsabellyLima@gmail.com', '2022-07-21', 0, 'Regular', 'Estoquista', 2300.00, '(32) 90000-1111', '2000-07-15'),
(473, 'FL09', 'Vinicius Mendes', 33, '334.901.678-33', '33.678.901-4', '33.678.901/0001-47', 'ViniciusMendes@gmail.com', '2019-03-30', 0, 'Bom', 'Chocolatier', 2850.00, '(34) 92222-3333', '1992-03-25'),
(474, 'FL20', 'Beatriz Silva', 42, '445.012.789-44', '44.789.012-5', '44.789.012/0001-58', 'BeatrizSilva@gmail.com', '2014-08-05', 0, 'Excelente', 'Chefe', 4900.00, '(46) 94444-6666', '1983-08-01'),
(475, 'FL02', 'Lívia Dias', 27, '556.123.890-55', '55.890.123-6', '55.890.123/0001-69', 'LiviaDias@gmail.com', '2022-12-18', 150, 'Bom', 'Vendedor', 2550.00, '(37) 96666-8888', '1998-12-15'),
(476, 'FL04', 'Bruno Rocha', 38, '667.234.901-66', '66.901.234-7', '66.901.234/0001-70', 'BrunoRocha@gmail.com', '2017-06-10', 0, 'Ótimo', 'Estoquista', 2400.00, '(45) 98888-0000', '1987-06-05'),
(477, 'FL16', 'Ana Carla Santos', 23, '778.345.012-77', '77.012.345-8', '77.012.345/0001-81', 'AnaCarlaSantos@gmail.com', '2023-11-25', 0, 'Bom', 'Chocolatier', 2700.00, '(39) 90000-2222', '2002-11-20'),
(478, 'FL10', 'Henrique Costa', 48, '889.456.123-88', '88.123.456-9', '88.123.456/0001-92', 'HenriqueCosta@gmail.com', '2013-03-01', 0, 'Excelente', 'Chefe', 5100.00, '(40) 93333-5555', '1977-02-25'),
(479, 'FL13', 'Evelyn Pereira', 21, '990.567.234-99', '99.234.567-0', '99.234.567/0001-03', 'EvelynPereira@gmail.com', '2024-06-18', 165, 'Regular', 'Vendedor', 2350.00, '(38) 95555-7777', '2004-06-15'),
(480, 'FL17', 'Fabio Almeida', 35, '001.678.345-00', '00.345.678-1', '00.345.678/0001-14', 'FabioAlmeida@gmail.com', '2018-05-15', 0, 'Bom', 'Estoquista', 2450.00, '(42) 97777-9999', '1990-05-10'),
(481, 'FL01', 'Gabriela Fernandes', 29, '112.789.456-11', '11.456.789-2', '11.456.789/0001-25', 'GabrielaFernandes@gmail.com', '2020-05-25', 180, 'Ótimo', 'Vendedor', 2500.00, '(35) 91234-5678', '1996-05-20'),
(482, 'FL03', 'Carlos Henrique', 35, '223.890.567-22', '22.567.890-3', '22.567.890/0001-36', 'CarlosHenrique@gmail.com', '2018-10-02', 0, 'Bom', 'Estoquista', 2200.00, '(49) 98765-4321', '1990-09-28'),
(483, 'FL08', 'Ana Carolina', 45, '334.901.678-33', '34.678.901-4', '34.678.901/0001-47', 'AnaCarolina@gmail.com', '2015-02-18', 0, 'Excelente', 'Chefe', 4500.00, '(33) 91111-2222', '1980-02-15'),
(484, 'FL12', 'João Lucas', 22, '456.012.789-44', '45.789.012-5', '45.789.012/0001-58', 'JoaoLucas@gmail.com', '2023-04-20', 200, 'Bom', 'Vendedor', 2400.00, '(44) 93333-4444', '2003-04-18'),
(485, 'FL05', 'Mariana Alencar', 27, '567.123.890-55', '56.890.123-6', '56.890.123/0001-69', 'MarianaAlencar@gmail.com', '2021-08-10', 0, 'Regular', 'Chocolatier', 2800.00, '(42) 95555-6666', '1998-08-05'),
(486, 'FL19', 'Pedro Rocha', 31, '678.234.901-66', '67.901.234-7', '67.901.234/0001-70', 'PedroRocha@gmail.com', '2019-12-05', 0, 'Bom', 'Estoquista', 2250.00, '(31) 97777-8888', '1994-12-01'),
(487, 'FL01', 'Juliana Lima', 39, '789.345.012-77', '78.012.345-8', '78.012.345/0001-81', 'JulianaLima@gmail.com', '2017-05-01', 185, 'Ótimo', 'Vendedor', 2600.00, '(48) 99999-0000', '1986-04-26'),
(488, 'FL07', 'Fernando Lima', 26, '890.456.123-88', '89.123.456-9', '89.123.456/0001-02', 'FernandoLima@gmail.com', '2022-03-22', 0, 'Bom', 'Chocolatier', 2900.00, '(47) 91111-3333', '1999-03-18'),
(489, 'FL14', 'Gabriela Pereira', 33, '901.567.234-99', '90.234.567-0', '90.234.567/0001-13', 'GabrielaPereira@gmail.com', '2020-09-15', 0, 'Excelente', 'Chefe', 4800.00, '(41) 94444-5555', '1992-09-10'),
(490, 'FL11', 'Lucas Mendes', 28, '012.678.345-00', '01.345.678-1', '01.345.678/0001-24', 'LucasMendes@gmail.com', '2021-06-25', 170, 'Ótimo', 'Vendedor', 2550.00, '(36) 96666-7777', '1997-06-20'),
(491, 'FL06', 'Sofia Alves', 37, '112.789.456-11', '11.456.789-2', '11.456.789/0001-25', 'SofiaAlves@gmail.com', '2016-11-18', 0, 'Bom', 'Estoquista', 2300.00, '(43) 98888-9999', '1988-11-15'),
(492, 'FL18', 'Rafael Dias', 24, '223.890.567-22', '22.567.890-3', '22.567.890/0001-36', 'RafaelDias@gmail.com', '2024-02-08', 190, 'Ótimo', 'Vendedor', 2450.00, '(32) 90000-1111', '2001-02-05'),
(493, 'FL09', 'Leticia Alencar', 30, '334.901.678-33', '33.678.901-4', '33.678.901/0001-47', 'LeticiaAlencar@gmail.com', '2020-03-05', 0, 'Regular', 'Chocolatier', 2850.00, '(34) 92222-3333', '1995-02-28'),
(494, 'FL20', 'Gustavo Martins', 42, '445.012.789-44', '44.789.012-5', '44.789.012/0001-58', 'GustavoMartins@gmail.com', '2014-07-25', 0, 'Excelente', 'Chefe', 4900.00, '(46) 94444-6666', '1983-07-20'),
(495, 'FL02', 'Bruna Rocha', 25, '556.123.890-55', '55.890.123-6', '55.890.123/0001-69', 'BrunaRocha@gmail.com', '2022-10-10', 210, 'Ótimo', 'Vendedor', 2650.00, '(37) 96666-8888', '2000-10-05'),
(496, 'FL04', 'Diego Mendes', 38, '667.234.901-66', '66.901.234-7', '66.901.234/0001-70', 'DiegoMendes@gmail.com', '2017-05-18', 0, 'Bom', 'Estoquista', 2350.00, '(45) 98888-0000', '1987-05-15'),
(497, 'FL16', 'Larissa Alves', 23, '778.345.012-77', '77.012.345-8', '77.012.345/0001-81', 'LarissaAlves@gmail.com', '2023-12-01', 0, 'Regular', 'Chocolatier', 2700.00, '(39) 90000-2222', '2002-11-28'),
(498, 'FL10', 'Ricardo Souza', 48, '889.456.123-88', '88.123.456-9', '88.123.456/0001-92', 'RicardoSouza@gmail.com', '2013-01-10', 0, 'Excelente', 'Chefe', 5100.00, '(40) 93333-5555', '1977-12-05'),
(499, 'FL13', 'Beatriz Dias', 21, '990.567.234-99', '99.234.567-0', '99.234.567/0001-03', 'BeatrizDias@gmail.com', '2024-07-20', 140, 'Bom', 'Vendedor', 2300.00, '(38) 95555-7777', '2004-07-15'),
(500, 'FL17', 'André Costa', 36, '001.678.345-00', '00.345.678-1', '00.345.678/0001-14', 'AndreCosta@gmail.com', '2018-05-25', 0, 'Bom', 'Estoquista', 2400.00, '(42) 97777-9999', '1989-05-20');

INSERT INTO Cliente (id_cliente, id_filial, nome, telefone, email, cpf, rg, data_de_nascimento, idade, endereco, cep, bairro, estado, municipio, pais) VALUES
(1, 'FL19', 'Zoltán Juhasz', '(36) 91427-1568', 'ZoltánJuhasz@gmail.com', '123.456.789-01', '12.345.678-9', '1995-07-20', 30, 'Pestside út 10', '1061', 'Terézváros', 'Pest', 'Budapeste', 'Hungria'),
(2, 'FL02', 'Lukas Becker', '(39) 04187-6543', 'LukasBecker@gmail.com', '234.567.890-12', '23.456.789-0', '1988-11-15', 37, 'Calle del Puente 20', '30124', 'San Marco', 'Vêneto', 'Veneza', 'Itália'),
(3, 'FL08', 'Mette Müller', '(43) 12345-6789', 'MetteMüller@gmail.com', '345.678.901-23', '34.567.890-1', '1980-03-05', 45, 'Mozartplatz 5', '1010', 'Innere Stadt', 'Viena', 'Viena', 'Áustria'),
(4, 'FL12', 'William Schröder', '(44) 93333-4444', 'WilliamSchröder@gmail.com', '456.789.012-34', '45.678.901-2', '2003-12-01', 22, 'Victoria Street 7', 'EH1 2BW', 'Old Town', 'Escócia', 'Edimburgo', 'Reino Unido'),
(5, 'FL05', 'Nora Richter', '(32) 25678-9012', 'NoraRichter@gmail.com', '567.890.123-45', '56.789.012-3', '1998-07-25', 27, 'Rue de la Colline 1', '1000', 'Centro', 'Bruxelas-Capital', 'Bruxelas', 'Bélgica'),
(6, 'FL06', 'Michael Fuchs', '(41) 44123-7890', 'MichaelFuchs@gmail.com', '678.901.234-56', '67.890.123-4', '1989-11-10', 36, 'Limmatquai 50', '8001', 'City', 'Zurique', 'Zurique', 'Suíça'),
(7, 'FL01', 'Anna Peters', '(33) 65897-1240', 'AnnaPeters@gmail.com', '789.012.345-67', '78.901.234-5', '1986-04-10', 39, 'Rue Saint-Honoré 120', '75001', 'Saint-Germain', 'Île-de-France', 'Paris', 'França'),
(8, 'FL07', 'Marius Wimmer', '(31) 20123-4567', 'MariusWimmer@gmail.com', '890.123.456-78', '89.012.345-6', '1999-02-05', 26, 'Nieuwendijk 25', '1012', 'Centrum', 'Holanda do Norte', 'Amsterdã', 'Países Baixos'),
(9, 'FL14', 'Filip Leitner', '(45) 33456-7890', 'FilipLeitner@gmail.com', '901.234.567-89', '90.123.456-7', '1992-06-28', 33, 'Vestergade 5', '1160', 'Indre By', 'Região da Capital', 'Copenhague', 'Dinamarca'),
(10, 'FL11', 'Helena Steiner', '(353) 15678-9012', 'HelenaSteiner@gmail.com', '012.345.678-90', '01.234.567-8', '1997-05-12', 28, 'Dame Street 5', 'D02 T222', 'Temple Bar', 'Dublin', 'Dublin', 'Irlanda'),
(11, 'FL06', 'Oskar Koller', '(41) 44654-3210', 'OskarKoller@gmail.com', '112.233.445-56', '11.223.344-5', '1988-10-01', 37, 'Bahnhofstrasse 15', '8001', 'City', 'Zurique', 'Zurique', 'Suíça'),
(12, 'FL18', 'Isabelly Kraus', '(48) 22123-4567', 'IsabellyKraus@gmail.com', '223.344.556-67', '22.334.455-6', '2001-01-15', 24, 'Chmielna Street 10', '00-020', 'Śródmieście', 'Mazóvia', 'Varsóvia', 'Polônia'),
(13, 'FL09', 'Diego Schmidt', '(420) 22234-5678', 'DiegoSchmidt@gmail.com', '334.455.667-78', '33.445.566-7', '1995-02-20', 30, 'Malá Strana 25', '11800', 'Malá Strana', 'Praga', 'Praga', 'República Tcheca'),
(14, 'FL20', 'Juliana Wolf', '(90) 21234-5678', 'JulianaWolf@gmail.com', '445.566.778-89', '44.556.677-8', '1983-06-15', 42, 'Serdar-ı Ekrem Caddesi 15', '34421', 'Beyoğlu', 'Istambul', 'Istambul', 'Turquia'),
(15, 'FL02', 'Leonardo Rácz', '(39) 04198-7654', 'LeonardoRácz@gmail.com', '556.677.889-90', '55.667.788-9', '2000-09-01', 25, 'Cannaregio 100', '30121', 'Cannaregio', 'Vêneto', 'Veneza', 'Itália'),
(16, 'FL04', 'Mariana Mayer', '(44) 20876-5432', 'MarianaMayer@gmail.com', '667.788.990-01', '66.778.899-0', '1987-02-10', 38, 'Covent Garden 20', 'WC2E 8PA', 'Covent Garden', 'Inglaterra', 'Londres', 'Reino Unido'),
(17, 'FL16', 'João Victor Håkon', '(47) 22345-6789', 'JoaoVictorHåkon@gmail.com', '778.899.001-12', '77.889.900-1', '2002-08-25', 23, 'Prinsens gate 1', '0154', 'Sentrum', 'Oslo', 'Oslo', 'Noruega'),
(18, 'FL10', 'Alexandre Lærke', '(351) 21123-4567', 'AlexandreLærke@gmail.com', '889.900.112-23', '88.990.011-2', '1977-11-28', 48, 'Rua da Madalena 15', '1100-318', 'Alfama', 'Lisboa', 'Lisboa', 'Portugal'),
(19, 'FL13', 'Larissa Rácz', '(30) 21123-4567', 'LarissaRácz@gmail.com', '990.011.223-34', '99.001.122-3', '2004-05-05', 21, 'Adrianou Street 5', '10555', 'Plaka', 'Ática', 'Atenas', 'Grécia'),
(20, 'FL17', 'Gabriel Jensen', '(358) 91234-5678', 'GabrielJensen@gmail.com', '001.122.334-45', '00.112.233-4', '1989-03-01', 36, 'Esplanadi 1', '00130', 'Keskusta', 'Uusimaa', 'Helsinque', 'Finlândia'),
(21, 'FL01', 'Vera Dubois', '(33) 60123-4567', 'VeraDubois@gmail.com', '112.334.556-67', '11.233.455-6', '1996-10-30', 29, 'Rue de Charonne 50', '75011', 'Bastille', 'Île-de-France', 'Paris', 'França'),
(22, 'FL03', 'Rafaela Schmidt', '(34) 93765-4321', 'RafaelaSchmidt@gmail.com', '223.445.667-78', '22.344.566-7', '1997-08-10', 28, 'Carrer del Pi 10', '08002', 'El Gòtic', 'Catalunha', 'Barcelona', 'Espanha'),
(23, 'FL08', 'Gustav Maier', '(43) 15432-9876', 'GustavMaier@gmail.com', '334.556.778-89', '33.455.677-8', '1991-06-15', 34, 'Tuchlauben 1', '1010', 'Innere Stadt', 'Viena', 'Viena', 'Áustria'),
(24, 'FL12', 'Fiona Winkler', '(44) 13187-6543', 'FionaWinkler@gmail.com', '445.667.889-90', '44.566.788-9', '1999-04-05', 26, 'Cockburn Street 10', 'EH1 1BS', 'Old Town', 'Escócia', 'Edimburgo', 'Reino Unido'),
(25, 'FL05', 'Anja Koch', '(32) 25987-6543', 'AnjaKoch@gmail.com', '556.778.990-01', '55.677.899-0', '1993-09-01', 32, 'Rue du Lombard 5', '1000', 'Centro', 'Bruxelas-Capital', 'Bruxelas', 'Bélgica'),
(26, 'FL06', 'Dmitri Bauer', '(41) 44123-7890', 'DmitriBauer@gmail.com', '667.889.001-12', '66.789.001-1', '1998-12-15', 27, 'Niederdorfstrasse 20', '8001', 'Dorf', 'Zurique', 'Zurique', 'Suíça'),
(27, 'FL01', 'Olga Varga', '(33) 65897-1240', 'OlgaVarga@gmail.com', '778.990.112-23', '77.899.011-2', '1984-03-05', 41, 'Rue Vieille-du-Temple 5', '75004', 'Le Marais', 'Île-de-France', 'Paris', 'França'),
(28, 'FL07', 'Stefan Van der Berg', '(31) 20123-4567', 'StefanVanderBerg@gmail.com', '889.001.223-34', '88.900.122-3', '2002-01-20', 23, 'Rozengracht 50', '1016', 'Jordaan', 'Amsterdã', 'Amsterdã', 'Países Baixos'),
(29, 'FL14', 'Linnéa Jensen', '(45) 33456-7890', 'LinnéaJensen@gmail.com', '990.112.334-45', '99.011.233-4', '1995-07-05', 30, 'Studiestræde 10', '1455', 'Indre By', 'Região da Capital', 'Copenhague', 'Dinamarca'),
(30, 'FL11', 'Maja Müller', '(353) 15678-9012', 'MajaMüller@gmail.com', '001.223.445-56', '00.122.344-5', '2000-06-10', 25, 'Henry Street 5', 'D01 T7Y8', 'North City Centre', 'Dublin', 'Dublin', 'Irlanda'),
(31, 'FL06', 'Emil Hoffmann', '(41) 44654-3210', 'EmilHoffmann@gmail.com', '112.334.556-67', '11.233.455-6', '1990-04-15', 35, 'Zähringerstrasse 10', '8001', 'City', 'Zurique', 'Zurique', 'Suíça'),
(32, 'FL18', 'Laura Kalle', '(48) 22123-4567', 'LauraKalle@gmail.com', '223.445.667-78', '22.344.566-7', '1996-01-05', 29, 'Marszałkowska 80', '00-517', 'Śródmieście', 'Mazóvia', 'Varsóvia', 'Polônia'),
(33, 'FL09', 'Filip Bauer', '(420) 22234-5678', 'FilipBauer@gmail.com', '334.556.778-89', '33.455.677-8', '1985-08-15', 40, 'Dlouhá 20', '11000', 'Staré Město', 'Praga', 'Praga', 'República Tcheca'),
(34, 'FL20', 'Helena Schlosser', '(90) 21234-5678', 'HelenaSchlosser@gmail.com', '445.667.889-90', '44.566.788-9', '2003-05-15', 22, 'Sıraselviler Caddesi 10', '34433', 'Beyoğlu', 'Istambul', 'Istambul', 'Turquia'),
(35, 'FL02', 'David Müller', '(39) 04198-7654', 'DavidMüller@gmail.com', '556.778.990-01', '55.677.899-0', '1998-02-28', 27, 'Dorsoduro 100', '30123', 'Dorsoduro', 'Vêneto', 'Veneza', 'Itália'),
(36, 'FL04', 'Klara Jensen', '(44) 20876-5432', 'KlaraJensen@gmail.com', '667.889.001-12', '66.789.001-1', '1994-10-20', 31, 'Shaftesbury Avenue 1', 'W1D 7DH', 'Soho', 'Inglaterra', 'Londres', 'Reino Unido'),
(37, 'FL16', 'Alba Olsen', '(47) 22345-6789', 'AlbaOlsen@gmail.com', '778.990.112-23', '77.899.011-2', '2001-02-10', 24, 'Akershus festning', '0150', 'Sentrum', 'Oslo', 'Oslo', 'Noruega'),
(38, 'FL10', 'Mikkel Hansen', '(351) 21123-4567', 'MikkelHansen@gmail.com', '889.001.223-34', '88.900.122-3', '1979-05-01', 46, 'Rua da Prata 150', '1100-420', 'Baixa', 'Lisboa', 'Lisboa', 'Portugal'),
(39, 'FL13', 'Amelia Silva', '(30) 21123-4567', 'AmeliaSilva@gmail.com', '990.112.334-45', '99.011.233-4', '1999-07-25', 26, 'Kolokotroni Street 20', '10562', 'Plaka', 'Ática', 'Atenas', 'Grécia'),
(40, 'FL17', 'Oliver Varga', '(358) 91234-5678', 'OliverVarga@gmail.com', '001.223.445-56', '00.122.344-5', '1992-01-10', 33, 'Pohjoisesplanadi 30', '00130', 'Keskusta', 'Uusimaa', 'Helsinque', 'Finlândia'),
(41, 'FL15', 'Henrik Karlsson', '(46) 81234-5678', 'HenrikKarlsson@gmail.com', '112.334.556-67', '11.233.455-6', '1997-03-25', 28, 'Västerlånggatan 40', '111 29', 'Gamla Stan', 'Estocolmo', 'Estocolmo', 'Suécia'),
(42, 'FL03', 'Laura Sándor', '(34) 93210-9876', 'LauraSándor@gmail.com', '223.445.667-78', '22.344.566-7', '1989-09-05', 36, 'Avinguda Diagonal 500', '08002', 'Eixample', 'Catalunha', 'Barcelona', 'Espanha'),
(43, 'FL08', 'Felix Koller', '(43) 12345-6789', 'FelixKoller@gmail.com', '334.556.778-89', '33.455.677-8', '1981-06-20', 44, 'Mariahilfer Strasse 80', '1070', 'Neubau', 'Viena', 'Viena', 'Áustria'),
(44, 'FL12', 'Sebastian Braun', '(44) 13145-6789', 'SebastianBraun@gmail.com', '445.667.889-90', '44.566.788-9', '2002-11-10', 23, 'Victoria Street 100', 'EH1 2BW', 'Old Town', 'Escócia', 'Edimburgo', 'Reino Unido'),
(45, 'FL05', 'Anna Fekete', '(32) 25678-9012', 'AnnaFekete@gmail.com', '556.778.990-01', '55.677.899-0', '1996-02-25', 29, 'Rue des Éperonniers 15', '1000', 'Centro', 'Bruxelas-Capital', 'Bruxelas', 'Bélgica'),
(46, 'FL19', 'Zoltán Sipos', '(36) 12345-6789', 'ZoltánSipos@gmail.com', '667.889.001-12', '66.789.001-1', '1994-07-05', 31, 'Király utca 12', '1075', 'Erzsébetváros', 'Pest', 'Budapeste', 'Hungria'),
(47, 'FL01', 'Maja Müller', '(33) 65897-1240', 'MajaMüller@gmail.com', '778.990.112-23', '77.899.011-2', '1987-10-05', 38, 'Rue du Bac 12', '75007', 'Saint-Germain', 'Île-de-France', 'Paris', 'França'),
(48, 'FL07', 'Gustav Van der Berg', '(31) 20123-4567', 'GustavVanderBerg@gmail.com', '889.001.223-34', '88.900.122-3', '2000-09-15', 25, 'Prinsengracht 30', '1015', 'Grachtengordel', 'Holanda do Norte', 'Amsterdã', 'Países Baixos'),
(49, 'FL14', 'Elias Török', '(45) 33456-7890', 'EliasTörök@gmail.com', '990.112.334-45', '99.011.233-4', '1992-05-15', 33, 'Østergade 5', '1100', 'Indre By', 'Região da Capital', 'Copenhague', 'Dinamarca'),
(50, 'FL11', 'Helena Olas', '(353) 15678-9012', 'HelenaOlas@gmail.com', '001.223.445-56', '00.122.344-5', '1998-08-01', 27, 'Dawson Street 10', 'D02 P876', 'Centro', 'Dublin', 'Dublin', 'Irlanda'),
(51, 'FL06', 'Odin Kovacs', '(41) 44654-3210', 'OdinKovacs@gmail.com', '112.334.556-67', '11.233.455-6', '1986-11-08', 39, 'Löwenstrasse 1', '8001', 'City', 'Zurique', 'Zurique', 'Suíça'),
(52, 'FL18', 'Vera Bognár', '(48) 22123-4567', 'VeraBognár@gmail.com', '223.445.667-78', '22.344.566-7', '2001-01-25', 24, 'Rynek Starego Miasta 1', '00-272', 'Stare Miasto', 'Mazóvia', 'Varsóvia', 'Polônia'),
(53, 'FL09', 'Emil Bauer', '(420) 22234-5678', 'EmilBauer@gmail.com', '334.556.778-89', '33.455.677-8', '1995-03-20', 30, 'Michalská 15', '11000', 'Staré Město', 'Praga', 'Praga', 'República Tcheca'),
(54, 'FL20', 'Laura Pásztor', '(90) 21234-5678', 'LauraPásztor@gmail.com', '445.667.889-90', '44.566.788-9', '1983-07-01', 42, 'Galata Tower', '34421', 'Beyoğlu', 'Istambul', 'Istambul', 'Turquia'),
(55, 'FL02', 'Filip Koch', '(39) 04198-7654', 'FilipKoch@gmail.com', '556.778.990-01', '55.667.788-9', '2000-04-15', 25, 'Rialto Bridge', '30125', 'San Polo', 'Vêneto', 'Veneza', 'Itália'),
(56, 'FL04', 'William Wagner', '(44) 20876-5432', 'WilliamWagner@gmail.com', '667.889.001-12', '66.789.001-1', '1993-09-01', 32, 'Regent Street 100', 'W1B 5AH', 'West End', 'Inglaterra', 'Londres', 'Reino Unido'),
(57, 'FL16', 'Elina Petersen', '(47) 22345-6789', 'ElinaPetersen@gmail.com', '778.990.112-23', '77.899.011-2', '2002-09-10', 23, 'Akersgata 40', '0158', 'Sentrum', 'Oslo', 'Oslo', 'Noruega'),
(58, 'FL10', 'Alva Schmidt', '(351) 21123-4567', 'AlvaSchmidt@gmail.com', '889.001.223-34', '88.900.122-3', '1977-02-10', 48, 'Largo do Carmo 5', '1200-204', 'Chiado', 'Lisboa', 'Lisboa', 'Portugal'),
(59, 'FL13', 'Noah Oláh', '(30) 21123-4567', 'NoahOláh@gmail.com', '990.112.334-45', '99.011.233-4', '2004-03-15', 21, 'Ermou Street 100', '10555', 'Monastiraki', 'Ática', 'Atenas', 'Grécia'),
(60, 'FL17', 'Sondre Nováková', '(358) 91234-5678', 'SondreNováková@gmail.com', '001.223.445-56', '00.122.344-5', '1990-05-25', 35, 'Bulevardi 25', '00120', 'Punavuori', 'Uusimaa', 'Helsinque', 'Finlândia'),
(61, 'FL15', 'Henrik Holzer', '(46) 81234-5678', 'HenrikHolzer@gmail.com', '112.334.556-67', '11.233.455-6', '1996-05-10', 29, 'Västerlånggatan 20', '111 29', 'Gamla Stan', 'Estocolmo', 'Estocolmo', 'Suécia'),
(62, 'FL03', 'Sara Müller', '(34) 93210-9876', 'SaraMüller@gmail.com', '223.445.667-78', '22.344.566-7', '1990-10-15', 35, 'Carrer de la Ciutat 1', '08002', 'El Gòtic', 'Catalunha', 'Barcelona', 'Espanha'),
(63, 'FL08', 'Clara Varga', '(43) 12345-6789', 'ClaraVarga@gmail.com', '334.556.778-89', '33.455.677-8', '1980-02-01', 45, 'Seilergasse 1', '1010', 'Innere Stadt', 'Viena', 'Viena', 'Áustria'),
(64, 'FL12', 'Leo Schlosser', '(44) 13145-6789', 'LeoSchlosser@gmail.com', '445.667.889-90', '44.566.788-9', '2003-04-15', 22, 'Grassmarket 5', 'EH1 2HY', 'Old Town', 'Escócia', 'Edimburgo', 'Reino Unido'),
(65, 'FL05', 'Isabella Wimmer', '(32) 25678-9012', 'IsabellaWimmer@gmail.com', '556.778.990-01', '55.677.899-0', '1998-08-25', 27, 'Rue de la Bourse 5', '1000', 'Centro', 'Bruxelas-Capital', 'Bruxelas', 'Bélgica'),
(66, 'FL19', 'Anton Nagy', '(36) 12345-6789', 'AntonNagy@gmail.com', '667.889.001-12', '66.789.001-1', '1994-12-10', 31, 'Andrássy út 10', '1061', 'Terézváros', 'Pest', 'Budapeste', 'Hungria'),
(67, 'FL01', 'Rasmus Szűcs', '(33) 65897-1240', 'RasmusSzűcs@gmail.com', '778.990.112-23', '77.899.011-2', '1986-05-20', 39, 'Rue Montorgueil 35', '75001', 'Les Halles', 'Île-de-France', 'Paris', 'França'),
(68, 'FL07', 'Ella Balogh', '(31) 20123-4567', 'EllaBalogh@gmail.com', '889.001.223-34', '88.900.122-3', '1999-03-05', 26, 'Reguliersdwarsstraat 20', '1017', 'Centrum', 'Holanda do Norte', 'Amsterdã', 'Países Baixos'),
(69, 'FL14', 'Alexander Molnár', '(45) 33456-7890', 'AlexanderMolnár@gmail.com', '990.112.334-45', '99.011.233-4', '1992-08-28', 33, 'Nyhavn 20', '1051', 'Indre By', 'Região da Capital', 'Copenhague', 'Dinamarca'),
(70, 'FL11', 'Oliver Koch', '(353) 15678-9012', 'OliverKoch@gmail.com', '001.223.445-56', '00.122.344-5', '1997-06-10', 28, 'Dame Street 15', 'D02 T223', 'Temple Bar', 'Dublin', 'Dublin', 'Irlanda'),
(71, 'FL06', 'Sofia Sándor', '(41) 44654-3210', 'SofiaSándor@gmail.com', '112.334.556-67', '11.233.455-6', '1988-10-30', 37, 'Augustinergasse 10', '8001', 'City', 'Zurique', 'Zurique', 'Suíça'),
(72, 'FL18', 'Emilie Pásztor', '(48) 22123-4567', 'EmiliePásztor@gmail.com', '223.445.667-78', '22.344.566-7', '2001-02-15', 24, 'Piwna Street 5', '00-265', 'Stare Miasto', 'Mazóvia', 'Varsóvia', 'Polônia'),
(73, 'FL09', 'Hanna Koller', '(420) 22234-5678', 'HannaKoller@gmail.com', '334.556.778-89', '33.455.677-8', '1995-03-20', 30, 'Železná 10', '11000', 'Staré Město', 'Praga', 'Praga', 'República Tcheca'),
(74, 'FL20', 'Martin Gärtner', '(90) 21234-5678', 'MartinGärtner@gmail.com', '445.667.889-90', '44.566.788-9', '1983-07-15', 42, 'Asmalı Mescit 5', '34430', 'Beyoğlu', 'Istambul', 'Istambul', 'Turquia'),
(75, 'FL02', 'Julia Juhász', '(39) 04198-7654', 'JuliaJuhász@gmail.com', '556.778.990-01', '55.677.899-0', '2000-10-01', 25, 'Campo San Geremia 20', '30121', 'Cannaregio', 'Vêneto', 'Veneza', 'Itália'),
(76, 'FL04', 'William Müller', '(44) 20876-5432', 'WilliamMüller@gmail.com', '667.889.001-12', '66.789.001-1', '1987-03-10', 38, 'Charing Cross Road 5', 'WC2H 0EF', 'Soho', 'Inglaterra', 'Londres', 'Reino Unido'),
(77, 'FL16', 'Clara Lakatos', '(47) 22345-6789', 'ClaraLakatos@gmail.com', '778.990.112-23', '77.899.011-2', '2002-09-25', 23, 'Grønland 1', '0188', 'Grønland', 'Oslo', 'Oslo', 'Noruega'),
(78, 'FL10', 'Sven Toth', '(351) 21123-4567', 'SvenToth@gmail.com', '889.900.112-23', '88.990.011-2', '1977-11-28', 48, 'Rua da Assunção 50', '1100-044', 'Baixa', 'Lisboa', 'Lisboa', 'Portugal'),
(79, 'FL13', 'Liva Somogyi', '(30) 21123-4567', 'LivaSomogyi@gmail.com', '990.011.223-34', '99.001.122-3', '2004-06-05', 21, 'Piazza Agia Irini', '10560', 'Plaka', 'Ática', 'Atenas', 'Grécia'),
(80, 'FL17', 'Emilie Fekete', '(358) 91234-5678', 'EmilieFekete@gmail.com', '001.122.334-45', '00.112.233-4', '1989-04-01', 36, 'Mannerheimintie 1', '00100', 'Kluuvi', 'Uusimaa', 'Helsinque', 'Finlândia'),
(81, 'FL15', 'Henrik Braun', '(46) 81234-5678', 'HenrikBraun@gmail.com', '112.334.556-67', '11.233.455-6', '1996-05-15', 29, 'Stora Nygatan 25', '111 27', 'Gamla Stan', 'Estocolmo', 'Estocolmo', 'Suécia'),
(82, 'FL03', 'Sara Nováková', '(34) 93210-9876', 'SaraNováková@gmail.com', '223.445.667-78', '22.344.566-7', '1990-11-15', 35, 'Carrer de Petritxol 5', '08002', 'El Gòtic', 'Catalunha', 'Barcelona', 'Espanha'),
(83, 'FL08', 'Alberte Jensen', '(43) 12345-6789', 'AlberteJensen@gmail.com', '334.556.778-89', '33.455.677-8', '1980-03-01', 45, 'Freyung 1', '1010', 'Innere Stadt', 'Viena', 'Viena', 'Áustria'),
(84, 'FL12', 'Amelia González', '(44) 13145-6789', 'AmeliaGonzález@gmail.com', '445.667.889-90', '44.566.788-9', '2003-05-15', 22, 'Royal Mile 150', 'EH1 1BW', 'Old Town', 'Escócia', 'Edimburgo', 'Reino Unido'),
(85, 'FL05', 'Filip Smith', '(32) 25678-9012', 'FilipSmith@gmail.com', '556.778.990-01', '55.677.899-0', '1998-09-25', 27, 'Rue des Tongres 20', '1000', 'Centro', 'Bruxelas-Capital', 'Bruxelas', 'Bélgica'),
(86, 'FL19', 'Lukas Mayer', '(36) 12345-6789', 'LukasMayer@gmail.com', '667.889.001-12', '66.789.001-1', '1994-01-10', 31, 'Vörösmarty tér 1', '1051', 'Belváros', 'Pest', 'Budapeste', 'Hungria'),
(87, 'FL01', 'Anna Pires', '(33) 65897-1240', 'AnnaPires@gmail.com', '778.990.112-23', '77.899.011-2', '1986-06-20', 39, 'Rue de Rivoli 200', '75001', 'Le Marais', 'Île-de-France', 'Paris', 'França'),
(88, 'FL07', 'Sven Toth', '(31) 20123-4567', 'SvenToth@gmail.com', '889.001.223-34', '88.900.122-3', '1999-04-05', 26, 'Nieuwezijds Voorburgwal 100', '1012', 'Centrum', 'Holanda do Norte', 'Amsterdã', 'Países Baixos'),
(89, 'FL14', 'Viktor Nagy', '(45) 33456-7890', 'ViktorNagy@gmail.com', '990.112.334-45', '99.011.233-4', '1992-09-28', 33, 'Studiestræde 15', '1455', 'Indre By', 'Região da Capital', 'Copenhague', 'Dinamarca'),
(90, 'FL11', 'Agnes Molnár', '(353) 15678-9012', 'AgnesMolnár@gmail.com', '001.223.445-56', '00.122.344-5', '1997-07-10', 28, 'Wicklow Street 10', 'D02 W888', 'Centro', 'Dublin', 'Dublin', 'Irlanda'),
(91, 'FL06', 'Emil Bauer', '(41) 44654-3210', 'EmilBauer@gmail.com', '112.334.556-67', '11.233.455-6', '1988-11-30', 37, 'Sihlporte 3', '8001', 'City', 'Zurique', 'Zurique', 'Suíça'),
(92, 'FL18', 'Isabelly Kraus', '(48) 22123-4567', 'IsabellyKraus@gmail.com', '223.445.667-78', '22.344.566-7', '2001-03-15', 24, 'Franciszkańska 10', '00-213', 'Stare Miasto', 'Mazóvia', 'Varsóvia', 'Polônia'),
(93, 'FL09', 'Diego Müller', '(420) 22234-5678', 'DiegoMüller@gmail.com', '334.556.778-89', '33.455.677-8', '1995-04-20', 30, 'Staroměstské náměstí 1', '11000', 'Staré Město', 'Praga', 'Praga', 'República Tcheca'),
(94, 'FL20', 'Juliana Wolf', '(90) 21234-5678', 'JulianaWolf@gmail.com', '445.667.889-90', '44.566.788-9', '1983-08-15', 42, 'İstiklal Caddesi 20', '34435', 'Beyoğlu', 'Istambul', 'Istambul', 'Turquia'),
(95, 'FL02', 'Leonardo Rácz', '(39) 04198-7654', 'LeonardoRácz@gmail.com', '556.778.990-01', '55.667.788-9', '2000-11-01', 25, 'Campo San Bartolomeo 15', '30124', 'San Marco', 'Vêneto', 'Veneza', 'Itália'),
(96, 'FL04', 'Mariana Mayer', '(44) 20876-5432', 'MarianaMayer@gmail.com', '667.889.001-12', '66.789.001-1', '1987-04-10', 38, 'Bond Street 5', 'W1S 2AB', 'Mayfair', 'Inglaterra', 'Londres', 'Reino Unido'),
(97, 'FL16', 'João Victor Håkon', '(47) 22345-6789', 'JoãoVictorHåkon@gmail.com', '778.990.112-23', '77.899.011-2', '2002-10-25', 23, 'Prinsens gate 10', '0154', 'Sentrum', 'Oslo', 'Oslo', 'Noruega'),
(98, 'FL10', 'Alexandre Lærke', '(351) 21123-4567', 'AlexandreLærke@gmail.com', '889.900.112-23', '88.990.011-2', '1977-12-28', 48, 'Rua do Ouro 10', '1100-061', 'Baixa', 'Lisboa', 'Lisboa', 'Portugal'),
(99, 'FL13', 'Larissa Rácz', '(30) 21123-4567', 'LarissaRácz@gmail.com', '990.011.223-34', '99.001.122-3', '2004-07-05', 21, 'Lissiou Street 15', '10556', 'Plaka', 'Ática', 'Atenas', 'Grécia'),
(100, 'FL17', 'Gabriel Jensen', '(358) 91234-5678', 'GabrielJensen@gmail.com', '001.122.334-45', '00.112.233-4', '1989-05-01', 36, 'Aleksanterinkatu 10', '00100', 'Keskusta', 'Uusimaa', 'Helsinque', 'Finlândia'),
(101, 'FL01', 'Liv Murphy', '(33) 94835-3957', 'LivMurphy@gmail.com', '789.548.765-87', '99.625.118-6', '1992-06-30', 33, 'Rue de l’Odéon 5', '75006', 'Saint-Germain', 'Île-de-France', 'Paris', 'França'),
(102, 'FL13', 'Joao Hahn', '(30) 82374-3670', 'JoaoHahn@gmail.com', '266.251.574-61', '20.762.789-9', '2003-11-18', 22, 'Aiolou Street 25', '10563', 'Monastiraki', 'Ática', 'Atenas', 'Grécia'),
(103, 'FL02', 'Elena Fischer', '(39) 96382-1978', 'ElenaFischer@gmail.com', '377.419.302-12', '74.325.494-9', '1997-12-02', 28, 'Calle del Correr 50', '30124', 'San Marco', 'Vêneto', 'Veneza', 'Itália'),
(104, 'FL06', 'Hedvig Papp', '(41) 03784-1546', 'HedvigPapp@gmail.com', '339.291.687-72', '88.210.255-2', '1981-10-23', 44, 'Münstergasse 3', '8001', 'City', 'Zurique', 'Zurique', 'Suíça'),
(105, 'FL03', 'Malthe Braun', '(34) 72931-4316', 'MaltheBraun@gmail.com', '122.696.888-89', '74.727.839-5', '1992-09-25', 33, 'Plaça Reial 2', '08002', 'El Gòtic', 'Catalunha', 'Barcelona', 'Espanha'),
(106, 'FL13', 'Anton Kovács', '(30) 63801-1906', 'AntonKovács@gmail.com', '365.814.844-75', '72.986.279-9', '2002-08-17', 23, 'Fokionos Street 1', '10559', 'Monastiraki', 'Ática', 'Atenas', 'Grécia'),
(107, 'FL12', 'Tereza Szabo', '(44) 80572-2604', 'TerezaSzabo@gmail.com', '720.234.219-12', '12.823.146-6', '1969-03-29', 56, 'Canongate 120', 'EH8 8BP', 'Old Town', 'Escócia', 'Edimburgo', 'Reino Unido'),
(108, 'FL09', 'Silke Rodriguez', '(420) 81705-3246', 'SilkeRodriguez@gmail.com', '359.748.957-99', '15.914.954-6', '1979-06-26', 46, 'Karlova Street 5', '11000', 'Staré Město', 'Praga', 'Praga', 'República Tcheca'),
(109, 'FL03', 'Luna Farkas', '(34) 03271-9324', 'LunaFarkas@gmail.com', '643.645.562-75', '34.788.345-4', '2004-07-28', 21, 'Carrer de Ferran 10', '08002', 'El Gòtic', 'Catalunha', 'Barcelona', 'Espanha'),
(110, 'FL13', 'Anders Schmidt', '(30) 03615-2968', 'AndersSchmidt@gmail.com', '285.156.504-12', '24.253.571-2', '1990-09-13', 35, 'Mitropoleos Street 1', '10557', 'Plaka', 'Ática', 'Atenas', 'Grécia'),
(111, 'FL08', 'Aurora Bogdán', '(43) 61958-6540', 'AuroraBogdán@gmail.com', '798.462.151-58', '68.346.158-6', '1997-02-15', 28, 'Wipplingerstrasse 25', '1010', 'Innere Stadt', 'Viena', 'Viena', 'Áustria'),
(112, 'FL16', 'Mathias Nováková', '(47) 81243-3870', 'MathiasNováková@gmail.com', '522.488.929-77', '50.528.886-8', '1974-05-20', 51, 'Drammensveien 40', '0271', 'Frogner', 'Oslo', 'Oslo', 'Noruega'),
(113, 'FL01', 'Helena Papp', '(33) 94315-9476', 'HelenaPapp@gmail.com', '878.932.838-68', '83.600.857-7', '1979-06-25', 46, 'Rue du Faubourg Saint-Antoine 50', '75011', 'Bastille', 'Île-de-France', 'Paris', 'França'),
(114, 'FL06', 'Sara Hoffmann', '(41) 46891-7039', 'SaraHoffmann@gmail.com', '500.471.398-96', '44.677.304-8', '1985-02-11', 40, 'Seefeldstrasse 10', '8008', 'Seefeld', 'Zurique', 'Zurique', 'Suíça'),
(115, 'FL15', 'Oskar Papadopoulos', '(46) 43986-3420', 'OskarPapadopoulos@gmail.com', '471.722.224-41', '44.840.162-5', '1991-01-28', 34, 'Lilla Nygatan 5', '111 27', 'Gamla Stan', 'Estocolmo', 'Estocolmo', 'Suécia'),
(116, 'FL04', 'Hermann Wallner', '(44) 74182-6039', 'HermannWallner@gmail.com', '160.177.193-56', '12.713.677-4', '2005-06-14', 20, 'Portobello Road 10', 'W11 1LJ', 'Notting Hill', 'Inglaterra', 'Londres', 'Reino Unido'),
(117, 'CF01', 'William Juhasz', '(49) 63487-8403', 'WilliamJuhasz@gmail.com', '294.504.400-23', '98.991.645-4', '2006-11-05', 19, 'Friedrichstrasse 10', '10969', 'Kreuzberg', 'Berlim', 'Berlim', 'Alemanha'),
(118, 'FL05', 'Sander Varga', '(32) 24813-4795', 'SanderVarga@gmail.com', '582.317.564-42', '19.404.530-6', '1967-10-02', 58, 'Rue du Fossé aux Loups 10', '1000', 'Centro', 'Bruxelas-Capital', 'Bruxelas', 'Bélgica'),
(119, 'FL17', 'Adam Fekete', '(358) 16023-9086', 'AdamFekete@gmail.com', '200.434.786-49', '57.723.532-4', '2000-03-19', 25, 'Mikonkatu 15', '00100', 'Kluuvi', 'Uusimaa', 'Helsinque', 'Finlândia'),
(120, 'FL03', 'Erik Wallner', '(34) 13582-7382', 'ErikWallner@gmail.com', '419.763.641-80', '38.529.929-2', '1991-12-10', 34, 'Carrer del Pi 15', '08002', 'El Gòtic', 'Catalunha', 'Barcelona', 'Espanha'),
(121, 'FL07', 'Elias Molnár', '(31) 95103-5908', 'EliasMolnár@gmail.com', '280.128.280-29', '66.570.596-4', '2004-03-05', 21, 'Prinsengracht 500', '1016', 'Grachtengordel', 'Holanda do Norte', 'Amsterdã', 'Países Baixos'),
(122, 'FL07', 'Ella Rossi', '(31) 90421-6359', 'EllaRossi@gmail.com', '587.568.830-48', '49.814.892-2', '1978-11-21', 47, 'Singel 250', '1016', 'Centrum', 'Holanda do Norte', 'Amsterdã', 'Países Baixos'),
(123, 'FL02', 'Kristian Kuhn', '(39) 38521-7186', 'KristianKuhn@gmail.com', '425.802.791-19', '12.504.607-6', '1980-02-17', 45, 'Campo dei Fiori 1', '30122', 'San Polo', 'Vêneto', 'Veneza', 'Itália'),
(124, 'FL12', 'Agnes Ebner', '(44) 47031-9540', 'AgnesEbner@gmail.com', '907.514.417-19', '15.110.488-1', '1992-03-10', 33, 'Royal Mile 200', 'EH1 1BQ', 'Old Town', 'Escócia', 'Edimburgo', 'Reino Unido'),
(125, 'FL17', 'Ida Olsen', '(358) 75948-1205', 'IdaOlsen@gmail.com', '919.866.302-72', '59.427.147-3', '1967-11-10', 58, 'Mannerheimintie 12', '00100', 'Kluuvi', 'Uusimaa', 'Helsinque', 'Finlândia'),
(126, 'FL14', 'Live Wagner', '(45) 02835-0879', 'LiveWagner@gmail.com', '145.405.886-95', '14.350.277-6', '1970-03-25', 55, 'Jernbanegade 5', '1608', 'Vesterbro', 'Região da Capital', 'Copenhague', 'Dinamarca'),
(127, 'FL08', 'Hans Hofer', '(43) 03962-9518', 'HansHofer@gmail.com', '533.908.996-54', '29.655.188-7', '1963-06-08', 62, 'Landstrasser Hauptstrasse 50', '1030', 'Landstrasse', 'Viena', 'Viena', 'Áustria'),
(128, 'FL06', 'Alma Meyer', '(41) 26537-1402', 'AlmaMeyer@gmail.com', '104.215.314-76', '55.419.773-7', '1992-03-04', 33, 'Bahnhofstrasse 20', '8001', 'City', 'Zurique', 'Zurique', 'Suíça'),
(129, 'FL12', 'Kasper Lengyel', '(44) 17382-5173', 'KasperLengyel@gmail.com', '148.728.175-25', '95.678.742-5', '1980-06-01', 45, 'Lothian Road 50', 'EH3 9AG', 'Tollcross', 'Escócia', 'Edimburgo', 'Reino Unido'),
(130, 'FL11', 'Olivia Bauer', '(353) 47689-1268', 'OliviaBauer@gmail.com', '151.356.386-77', '46.437.421-4', '1981-09-06', 44, 'Grafton Street 100', 'D02 E5B9', 'South City Centre', 'Dublin', 'Dublin', 'Irlanda'),
(131, 'FL08', 'Kasper Gärtner', '(43) 90254-6725', 'KasperGärtner@gmail.com', '681.206.878-86', '82.630.359-2', '1977-06-13', 48, 'Hoher Markt 1', '1010', 'Innere Stadt', 'Viena', 'Viena', 'Áustria'),
(132, 'FL11', 'Alma Horváth', '(353) 21509-9486', 'AlmaHorváth@gmail.com', '645.149.261-58', '87.329.370-7', '2002-01-19', 23, 'Grafton Street 150', 'D02 F6D8', 'South City Centre', 'Dublin', 'Dublin', 'Irlanda'),
(133, 'FL14', 'Oliver Papadopoulos', '(45) 15683-9301', 'OliverPapadopoulos@gmail.com', '790.127.971-29', '77.495.415-8', '1994-01-31', 31, 'Nørregade 10', '1165', 'Indre By', 'Região da Capital', 'Copenhague', 'Dinamarca'),
(134, 'FL13', 'Johan Rácz', '(30) 13259-4209', 'JohanRácz@gmail.com', '419.256.478-71', '43.483.619-8', '1969-11-22', 56, 'Plaka Street 10', '10556', 'Plaka', 'Ática', 'Atenas', 'Grécia'),
(135, 'FL18', 'Lærke Ebner', '(48) 39185-3205', 'LærkeEbner@gmail.com', '303.926.128-22', '74.863.993-5', '1981-10-18', 44, 'Rynek Nowego Miasta 1', '00-222', 'Stare Miasto', 'Mazóvia', 'Varsóvia', 'Polônia'),
(136, 'FL01', 'Sondre Silva', '(33) 60471-6750', 'SondreSilva@gmail.com', '459.478.172-48', '56.847.544-3', '2002-10-11', 23, 'Rue de Lappe 15', '75011', 'Bastille', 'Île-de-France', 'Paris', 'França'),
(137, 'FL15', 'Yrsa Veres', '(46) 19578-7986', 'YrsaVeres@gmail.com', '820.809.104-34', '87.698.626-4', '1962-03-30', 63, 'Stora Nygatan 5', '111 27', 'Gamla Stan', 'Estocolmo', 'Estocolmo', 'Suécia'),
(138, 'FL04', 'Jonas Zimmermann', '(44) 27598-6908', 'JonasZimmermann@gmail.com', '825.668.388-48', '48.422.958-7', '1976-05-23', 49, 'Piccadilly Circus', 'W1J 9HP', 'West End', 'Inglaterra', 'Londres', 'Reino Unido'),
(139, 'FL06', 'Sofie Fischer', '(41) 16589-4382', 'SofieFischer@gmail.com', '833.189.700-11', '55.400.988-4', '2005-05-21', 20, 'Bahnhofstrasse 30', '8001', 'City', 'Zurique', 'Zurique', 'Suíça'),
(140, 'FL08', 'Liv Silva', '(43) 25617-7492', 'LivSilva@gmail.com', '502.391.381-46', '52.399.341-1', '1977-10-09', 48, 'Rotenturmstrasse 1', '1010', 'Innere Stadt', 'Viena', 'Viena', 'Áustria'),
(141, 'FL01', 'Aurora Koch', '(33) 76391-5978', 'AuroraKoch@gmail.com', '805.242.454-41', '49.195.144-5', '1985-06-19', 40, 'Rue de la Roquette 10', '75011', 'Bastille', 'Île-de-France', 'Paris', 'França'),
(142, 'FL05', 'Liv Weber', '(32) 61738-7156', 'LivWeber@gmail.com', '137.456.417-56', '90.639.158-3', '1974-03-10', 51, 'Rue des Tongres 1', '1000', 'Centro', 'Bruxelas-Capital', 'Bruxelas', 'Bélgica'),
(143, 'FL20', 'Sebastian Farkas', '(90) 86907-1260', 'SebastianFarkas@gmail.com', '811.570.131-66', '73.988.868-6', '1986-04-23', 39, 'Sıraselviler Caddesi 20', '34433', 'Beyoğlu', 'Istambul', 'Istambul', 'Turquia'),
(144, 'FL19', 'Leah Braun', '(36) 12367-3709', 'LeahBraun@gmail.com', '687.349.345-13', '89.537.199-9', '1976-01-28', 49, 'Andrássy út 55', '1062', 'Terézváros', 'Pest', 'Budapeste', 'Hungria'),
(145, 'FL11', 'Filip Balázs', '(353) 91634-6079', 'FilipBalázs@gmail.com', '985.523.652-66', '88.599.448-1', '2004-06-10', 21, 'Dame Street 50', 'D02 T224', 'Temple Bar', 'Dublin', 'Dublin', 'Irlanda'),
(146, 'FL19', 'Fiona Bognár', '(36) 19423-0857', 'FionaBognár@gmail.com', '486.184.245-94', '19.184.839-6', '2003-11-30', 22, 'Váci utca 20', '1052', 'Belváros', 'Pest', 'Budapeste', 'Hungria'),
(147, 'FL14', 'Vera Jensen', '(45) 69543-5164', 'VeraJensen@gmail.com', '891.539.966-50', '15.255.647-3', '1982-03-12', 43, 'Strøget 20', '1160', 'Indre By', 'Região da Capital', 'Copenhague', 'Dinamarca'),
(148, 'FL14', 'Felix Hahn', '(45) 87052-6850', 'FelixHahn@gmail.com', '729.626.726-60', '81.936.565-9', '1970-08-19', 55, 'Købmagergade 5', '1150', 'Indre By', 'Região da Capital', 'Copenhague', 'Dinamarca'),
(149, 'FL02', 'Vilde Nowak', '(39) 19365-4150', 'VildeNowak@gmail.com', '800.739.579-92', '42.455.748-9', '1995-09-30', 30, 'San Marco 50', '30124', 'San Marco', 'Vêneto', 'Veneza', 'Itália'),
(150, 'FL09', 'Victor Kovács', '(420) 47283-3724', 'VictorKovács@gmail.com', '532.571.639-82', '80.151.286-1', '1967-07-16', 58, 'Opletalova 25', '11000', 'Staré Město', 'Praga', 'Praga', 'República Tcheca'),
(151, 'CF01', 'Linnea Sándor', '(49) 91832-4571', 'LinneaSándor@gmail.com', '353.594.675-86', '30.826.382-3', '2005-06-03', 20, 'Kurfürstendamm 10', '10719', 'Charlottenburg', 'Berlim', 'Berlim', 'Alemanha'),
(152, 'FL04', 'Mathias Kiss', '(44) 80954-3659', 'MathiasKiss@gmail.com', '249.280.642-53', '64.909.390-7', '1990-12-15', 35, 'Tottenham Court Road 50', 'W1T 7RD', 'West End', 'Inglaterra', 'Londres', 'Reino Unido'),
(153, 'FL05', 'Magnus Lange', '(32) 67031-1786', 'MagnusLange@gmail.com', '249.293.164-79', '91.568.126-7', '1982-05-10', 43, 'Rue des Fripiers 2', '1000', 'Centro', 'Bruxelas-Capital', 'Bruxelas', 'Bélgica'),
(154, 'FL07', 'Amelia Arnold', '(31) 24071-3485', 'AmeliaArnold@gmail.com', '933.432.976-89', '72.619.621-8', '2005-08-09', 20, 'Kalverstraat 100', '1012', 'Centrum', 'Holanda do Norte', 'Amsterdã', 'Países Baixos'),
(155, 'FL10', 'Ole Braun', '(351) 74816-3618', 'OleBraun@gmail.com', '159.528.512-26', '17.658.420-2', '1976-02-15', 49, 'Rua da Madalena 50', '1100-318', 'Alfama', 'Lisboa', 'Lisboa', 'Portugal'),
(156, 'FL02', 'Aurora Balogh', '(39) 60281-1698', 'AuroraBalogh@gmail.com', '426.145.243-34', '72.229.266-9', '1960-09-07', 65, 'Campo de Santa Margherita 5', '30123', 'Dorsoduro', 'Vêneto', 'Veneza', 'Itália'),
(157, 'FL06', 'Caoimhe Wagner', '(41) 52869-8790', 'CaoimheWagner@gmail.com', '873.207.714-24', '60.120.118-7', '1978-06-01', 47, 'Marktgasse 25', '8001', 'City', 'Zurique', 'Zurique', 'Suíça'),
(158, 'FL07', 'Ole Toth', '(31) 54213-7821', 'OleToth@gmail.com', '346.874.666-93', '78.736.593-8', '1989-01-02', 36, 'Leidseplein 5', '1017', 'Centrum', 'Holanda do Norte', 'Amsterdã', 'Países Baixos'),
(159, 'FL10', 'Anton Juhász', '(351) 02897-9641', 'AntonJuhász@gmail.com', '461.427.602-56', '28.807.480-3', '2006-12-15', 19, 'Rua da Bica de Duarte Belo 10', '1200-204', 'Chiado', 'Lisboa', 'Lisboa', 'Portugal'),
(160, 'FL05', 'Sondre König', '(32) 01354-4653', 'SondreKönig@gmail.com', '220.426.557-81', '19.547.417-6', '1983-08-30', 42, 'Rue du Fossé aux Loups 5', '1000', 'Centro', 'Bruxelas-Capital', 'Bruxelas', 'Bélgica'),
(161, 'FL19', 'Vigga Fekete', '(36) 65798-4012', 'ViggaFekete@gmail.com', '276.213.990-41', '17.819.649-3', '1982-03-22', 43, 'Gozsdu Udvar 1', '1075', 'Erzsébetváros', 'Pest', 'Budapeste', 'Hungria'),
(162, 'FL01', 'Hedvig Winkler', '(33) 85406-1235', 'HedvigWinkler@gmail.com', '115.912.747-40', '41.683.828-1', '1966-06-06', 59, 'Place Vendôme 1', '75001', 'Le Marais', 'Île-de-France', 'Paris', 'França'),
(163, 'FL10', 'Alba Török', '(351) 19076-6549', 'AlbaTörök@gmail.com', '616.965.790-62', '37.174.382-4', '1967-07-11', 58, 'Rua da Misericórdia 5', '1200-273', 'Chiado', 'Lisboa', 'Lisboa', 'Portugal'),
(164, 'FL16', 'Hedvig Smith', '(47) 34260-2509', 'HedvigSmith@gmail.com', '600.702.372-54', '17.445.888-2', '1997-09-09', 28, 'Møllergata 10', '0179', 'Sentrum', 'Oslo', 'Oslo', 'Noruega'),
(165, 'FL12', 'Ingrid Vincze', '(44) 90372-4927', 'IngridVincze@gmail.com', '539.612.419-79', '84.402.962-6', '1968-10-14', 57, 'High Street 5', 'EH1 1SP', 'Old Town', 'Escócia', 'Edimburgo', 'Reino Unido'),
(166, 'FL19', 'Clara Sipos', '(36) 52376-2591', 'ClaraSipos@gmail.com', '171.392.557-97', '65.472.389-2', '1998-01-20', 27, 'Nagymező utca 30', '1065', 'Terézváros', 'Pest', 'Budapeste', 'Hungria'),
(167, 'FL06', 'Ludvig Holzer', '(41) 67342-0539', 'LudvigHolzer@gmail.com', '817.548.576-32', '95.117.549-7', '1975-09-01', 50, 'Rämistrasse 5', '8001', 'City', 'Zurique', 'Zurique', 'Suíça'),
(168, 'FL05', 'Erik Dudás', '(32) 10783-2401', 'ErikDudás@gmail.com', '345.225.519-41', '23.396.806-6', '1968-04-29', 57, 'Rue du Marché aux Herbes 5', '1000', 'Centro', 'Bruxelas-Capital', 'Bruxelas', 'Bélgica'),
(169, 'FL07', 'Karla Gärtner', '(31) 17893-4830', 'KarlaGärtner@gmail.com', '463.529.299-95', '99.411.689-5', '1991-09-25', 34, 'Singel 450', '1017', 'Grachtengordel', 'Holanda do Norte', 'Amsterdã', 'Países Baixos'),
(170, 'FL07', 'Anja Bogdán', '(31) 87069-4650', 'AnjaBogdán@gmail.com', '559.425.876-18', '67.677.327-4', '1963-12-02', 62, 'Keizersgracht 150', '1015', 'Centrum', 'Holanda do Norte', 'Amsterdã', 'Países Baixos'),
(171, 'FL12', 'Filip Neumann', '(44) 61895-1367', 'FilipNeumann@gmail.com', '258.546.914-24', '78.666.470-7', '1991-12-17', 34, 'Princes Street 5', 'EH2 2EQ', 'New Town', 'Escócia', 'Edimburgo', 'Reino Unido'),
(172, 'FL12', 'Kasper Kocsis', '(44) 01236-5492', 'KasperKocsis@gmail.com', '793.206.542-22', '29.676.591-1', '1981-01-25', 44, 'Lothian Road 1', 'EH1 2EX', 'Old Town', 'Escócia', 'Edimburgo', 'Reino Unido'),
(173, 'FL10', 'Sofie Gärtner', '(351) 64071-6437', 'SofieGärtner@gmail.com', '970.622.895-49', '39.781.795-3', '1992-04-26', 33, 'Rua Nova do Almada 10', '1200-289', 'Chiado', 'Lisboa', 'Lisboa', 'Portugal'),
(174, 'FL15', 'Hanna Bauer', '(46) 63541-6208', 'HannaBauer@gmail.com', '321.794.629-95', '71.332.877-5', '1987-08-26', 38, 'Tyska Brunnsplan 10', '111 29', 'Gamla Stan', 'Estocolmo', 'Estocolmo', 'Suécia'),
(175, 'FL18', 'Sebastian Hahn', '(48) 43526-5238', 'SebastianHahn@gmail.com', '401.282.378-22', '60.397.245-7', '1980-06-27', 45, 'Krakowskie Przedmieście 15', '00-071', 'Śródmieście', 'Mazóvia', 'Varsóvia', 'Polônia'),
(176, 'FL11', 'Markus Moser', '(353) 86507-9386', 'MarkusMoser@gmail.com', '555.314.916-23', '56.951.751-4', '1993-04-02', 32, 'O\'Connell Street 5', 'D01 T3D9', 'North City Centre', 'Dublin', 'Dublin', 'Irlanda'),
(177, 'FL18', 'Sara Smith', '(48) 57368-2653', 'SaraSmith@gmail.com', '731.658.470-52', '42.572.241-6', '1981-10-26', 44, 'Ulica Senatorska 15', '00-075', 'Stare Miasto', 'Mazóvia', 'Varsóvia', 'Polônia'),
(178, 'FL16', 'Jakob Reiter', '(47) 37198-2176', 'JakobReiter@gmail.com', '864.377.576-63', '18.364.151-6', '1977-11-22', 48, 'Frognerveien 1', '0263', 'Frogner', 'Oslo', 'Oslo', 'Noruega'),
(179, 'FL04', 'David Varga', '(44) 06497-0538', 'DavidVarga@gmail.com', '468.552.614-15', '39.251.480-7', '1999-05-27', 26, 'Piccadilly Circus 1', 'W1J 9HP', 'West End', 'Inglaterra', 'Londres', 'Reino Unido'),
(180, 'FL18', 'Gabriel Arnold', '(48) 03246-7648', 'GabrielArnold@gmail.com', '401.260.420-92', '62.441.323-6', '1969-06-21', 56, 'Rynek Nowego Miasta 10', '00-222', 'Stare Miasto', 'Mazóvia', 'Varsóvia', 'Polônia'),
(181, 'FL13', 'Silke Kiss', '(30) 46701-3529', 'SilkeKiss@gmail.com', '685.783.147-22', '21.863.885-1', '1999-02-12', 26, 'Plaka Street 100', '10556', 'Plaka', 'Ática', 'Atenas', 'Grécia'),
(182, 'FL15', 'Eira Rácz', '(46) 57824-4782', 'EiraRácz@gmail.com', '463.272.348-22', '10.660.282-8', '2005-02-07', 20, 'Västerlånggatan 10', '111 29', 'Gamla Stan', 'Estocolmo', 'Estocolmo', 'Suécia'),
(183, 'FL09', 'Ludvig Balázs', '(420) 63851-8632', 'LudvigBalázs@gmail.com', '477.342.783-10', '38.470.783-8', '1970-11-04', 55, 'Nerudova 25', '11800', 'Malá Strana', 'Praga', 'Praga', 'República Tcheca'),
(184, 'FL12', 'Vilhelm Sipos', '(44) 72085-5612', 'VilhelmSipos@gmail.com', '482.785.327-35', '57.518.728-1', '1998-01-08', 27, 'Royal Mile 250', 'EH1 1BW', 'Old Town', 'Escócia', 'Edimburgo', 'Reino Unido'),
(185, 'FL03', 'Emil Gál', '(34) 47053-4231', 'EmilGál@gmail.com', '586.255.322-76', '83.952.359-9', '1996-12-25', 29, 'Carrer de la Ciutat 10', '08002', 'El Gòtic', 'Catalunha', 'Barcelona', 'Espanha'),
(186, 'FL01', 'Lærke Müller', '(33) 41036-1024', 'LærkeMüller@gmail.com', '976.580.299-13', '19.166.505-1', '1983-03-17', 42, 'Rue du Faubourg Saint-Denis 1', '75010', 'Faubourg Saint-Denis', 'Île-de-France', 'Paris', 'França'),
(187, 'FL19', 'Nora Varga', '(36) 61289-5243', 'NoraVarga@gmail.com', '157.906.298-64', '83.783.230-1', '1974-08-29', 51, 'Váci utca 10', '1052', 'Belváros', 'Pest', 'Budapeste', 'Hungria'),
(188, 'FL15', 'Giovanni Schröder', '(46) 45187-9640', 'GiovanniSchröder@gmail.com', '565.481.333-15', '59.161.127-3', '1997-06-05', 28, 'Tyska Brunnsplan 5', '111 29', 'Gamla Stan', 'Estocolmo', 'Estocolmo', 'Suécia'),
(189, 'FL02', 'Oscar Horvath', '(39) 30189-6270', 'OscarHorvath@gmail.com', '897.585.246-62', '89.746.795-6', '1997-11-17', 28, 'Campo Santa Maria Formosa 5', '30122', 'Castello', 'Vêneto', 'Veneza', 'Itália'),
(190, 'FL11', 'Sol Pásztor', '(353) 16532-5438', 'SolPásztor@gmail.com', '919.337.729-61', '43.923.449-7', '1984-10-16', 41, 'Wicklow Street 20', 'D02 P877', 'South City Centre', 'Dublin', 'Dublin', 'Irlanda'),
(191, 'FL19', 'Vilde Grosz', '(36) 39018-1076', 'VildeGrosz@gmail.com', '515.458.340-65', '15.953.808-6', '1961-04-17', 64, 'Andrássy út 5', '1061', 'Terézváros', 'Pest', 'Budapeste', 'Hungria'),
(192, 'CF01', 'Ida Leitner', '(49) 19608-8240', 'IdaLeitner@gmail.com', '399.452.586-59', '69.304.642-6', '1982-11-01', 43, 'Oranienburger Straße 10', '10117', 'Mitte', 'Berlim', 'Berlim', 'Alemanha'),
(193, 'FL08', 'William Winkler', '(43) 10496-9526', 'WilliamWinkler@gmail.com', '942.130.758-95', '44.632.175-6', '1997-06-27', 28, 'Krugerstrasse 10', '1010', 'Innere Stadt', 'Viena', 'Viena', 'Áustria'),
(194, 'FL17', 'Alma Kuhn', '(358) 98135-9376', 'AlmaKuhn@gmail.com', '625.934.910-21', '84.220.538-1', '2002-06-29', 23, 'Aleksanterinkatu 5', '00100', 'Keskusta', 'Uusimaa', 'Helsinque', 'Finlândia'),
(195, 'FL10', 'Håkon Bauer', '(351) 03216-9536', 'HåkonBauer@gmail.com', '705.699.729-55', '42.321.269-6', '1970-02-24', 55, 'Rua de Santa Catarina 15', '4000-447', 'Baixa', 'Lisboa', 'Lisboa', 'Portugal'),
(196, 'FL16', 'Sofia Weber', '(47) 82137-3480', 'SofiaWeber@gmail.com', '674.405.552-85', '14.727.473-5', '2005-04-10', 20, 'Majorstuveien 1', '0367', 'Frogner', 'Oslo', 'Oslo', 'Noruega'),
(197, 'FL03', 'Frida Olsen', '(34) 31028-2804', 'FridaOlsen@gmail.com', '112.817.261-95', '86.107.583-8', '1965-06-04', 60, 'Carrer del Palau de la Música 5', '08003', 'Eixample', 'Catalunha', 'Barcelona', 'Espanha'),
(198, 'FL15', 'Thea Veres', '(46) 48920-5467', 'TheaVeres@gmail.com', '412.787.437-93', '88.850.569-2', '1986-04-22', 39, 'Tyska Brunnsplan 1', '111 29', 'Gamla Stan', 'Estocolmo', 'Estocolmo', 'Suécia'),
(199, 'FL02', 'Noah Weber', '(39) 42510-4023', 'NoahWeber@gmail.com', '282.622.407-86', '72.881.534-9', '1974-05-28', 51, 'Campo San Geremia 10', '30121', 'Cannaregio', 'Vêneto', 'Veneza', 'Itália'),
(200, 'FL17', 'Maja Kocsis', '(358) 10548-7352', 'MajaKocsis@gmail.com', '244.454.886-14', '73.411.681-7', '1973-07-04', 52, 'Mannerheimintie 2', '00100', 'Kluuvi', 'Uusimaa', 'Helsinque', 'Finlândia'),
(201, 'FL03', 'Amelia Szabo', '(34) 78439-2513', 'AmeliaSzabo@gmail.com', '360.836.989-16', '70.993.854-4', '2003-07-29', 22, 'Carrer de la Palla 10', '08002', 'El Gòtic', 'Catalunha', 'Barcelona', 'Espanha'),
(202, 'FL17', 'Live Peters', '(358) 64590-9847', 'LivePeters@gmail.com', '954.715.267-62', '13.825.125-5', '1977-08-24', 48, 'Pohjoisesplanadi 1', '00130', 'Keskusta', 'Uusimaa', 'Helsinque', 'Finlândia'),
(203, 'FL12', 'William Veres', '(44) 57820-1706', 'WilliamVeres@gmail.com', '714.500.468-88', '68.241.679-1', '1999-08-15', 26, 'North Bridge 1', 'EH1 1SP', 'Old Town', 'Escócia', 'Edimburgo', 'Reino Unido'),
(204, 'FL11', 'Stefan Szabó', '(353) 80527-0237', 'StefanSzabó@gmail.com', '206.725.411-82', '80.293.805-4', '1964-09-11', 61, 'O\'Connell Street 1', 'D01 C3A4', 'North City Centre', 'Dublin', 'Dublin', 'Irlanda'),
(205, 'FL11', 'Hans Nováková', '(353) 68324-8710', 'HansNováková@gmail.com', '593.527.567-84', '94.904.970-1', '1985-04-21', 40, 'Henry Street 1', 'D01 T7Y9', 'North City Centre', 'Dublin', 'Dublin', 'Irlanda'),
(206, 'FL13', 'Hannah Kovács', '(30) 10752-6083', 'HannahKovács@gmail.com', '854.273.582-91', '59.941.305-6', '2001-05-23', 24, 'Kydathinaion Street 5', '10558', 'Plaka', 'Ática', 'Atenas', 'Grécia'),
(207, 'FL08', 'Benjamin Karlsson', '(43) 35498-5968', 'BenjaminKarlsson@gmail.com', '497.308.241-99', '89.282.321-9', '1978-05-08', 47, 'Taborstrasse 10', '1020', 'Leopoldstadt', 'Viena', 'Viena', 'Áustria'),
(208, 'FL06', 'Jakob Nagy', '(41) 03452-3486', 'JakobNagy@gmail.com', '388.952.925-57', '27.593.476-5', '2006-08-25', 19, 'Sihlporte 1', '8001', 'City', 'Zurique', 'Zurique', 'Suíça'),
(209, 'FL11', 'Ole Kelemen', '(353) 02491-9281', 'OleKelemen@gmail.com', '730.558.637-18', '45.806.255-1', '1970-11-29', 55, 'Grafton Street 1', 'D02 E5B8', 'South City Centre', 'Dublin', 'Dublin', 'Irlanda'),
(210, 'FL10', 'Erik Pichler', '(351) 67089-5817', 'ErikPichler@gmail.com', '833.488.478-36', '58.754.765-4', '1997-11-12', 28, 'Rua da Madalena 10', '1100-318', 'Alfama', 'Lisboa', 'Lisboa', 'Portugal'),
(211, 'FL10', 'Thea Rodriguez', '(351) 01289-9062', 'TheaRodriguez@gmail.com', '427.443.547-31', '76.928.264-4', '1981-12-06', 44, 'Rua da Assunção 100', '1100-044', 'Baixa', 'Lisboa', 'Lisboa', 'Portugal'),
(212, 'FL04', 'Andreas Horvath', '(44) 81350-5728', 'AndreasHorvath@gmail.com', '138.242.598-22', '56.111.928-6', '1991-05-30', 34, 'Trafalgar Square 5', 'WC2N 5DS', 'Westminster', 'Inglaterra', 'Londres', 'Reino Unido'),
(213, 'FL08', 'Tuva Gärtner', '(43) 98651-4132', 'TuvaGärtner@gmail.com', '500.394.202-26', '83.849.813-1', '2005-03-30', 20, 'Wipplingerstrasse 10', '1010', 'Innere Stadt', 'Viena', 'Viena', 'Áustria'),
(214, 'FL03', 'Ella Aigner', '(34) 31098-9462', 'EllaAigner@gmail.com', '672.366.374-70', '40.850.236-8', '1977-11-10', 48, 'Carrer de Sant Antoni 1', '08001', 'Raval', 'Catalunha', 'Barcelona', 'Espanha'),
(215, 'FL05', 'Helena Nováková', '(32) 70691-5312', 'HelenaNováková@gmail.com', '874.160.862-38', '60.534.196-3', '1970-08-18', 55, 'Rue du Fossé aux Loups 1', '1000', 'Centro', 'Bruxelas-Capital', 'Bruxelas', 'Bélgica'),
(216, 'FL17', 'Caroline Bognár', '(358) 03895-3952', 'CarolineBognár@gmail.com', '377.492.505-34', '44.250.606-4', '1980-06-07', 45, 'Mannerheimintie 10', '00100', 'Kluuvi', 'Uusimaa', 'Helsinque', 'Finlândia'),
(217, 'FL03', 'Oliver Moser', '(34) 38062-8312', 'OliverMoser@gmail.com', '849.673.327-87', '95.138.599-9', '1970-04-18', 55, 'Passeig de Gràcia 100', '08008', 'Eixample', 'Catalunha', 'Barcelona', 'Espanha'),
(218, 'FL08', 'Peter Frank', '(43) 63947-0851', 'PeterFrank@gmail.com', '716.321.918-44', '67.299.737-4', '1963-05-05', 62, 'Rotenturmstrasse 20', '1010', 'Innere Stadt', 'Viena', 'Viena', 'Áustria'),
(219, 'CF01', 'Fiona Kiss', '(49) 92574-2845', 'FionaKiss@gmail.com', '357.837.938-51', '83.632.856-3', '1971-07-23', 54, 'Friedrichstrasse 20', '10969', 'Kreuzberg', 'Berlim', 'Berlim', 'Alemanha'),
(220, 'FL04', 'Eva Papp', '(44) 21630-2890', 'EvaPapp@gmail.com', '547.725.365-52', '29.877.672-7', '1998-03-11', 27, 'The Strand 10', 'WC2N 5DS', 'Westminster', 'Inglaterra', 'Londres', 'Reino Unido'),
(221, 'FL09', 'Olivia Veres', '(420) 06538-5031', 'OliviaVeres@gmail.com', '345.132.631-42', '60.448.196-8', '2004-11-06', 21, 'Karlova Street 15', '11000', 'Staré Město', 'Praga', 'Praga', 'República Tcheca'),
(222, 'FL09', 'Erik Molnar', '(420) 05187-9458', 'ErikMolnar@gmail.com', '620.167.865-85', '21.900.990-7', '1986-04-02', 39, 'Celetná 10', '11000', 'Staré Město', 'Praga', 'Praga', 'República Tcheca'),
(223, 'FL12', 'Helena Oláh', '(44) 43628-1074', 'HelenaOláh@gmail.com', '211.344.632-66', '33.829.684-3', '2006-01-23', 19, 'Royal Mile 300', 'EH1 1BW', 'Old Town', 'Escócia', 'Edimburgo', 'Reino Unido'),
(224, 'FL08', 'Tuva Koller', '(43) 10324-9135', 'TuvaKoller@gmail.com', '140.116.686-84', '12.434.815-6', '1991-03-18', 34, 'Wollzeile 1', '1010', 'Innere Stadt', 'Viena', 'Viena', 'Áustria'),
(225, 'FL14', 'Sigurd Neumann', '(45) 71394-2638', 'SigurdNeumann@gmail.com', '353.833.396-48', '63.963.843-9', '1965-11-11', 60, 'Strøget 50', '1160', 'Indre By', 'Região da Capital', 'Copenhague', 'Dinamarca'),
(226, 'FL13', 'Marie Kocsis', '(30) 18732-0573', 'MarieKocsis@gmail.com', '866.643.631-33', '12.312.805-2', '2006-03-21', 19, 'Kydathinaion Street 15', '10558', 'Plaka', 'Ática', 'Atenas', 'Grécia'),
(227, 'FL06', 'Tomas Moser', '(41) 48235-7628', 'TomasMoser@gmail.com', '406.458.786-38', '60.543.917-4', '1989-07-17', 36, 'Bahnhofstrasse 50', '8001', 'City', 'Zurique', 'Zurique', 'Suíça'),
(228, 'FL05', 'Liam Kovács', '(32) 32681-6138', 'LiamKovács@gmail.com', '288.286.749-59', '96.160.532-3', '1969-01-15', 56, 'Rue des Tongres 10', '1000', 'Centro', 'Bruxelas-Capital', 'Bruxelas', 'Bélgica'),
(229, 'FL03', 'Sara Horvath', '(34) 12405-8603', 'SaraHorvath@gmail.com', '854.673.187-42', '51.537.582-7', '1980-02-10', 45, 'Avinguda Diagonal 501', '08008', 'Eixample', 'Catalunha', 'Barcelona', 'Espanha'),
(230, 'CF01', 'Linnéa Pichler', '(49) 59301-5431', 'LinnéaPichler@gmail.com', '760.845.636-29', '99.723.990-4', '1991-02-22', 34, 'Grolmanstrasse 25', '10623', 'Charlottenburg', 'Berlim', 'Berlim', 'Alemanha'),
(231, 'FL10', 'Anders Van der Berg', '(351) 85601-5823', 'AndersVanderBerg@gmail.com', '615.706.672-20', '42.330.853-4', '1997-01-27', 28, 'Rua Garrett 10', '1200-204', 'Chiado', 'Lisboa', 'Lisboa', 'Portugal'),
(232, 'FL13', 'Martin Papp', '(30) 57128-2196', 'MartinPapp@gmail.com', '433.922.908-40', '16.301.630-2', '1972-06-23', 53, 'Adrianou Street 100', '10556', 'Plaka', 'Ática', 'Atenas', 'Grécia'),
(233, 'FL04', 'Julia MacDonald', '(44) 62481-1239', 'JuliaMacDonald@gmail.com', '868.204.320-81', '50.133.619-4', '1999-04-21', 26, 'Princes Street 1', 'EH2 2EQ', 'New Town', 'Escócia', 'Edimburgo', 'Reino Unido'),
(234, 'FL06', 'Valdemar Sárközi', '(41) 81459-7483', 'ValdemarSárközi@gmail.com', '953.307.226-30', '34.416.427-5', '1960-03-28', 65, 'Rämistrasse 10', '8001', 'City', 'Zurique', 'Zurique', 'Suíça'),
(235, 'FL16', 'Magnus Fischer', '(47) 41236-5068', 'MagnusFischer@gmail.com', '455.502.653-68', '89.397.783-7', '1995-11-13', 30, 'Bogstadveien 50', '0355', 'Frogner', 'Oslo', 'Oslo', 'Noruega'),
(236, 'FL20', 'Marie Rossi', '(90) 39241-5794', 'MarieRossi@gmail.com', '199.796.232-58', '24.122.996-2', '2003-03-02', 22, 'Serdar-ı Ekrem Caddesi 5', '34421', 'Beyoğlu', 'Istambul', 'Istambul', 'Turquia'),
(237, 'FL20', 'Eva Dupont', '(90) 28564-0158', 'EvaDupont@gmail.com', '240.812.717-44', '37.487.328-2', '1961-11-17', 64, 'Galata Tower 1', '34421', 'Beyoğlu', 'Istambul', 'Istambul', 'Turquia'),
(238, 'FL06', 'Linnea Mayr', '(41) 30652-3451', 'LinneaMayr@gmail.com', '298.500.867-77', '62.462.673-4', '1995-04-12', 30, 'Löwenstrasse 10', '8001', 'City', 'Zurique', 'Zurique', 'Suíça'),
(239, 'FL15', 'Magnus Szűcs', '(46) 29760-1780', 'MagnusSzűcs@gmail.com', '330.176.219-18', '78.591.979-2', '1961-05-10', 64, 'Gamla Stan 5', '111 27', 'Gamla Stan', 'Estocolmo', 'Estocolmo', 'Suécia'),
(240, 'FL02', 'Ingrid Balogh', '(39) 10759-7862', 'IngridBalogh@gmail.com', '118.284.687-72', '48.997.417-9', '1994-07-16', 31, 'Calle del Correr 10', '30124', 'San Marco', 'Vêneto', 'Veneza', 'Itália'),
(241, 'FL19', 'Live Hahn', '(36) 51807-6398', 'LiveHahn@gmail.com', '627.772.133-95', '83.293.467-2', '1975-05-01', 50, 'Gozsdu Udvar 5', '1075', 'Erzsébetváros', 'Pest', 'Budapeste', 'Hungria'),
(242, 'FL07', 'Victoria Farkas', '(31) 58274-4036', 'VictoriaFarkas@gmail.com', '373.914.961-61', '53.100.358-7', '1969-05-21', 56, 'Prinsengracht 100', '1016', 'Grachtengordel', 'Holanda do Norte', 'Amsterdã', 'Países Baixos'),
(243, 'FL20', 'Filip Rácz', '(90) 97831-0398', 'FilipRácz@gmail.com', '919.495.957-71', '63.854.299-3', '1997-07-06', 28, 'Sıraselviler Caddesi 2', '34433', 'Beyoğlu', 'Istambul', 'Istambul', 'Turquia'),
(244, 'FL02', 'Caoimhe Bauer', '(39) 92647-3480', 'CaoimheBauer@gmail.com', '937.660.824-48', '40.121.198-4', '1990-03-07', 35, 'Campo San Geremia 5', '30121', 'Cannaregio', 'Vêneto', 'Veneza', 'Itália'),
(245, 'FL06', 'Filip Holzer', '(41) 54319-2083', 'FilipHolzer@gmail.com', '370.622.963-45', '16.866.193-2', '1999-04-24', 26, 'Augustinergasse 20', '8001', 'City', 'Zurique', 'Zurique', 'Suíça'),
(246, 'FL12', 'Astrid Reiter', '(44) 58793-4986', 'AstridReiter@gmail.com', '840.232.878-55', '50.512.633-2', '1987-05-23', 38, 'Princes Street 10', 'EH2 2EQ', 'New Town', 'Escócia', 'Edimburgo', 'Reino Unido'),
(247, 'FL11', 'Ella Müller', '(353) 73851-7148', 'EllaMüller@gmail.com', '906.185.816-63', '97.890.488-7', '1970-09-17', 55, 'Dame Street 1', 'D02 E5B8', 'Temple Bar', 'Dublin', 'Dublin', 'Irlanda'),
(248, 'FL15', 'Sara Nováková', '(46) 13406-8325', 'SaraNováková@gmail.com', '191.119.809-26', '33.869.182-1', '1976-08-15', 49, 'Lilla Nygatan 10', '111 27', 'Gamla Stan', 'Estocolmo', 'Estocolmo', 'Suécia'),
(249, 'FL19', 'Sven Farkas', '(36) 16283-8574', 'SvenFarkas@gmail.com', '276.232.196-94', '69.752.232-3', '1976-06-08', 49, 'Váci utca 15', '1052', 'Belváros', 'Pest', 'Budapeste', 'Hungria'),
(250, 'FL02', 'Frederikke Koch', '(39) 48936-1568', 'FrederikkeKoch@gmail.com', '185.111.724-42', '90.169.447-9', '1987-05-27', 38, 'Dorsoduro 50', '30123', 'Dorsoduro', 'Vêneto', 'Veneza', 'Itália'),
(251, 'FL10', 'Hedvig Molnár', '(351) 47320-4198', 'HedvigMolnár@gmail.com', '799.500.245-23', '81.665.296-3', '1975-03-04', 50, 'Rua de Santa Justa 5', '1100-483', 'Baixa', 'Lisboa', 'Lisboa', 'Portugal'),
(252, 'FL15', 'Ingrid Szabo', '(46) 28931-3125', 'IngridSzabo@gmail.com', '554.245.554-99', '23.988.888-9', '1975-01-17', 50, 'Stora Nygatan 15', '111 27', 'Gamla Stan', 'Estocolmo', 'Estocolmo', 'Suécia'),
(253, 'FL17', 'Elise Kovács', '(358) 65347-1728', 'EliseKovács@gmail.com', '851.580.368-81', '88.273.992-7', '1977-01-21', 48, 'Mannerheimintie 5', '00100', 'Kluuvi', 'Uusimaa', 'Helsinque', 'Finlândia'),
(254, 'FL14', 'Tomas Kovacs', '(45) 47163-0139', 'TomasKovacs@gmail.com', '238.189.270-41', '64.143.828-1', '1969-11-28', 56, 'Bredgade 5', '1260', 'Indre By', 'Região da Capital', 'Copenhague', 'Dinamarca'),
(255, 'FL14', 'Mads Koch', '(45) 94756-7913', 'MadsKoch@gmail.com', '640.399.797-41', '27.420.276-8', '1991-12-13', 34, 'Gothersgade 10', '1123', 'Indre By', 'Região da Capital', 'Copenhague', 'Dinamarca'),
(256, 'FL13', 'Hedda Sárközi', '(30) 62890-5861', 'HeddaSárközi@gmail.com', '175.805.560-42', '39.274.469-3', '1978-01-25', 47, 'Thespidos Street 5', '10558', 'Plaka', 'Ática', 'Atenas', 'Grécia'),
(257, 'FL15', 'Ida Koch', '(46) 58246-5136', 'IdaKoch@gmail.com', '547.748.595-98', '94.643.780-9', '1996-10-06', 29, 'Västerlånggatan 45', '111 27', 'Gamla Stan', 'Estocolmo', 'Estocolmo', 'Suécia'),
(258, 'FL18', 'Benjamin Rodriguez', '(48) 65390-3541', 'BenjaminRodriguez@gmail.com', '251.182.816-44', '49.573.780-1', '1966-09-17', 59, 'Bednarska 15', '00-321', 'Stare Miasto', 'Mazóvia', 'Varsóvia', 'Polônia'),
(259, 'FL10', 'Ida Fülöp', '(351) 96703-0746', 'IdaFülöp@gmail.com', '971.452.859-24', '75.968.737-3', '1961-06-19', 64, 'Rua Augusta 50', '1100-053', 'Baixa', 'Lisboa', 'Lisboa', 'Portugal'),
(260, 'FL04', 'Stefan Gál', '(44) 91562-3642', 'StefanGál@gmail.com', '906.979.379-40', '36.269.301-2', '1963-04-27', 62, 'Regent Street 10', 'W1B 5AH', 'West End', 'Inglaterra', 'Londres', 'Reino Unido'),
(261, 'FL14', 'Emil Kiss', '(45) 51230-0267', 'EmilKiss@gmail.com', '234.652.571-57', '92.542.291-5', '1967-07-06', 58, 'Gothersgade 1', '1123', 'Indre By', 'Região da Capital', 'Copenhague', 'Dinamarca'),
(262, 'FL16', 'Alba Holzer', '(47) 74068-6218', 'AlbaHolzer@gmail.com', '664.494.110-28', '42.752.645-4', '1988-02-20', 37, 'Kirkeveien 10', '0368', 'Frogner', 'Oslo', 'Oslo', 'Noruega'),
(263, 'FL16', 'Tereza Grosz', '(47) 84257-6985', 'TerezaGrosz@gmail.com', '457.740.303-15', '28.472.149-5', '1999-10-27', 26, 'Bogstadveien 10', '0355', 'Frogner', 'Oslo', 'Oslo', 'Noruega'),
(264, 'FL01', 'Alma Jensen', '(33) 71469-2904', 'AlmaJensen@gmail.com', '629.314.288-29', '97.164.711-6', '1995-08-13', 30, 'Rue de l’Odéon 1', '75006', 'Saint-Germain', 'Île-de-France', 'Paris', 'França'),
(265, 'FL14', 'Anna Schulz', '(45) 24681-3274', 'AnnaSchulz@gmail.com', '677.171.882-59', '70.359.167-9', '1996-12-12', 29, 'Købmagergade 100', '1150', 'Indre By', 'Região da Capital', 'Copenhague', 'Dinamarca'),
(266, 'FL07', 'Anton Nowak', '(31) 04938-4631', 'AntonNowak@gmail.com', '746.803.146-42', '24.480.484-2', '1978-05-03', 47, 'Leidseplein 1', '1017', 'Centrum', 'Holanda do Norte', 'Amsterdã', 'Países Baixos'),
(267, 'FL16', 'Andreas Rácz', '(47) 17402-2937', 'AndreasRácz@gmail.com', '505.939.856-78', '19.166.812-9', '1972-04-23', 53, 'Drammensveien 1', '0271', 'Frogner', 'Oslo', 'Oslo', 'Noruega'),
(268, 'CF01', 'Henrik Braun', '(49) 07196-4120', 'HenrikBraun@gmail.com', '909.486.762-27', '39.297.508-7', '1971-06-17', 54, 'Grolmanstrasse 20', '10623', 'Charlottenburg', 'Berlim', 'Berlim', 'Alemanha'),
(269, 'FL06', 'Odin Winkler', '(41) 91086-4587', 'OdinWinkler@gmail.com', '475.936.834-24', '13.407.521-4', '1999-10-20', 26, 'Sihlporte 10', '8001', 'City', 'Zurique', 'Zurique', 'Suíça'),
(270, 'FL03', 'William Neumann', '(34) 49316-8579', 'WilliamNeumann@gmail.com', '510.906.186-55', '89.164.148-7', '1981-12-14', 44, 'Plaça Reial 5', '08002', 'El Gòtic', 'Catalunha', 'Barcelona', 'Espanha'),
(271, 'FL11', 'Lykke Lengyel', '(353) 96025-9815', 'LykkeLengyel@gmail.com', '162.139.336-37', '97.759.415-9', '2004-06-28', 21, 'Wicklow Street 1', 'D02 P877', 'South City Centre', 'Dublin', 'Dublin', 'Irlanda'),
(272, 'FL09', 'Linnea Pereira', '(420) 87306-9261', 'LinneaPereira@gmail.com', '124.998.610-63', '37.559.508-4', '1983-10-09', 42, 'Karlova Street 10', '11000', 'Staré Město', 'Praga', 'Praga', 'República Tcheca'),
(273, 'FL05', 'Axel Schmidt', '(32) 35017-7241', 'AxelSchmidt@gmail.com', '439.910.645-66', '26.136.858-1', '1985-12-02', 40, 'Rue de l’Etuve 10', '1000', 'Centro', 'Bruxelas-Capital', 'Bruxelas', 'Bélgica'),
(274, 'FL02', 'Alba Hofer', '(39) 74385-0613', 'AlbaHofer@gmail.com', '659.836.472-24', '56.996.238-1', '2005-12-16', 20, 'Campo de Santa Margherita 10', '30123', 'Dorsoduro', 'Vêneto', 'Veneza', 'Itália'),
(275, 'FL08', 'Olga Kiss', '(43) 82579-5130', 'OlgaKiss@gmail.com', '581.832.633-87', '69.920.882-2', '1970-02-17', 55, 'Landstrasser Hauptstrasse 10', '1030', 'Landstrasse', 'Viena', 'Viena', 'Áustria'),
(276, 'FL10', 'Isak Mayr', '(351) 62874-6824', 'IsakMayr@gmail.com', '507.912.351-98', '83.313.464-7', '1976-02-02', 49, 'Rua Garrett 20', '1200-204', 'Chiado', 'Lisboa', 'Lisboa', 'Portugal'),
(277, 'FL06', 'Emilie Moser', '(41) 31904-1086', 'EmilieMoser@gmail.com', '772.866.497-82', '42.585.874-9', '1964-01-22', 61, 'Marktgasse 1', '8001', 'City', 'Zurique', 'Zurique', 'Suíça'),
(278, 'FL05', 'Benjamin Silva', '(32) 68307-1237', 'BenjaminSilva@gmail.com', '547.750.547-44', '35.497.909-6', '1968-10-13', 57, 'Rue des Fripiers 10', '1000', 'Centro', 'Bruxelas-Capital', 'Bruxelas', 'Bélgica'),
(279, 'FL19', 'Caroline Somogyi', '(36) 68751-2574', 'CarolineSomogyi@gmail.com', '240.540.524-58', '59.484.704-9', '1991-08-19', 34, 'Nagymező utca 10', '1065', 'Terézváros', 'Pest', 'Budapeste', 'Hungria'),
(280, 'FL04', 'Olga Fischer', '(44) 26078-8027', 'OlgaFischer@gmail.com', '578.933.675-90', '20.727.505-5', '2001-09-19', 24, 'Covent Garden 10', 'WC2E 8PA', 'Covent Garden', 'Inglaterra', 'Londres', 'Reino Unido'),
(281, 'FL08', 'Vilja Kiss', '(43) 15709-3140', 'ViljaKiss@gmail.com', '609.297.595-98', '74.891.375-8', '1979-09-19', 46, 'Wollzeile 10', '1010', 'Innere Stadt', 'Viena', 'Viena', 'Áustria'),
(282, 'FL06', 'Einar Csonka', '(41) 85420-6728', 'EinarCsonka@gmail.com', '198.487.251-45', '51.447.693-9', '1981-09-02', 44, 'Münstergasse 10', '8001', 'City', 'Zurique', 'Zurique', 'Suíça'),
(283, 'FL16', 'Hedda Schulz', '(47) 20453-8364', 'HeddaSchulz@gmail.com', '354.702.744-24', '23.427.880-1', '1965-07-30', 60, 'Kirkeveien 1', '0368', 'Frogner', 'Oslo', 'Oslo', 'Noruega'),
(284, 'FL07', 'Vetle Rácz', '(31) 06352-3841', 'VetleRácz@gmail.com', '451.419.407-46', '14.258.383-9', '1988-12-29', 37, 'Nieuwezijds Voorburgwal 10', '1012', 'Centrum', 'Holanda do Norte', 'Amsterdã', 'Países Baixos'),
(285, 'CF01', 'Jakob Oláh', '(49) 18469-0926', 'JakobOláh@gmail.com', '536.305.147-11', '83.214.373-6', '1970-06-28', 55, 'Grolmanstrasse 10', '10623', 'Charlottenburg', 'Berlim', 'Berlim', 'Alemanha'),
(286, 'FL15', 'Oskar Fekete', '(46) 21478-7659', 'OskarFekete@gmail.com', '199.818.386-53', '93.360.921-5', '1985-07-15', 40, 'Västerlånggatan 15', '111 29', 'Gamla Stan', 'Estocolmo', 'Estocolmo', 'Suécia'),
(287, 'FL02', 'Selma Smith', '(39) 09268-1742', 'SelmaSmith@gmail.com', '875.623.182-71', '17.362.365-2', '1993-11-09', 32, 'Dorsoduro 10', '30123', 'Dorsoduro', 'Vêneto', 'Veneza', 'Itália'),
(288, 'FL08', 'Valdemar Becker', '(43) 92350-9068', 'ValdemarBecker@gmail.com', '284.468.540-98', '81.715.842-7', '1979-04-28', 46, 'Tuchlauben 10', '1010', 'Innere Stadt', 'Viena', 'Viena', 'Áustria'),
(289, 'FL04', 'Kalle Fülöp', '(44) 76035-9362', 'KalleFülöp@gmail.com', '584.304.733-99', '77.877.583-3', '1975-06-09', 50, 'Shaftesbury Avenue 10', 'W1D 7DH', 'Soho', 'Inglaterra', 'Londres', 'Reino Unido'),
(290, 'FL04', 'Sebastian Forster', '(44) 45720-1947', 'SebastianForster@gmail.com', '592.412.473-34', '41.622.768-1', '1994-07-09', 31, 'Portobello Road 1', 'W11 1LJ', 'Notting Hill', 'Inglaterra', 'Londres', 'Reino Unido'),
(291, 'FL01', 'Ole Schmid', '(33) 28763-2374', 'OleSchmid@gmail.com', '659.844.207-43', '49.407.719-4', '1967-06-27', 58, 'Rue du Faubourg Saint-Honoré 15', '75008', 'Saint-Germain', 'Île-de-France', 'Paris', 'França'),
(292, 'FL16', 'Alba Strobl', '(47) 02593-8247', 'AlbaStrobl@gmail.com', '407.683.283-59', '53.444.573-4', '1980-09-17', 45, 'Kirkeveien 1', '0368', 'Frogner', 'Oslo', 'Oslo', 'Noruega'),
(293, 'FL15', 'Maja Mészáros', '(46) 60951-7681', 'MajaMészáros@gmail.com', '256.319.208-40', '20.678.456-8', '2002-09-17', 23, 'Gamla Stan 10', '111 29', 'Gamla Stan', 'Estocolmo', 'Estocolmo', 'Suécia'),
(294, 'FL01', 'Kristian Rodriguez', '(33) 90241-4718', 'KristianRodriguez@gmail.com', '865.869.473-39', '29.472.833-7', '1967-01-18', 58, 'Rue de Rivoli 150', '75001', 'Le Marais', 'Île-de-France', 'Paris', 'França'),
(295, 'FL07', 'Magnus Richter', '(31) 73924-1592', 'MagnusRichter@gmail.com', '548.742.989-81', '69.133.608-4', '1985-02-14', 40, 'Spuistraat 10', '1012', 'Centrum', 'Holanda do Norte', 'Amsterdã', 'Países Baixos'),
(296, 'FL08', 'Aurora Mayr', '(43) 91273-3164', 'AuroraMayr@gmail.com', '704.474.661-18', '65.337.867-7', '1973-10-25', 52, 'Rotenturmstrasse 10', '1010', 'Innere Stadt', 'Viena', 'Viena', 'Áustria'),
(297, 'FL16', 'Filip König', '(47) 85129-3780', 'FilipKönig@gmail.com', '576.397.772-42', '98.666.622-1', '1963-09-22', 62, 'Majorstuveien 5', '0367', 'Frogner', 'Oslo', 'Oslo', 'Noruega'),
(298, 'FL06', 'Axel Balázs', '(41) 08795-7456', 'AxelBalázs@gmail.com', '420.736.712-70', '83.121.484-1', '1970-02-16', 55, 'Rämistrasse 1', '8001', 'City', 'Zurique', 'Zurique', 'Suíça'),
(299, 'FL20', 'Linnea Berger', '(90) 36927-4982', 'LinneaBerger@gmail.com', '932.893.140-29', '47.693.797-5', '1986-11-17', 39, 'Sıraselviler Caddesi 1', '34433', 'Beyoğlu', 'Istambul', 'Istambul', 'Turquia'),
(300, 'FL07', 'Joao MacDonald', '(31) 65092-2697', 'JoaoMacDonald@gmail.com', '174.630.640-79', '75.161.921-3', '2005-01-24', 20, 'Nieuwezijds Voorburgwal 1', '1012', 'Centrum', 'Holanda do Norte', 'Amsterdã', 'Países Baixos'),
(301, 'FL09', 'Hugo MacDonald', '(420) 09128-5691', 'HugoMacDonald@gmail.com', '764.770.435-18', '21.379.831-4', '1999-07-06', 26, 'Karlova Street 1', '11000', 'Staré Město', 'Praga', 'Praga', 'República Tcheca'),
(302, 'FL10', 'Sebastian Schmid', '(351) 71928-7602', 'SebastianSchmid@gmail.com', '586.546.444-57', '52.861.993-9', '1972-11-11', 53, 'Rua de Santa Justa 1', '1100-483', 'Baixa', 'Lisboa', 'Lisboa', 'Portugal'),
(303, 'FL18', 'Agnes Toth', '(48) 76914-8527', 'AgnesToth@gmail.com', '772.524.642-21', '96.500.382-4', '1962-09-10', 63, 'Bednarska 5', '00-321', 'Stare Miasto', 'Mazóvia', 'Varsóvia', 'Polônia'),
(304, 'FL10', 'Elias Török', '(351) 81045-5280', 'EliasTörök@gmail.com', '598.928.165-43', '93.173.842-1', '1963-01-31', 62, 'Rua do Ouro 1', '1100-061', 'Baixa', 'Lisboa', 'Lisboa', 'Portugal'),
(305, 'FL12', 'Noah Reiter', '(44) 73429-1509', 'NoahReiter@gmail.com', '598.459.681-66', '40.504.449-9', '1977-03-04', 48, 'Grassmarket 1', 'EH1 2HY', 'Old Town', 'Escócia', 'Edimburgo', 'Reino Unido'),
(306, 'FL15', 'Sondre Bauer', '(46) 96317-8172', 'SondreBauer@gmail.com', '596.679.889-52', '49.568.259-3', '1968-07-09', 57, 'Stora Nygatan 1', '111 27', 'Gamla Stan', 'Estocolmo', 'Estocolmo', 'Suécia'),
(307, 'FL01', 'Zoltán Murphy', '(33) 15289-0213', 'ZoltánMurphy@gmail.com', '357.333.372-54', '46.420.771-1', '2002-07-29', 23, 'Rue de l’Odéon 10', '75006', 'Saint-Germain', 'Île-de-France', 'Paris', 'França'),
(308, 'FL05', 'August Gärtner', '(32) 23508-7802', 'AugustGärtner@gmail.com', '249.605.824-26', '58.547.968-5', '1999-04-01', 26, 'Rue du Lombard 10', '1000', 'Centro', 'Bruxelas-Capital', 'Bruxelas', 'Bélgica'),
(309, 'FL09', 'Emma Rácz', '(420) 03685-1203', 'EmmaRácz@gmail.com', '253.714.448-92', '58.279.342-7', '1971-06-05', 54, 'Celetná 1', '11000', 'Staré Město', 'Praga', 'Praga', 'República Tcheca'),
(310, 'FL10', 'Elise Karlsson', '(351) 19724-0437', 'EliseKarlsson@gmail.com', '135.875.746-18', '40.138.994-7', '1971-10-03', 54, 'Rua de Santa Catarina 1', '4000-447', 'Baixa', 'Lisboa', 'Lisboa', 'Portugal'),
(311, 'FL05', 'Tuva Fülöp', '(32) 54618-6317', 'TuvaFülöp@gmail.com', '665.552.689-32', '51.254.509-3', '2007-09-10', 18, 'Rue du Fossé aux Loups 15', '1000', 'Centro', 'Bruxelas-Capital', 'Bruxelas', 'Bélgica'),
(312, 'FL10', 'Felix Fuchs', '(351) 52410-6493', 'FelixFuchs@gmail.com', '473.290.948-26', '61.430.471-8', '1983-06-03', 42, 'Rua da Misericórdia 1', '1200-273', 'Chiado', 'Lisboa', 'Lisboa', 'Portugal'),
(313, 'FL16', 'Oscar Lakatos', '(47) 96470-7314', 'OscarLakatos@gmail.com', '971.971.911-93', '72.441.906-9', '2007-03-25', 18, 'Akersgata 1', '0158', 'Sentrum', 'Oslo', 'Oslo', 'Noruega'),
(314, 'FL14', 'Olivia Papadopoulos', '(45) 86235-9273', 'OliviaPapadopoulos@gmail.com', '258.504.153-42', '31.526.522-1', '1985-01-09', 40, 'Nørregade 1', '1165', 'Indre By', 'Região da Capital', 'Copenhague', 'Dinamarca'),
(315, 'FL12', 'Ingrid Holzer', '(44) 13905-6985', 'IngridHolzer@gmail.com', '191.493.116-78', '59.297.362-6', '2004-04-17', 21, 'North Bridge 50', 'EH1 1SP', 'Old Town', 'Escócia', 'Edimburgo', 'Reino Unido'),
(316, 'CF01', 'Oda Balázs', '(49) 47398-7531', 'OdaBalázs@gmail.com', '265.492.397-79', '43.170.506-1', '1994-06-08', 31, 'Kurfürstendamm 5', '10719', 'Charlottenburg', 'Berlim', 'Berlim', 'Alemanha'),
(317, 'FL04', 'Agnes Balogh', '(44) 18620-5194', 'AgnesBalogh@gmail.com', '478.382.395-67', '38.934.759-4', '1976-05-08', 49, 'Tottenham Court Road 1', 'W1T 7RD', 'West End', 'Inglaterra', 'Londres', 'Reino Unido'),
(318, 'FL17', 'Liv Koller', '(358) 43602-5849', 'LivKoller@gmail.com', '652.543.621-13', '28.337.631-4', '1989-02-17', 36, 'Bulevardi 5', '00120', 'Punavuori', 'Uusimaa', 'Helsinque', 'Finlândia'),
(319, 'FL14', 'Mette Oláh', '(45) 86091-6024', 'MetteOláh@gmail.com', '884.968.568-78', '70.659.186-6', '1981-08-28', 44, 'Jernbanegade 1', '1608', 'Vesterbro', 'Região da Capital', 'Copenhague', 'Dinamarca'),
(320, 'FL20', 'Josefine MacDonald', '(90) 72694-4150', 'JosefineMacDonald@gmail.com', '142.950.893-61', '31.504.327-1', '1969-03-06', 56, 'Sıraselviler Caddesi 20', '34433', 'Beyoğlu', 'Istambul', 'Istambul', 'Turquia'),
(321, 'FL06', 'Emilie Török', '(41) 80597-5394', 'EmilieTörök@gmail.com', '938.978.887-54', '82.928.260-1', '1961-08-14', 64, 'Rämistrasse 20', '8001', 'City', 'Zurique', 'Zurique', 'Suíça'),
(322, 'FL08', 'August Szűcs', '(43) 13469-0386', 'AugustSzűcs@gmail.com', '874.949.697-53', '88.531.247-9', '1978-01-03', 47, 'Hoher Markt 10', '1010', 'Innere Stadt', 'Viena', 'Viena', 'Áustria'),
(323, 'FL19', 'Nora Juhasz', '(36) 85269-8917', 'NoraJuhasz@gmail.com', '724.809.429-38', '59.721.274-8', '2006-01-20', 19, 'Király utca 5', '1075', 'Erzsébetváros', 'Pest', 'Budapeste', 'Hungria'),
(324, 'FL12', 'Oskar Schmid', '(44) 90471-4915', 'OskarSchmid@gmail.com', '854.916.723-30', '85.988.532-5', '1989-11-22', 36, 'Cockburn Street 1', 'EH1 1BS', 'Old Town', 'Escócia', 'Edimburgo', 'Reino Unido'),
(325, 'FL19', 'Martin Maier', '(36) 60815-4089', 'MartinMaier@gmail.com', '778.631.355-35', '59.217.210-6', '1999-12-23', 26, 'Andrássy út 1', '1061', 'Terézváros', 'Pest', 'Budapeste', 'Hungria'),
(326, 'FL04', 'Mikkel Rácz', '(44) 21859-9168', 'MikkelRácz@gmail.com', '965.635.167-82', '29.427.595-6', '1967-12-21', 58, 'The Strand 1', 'WC2N 5DS', 'Westminster', 'Inglaterra', 'Londres', 'Reino Unido'),
(327, 'FL02', 'Odin König', '(39) 82976-9075', 'OdinKönig@gmail.com', '480.360.105-64', '25.119.698-4', '1964-06-08', 61, 'Rialto Bridge 1', '30125', 'San Polo', 'Vêneto', 'Veneza', 'Itália'),
(328, 'FL15', 'Marie Ebner', '(46) 42315-9435', 'MarieEbner@gmail.com', '155.645.407-70', '46.342.744-1', '1997-10-02', 28, 'Lilla Nygatan 1', '111 27', 'Gamla Stan', 'Estocolmo', 'Estocolmo', 'Suécia'),
(329, 'FL02', 'Filip Molnar', '(39) 87605-2415', 'FilipMolnar@gmail.com', '510.313.227-23', '90.398.761-7', '1990-12-14', 35, 'Campo dei Fiori 10', '30122', 'San Polo', 'Vêneto', 'Veneza', 'Itália'),
(330, 'FL16', 'Sigurd Richter', '(47) 05319-2537', 'SigurdRichter@gmail.com', '546.654.664-57', '52.693.713-6', '2007-03-15', 18, 'Møllergata 1', '0179', 'Sentrum', 'Oslo', 'Oslo', 'Noruega'),
(331, 'FL17', 'Benjamin Kiss', '(358) 75213-0185', 'BenjaminKiss@gmail.com', '393.146.789-71', '88.642.143-5', '1968-03-26', 57, 'Aleksanterinkatu 15', '00100', 'Keskusta', 'Uusimaa', 'Helsinque', 'Finlândia'),
(332, 'FL06', 'Lucas Murphy', '(41) 83012-9105', 'LucasMurphy@gmail.com', '451.933.974-76', '11.365.264-7', '1983-01-27', 42, 'Sihlporte 1', '8001', 'City', 'Zurique', 'Zurique', 'Suíça'),
(333, 'FL13', 'Felix Nagy', '(30) 17035-1290', 'FelixNagy@gmail.com', '395.142.230-24', '36.618.688-3', '1993-10-14', 32, 'Mitropoleos Street 10', '10557', 'Plaka', 'Ática', 'Atenas', 'Grécia'),
(334, 'FL01', 'Mathias Nagy', '(33) 59137-9703', 'MathiasNagy@gmail.com', '197.786.977-87', '63.891.937-1', '1982-02-08', 43, 'Rue de Rivoli 10', '75001', 'Le Marais', 'Île-de-France', 'Paris', 'França'),
(335, 'FL05', 'Alma Nováková', '(32) 34871-2871', 'AlmaNováková@gmail.com', '617.525.644-78', '54.749.942-5', '1984-04-19', 41, 'Rue de l’Etuve 1', '1000', 'Centro', 'Bruxelas-Capital', 'Bruxelas', 'Bélgica'),
(336, 'FL12', 'Elias Neumann', '(44) 85109-2197', 'EliasNeumann@gmail.com', '626.485.208-90', '32.503.139-1', '1985-04-26', 40, 'High Street 1', 'EH1 1SP', 'Old Town', 'Escócia', 'Edimburgo', 'Reino Unido'),
(337, 'FL07', 'Isabella Reiter', '(31) 83197-9841', 'IsabellaReiter@gmail.com', '210.752.907-11', '40.145.643-3', '1972-12-21', 53, 'Spuistraat 1', '1012', 'Centrum', 'Holanda do Norte', 'Amsterdã', 'Países Baixos'),
(338, 'FL04', 'Anton Pichler', '(44) 67281-7350', 'AntonPichler@gmail.com', '617.721.543-28', '88.670.505-2', '1962-04-16', 63, 'Bond Street 1', 'W1S 2AB', 'Mayfair', 'Inglaterra', 'Londres', 'Reino Unido'),
(339, 'FL02', 'Tomas Meyer', '(39) 86042-6057', 'TomasMeyer@gmail.com', '481.440.709-59', '65.483.232-9', '1978-10-20', 47, 'Cannaregio 1', '30121', 'Cannaregio', 'Vêneto', 'Veneza', 'Itália'),
(340, 'FL01', 'Maja Nagy', '(33) 46570-5083', 'MajaNagy@gmail.com', '556.980.472-23', '46.348.946-8', '1974-02-07', 51, 'Rue de la Roquette 1', '75011', 'Bastille', 'Île-de-France', 'Paris', 'França'),
(341, 'FL06', 'Leon Kiss', '(41) 73410-7362', 'LeonKiss@gmail.com', '134.882.163-36', '53.760.220-1', '1962-09-06', 63, 'Limmatquai 1', '8001', 'City', 'Zurique', 'Zurique', 'Suíça'),
(342, 'FL01', 'Ronja Fuchs', '(33) 53718-9012', 'RonjaFuchs@gmail.com', '686.899.561-48', '17.776.629-7', '1997-01-15', 28, 'Rue du Bac 1', '75007', 'Saint-Germain', 'Île-de-France', 'Paris', 'França'),
(343, 'FL03', 'Maja Rodriguez', '(34) 58294-0173', 'MajaRodriguez@gmail.com', '962.689.469-83', '46.915.187-5', '2005-05-23', 20, 'Carrer de la Palla 1', '08002', 'El Gòtic', 'Catalunha', 'Barcelona', 'Espanha'),
(344, 'FL08', 'Helena Kiss', '(43) 35149-6317', 'HelenaKiss@gmail.com', '600.313.307-88', '64.747.775-2', '1982-10-26', 43, 'Mariahilfer Strasse 10', '1070', 'Neubau', 'Viena', 'Viena', 'Áustria'),
(345, 'FL04', 'Mikkel Lange', '(44) 13475-1205', 'MikkelLange@gmail.com', '404.737.557-33', '41.439.890-4', '1966-08-27', 59, 'Covent Garden 1', 'WC2E 8PA', 'Covent Garden', 'Inglaterra', 'Londres', 'Reino Unido'),
(346, 'FL07', 'Christian Steiner', '(31) 84396-1328', 'ChristianSteiner@gmail.com', '589.301.423-63', '77.379.242-7', '1968-03-06', 57, 'Rosengracht 1', '1016', 'Jordaan', 'Holanda do Norte', 'Amsterdã', 'Países Baixos'),
(347, 'FL06', 'Anna Sipos', '(41) 42873-3095', 'AnnaSipos@gmail.com', '294.152.503-20', '87.185.173-9', '1996-11-10', 29, 'Zähringerstrasse 1', '8001', 'City', 'Zurique', 'Zurique', 'Suíça'),
(348, 'FL13', 'Freja Karlsson', '(30) 56207-9547', 'FrejaKarlsson@gmail.com', '228.694.682-41', '75.238.935-7', '1972-06-11', 53, 'Adrianou Street 1', '10555', 'Plaka', 'Ática', 'Atenas', 'Grécia'),
(349, 'FL16', 'Oskar Weber', '(47) 32984-6324', 'OskarWeber@gmail.com', '316.877.630-75', '43.805.406-8', '1983-06-19', 42, 'Karl Johans gate 1', '0154', 'Sentrum', 'Oslo', 'Oslo', 'Noruega'),
(350, 'FL04', 'Konstantinos Silva', '(44) 47938-5203', 'KonstantinosSilva@gmail.com', '765.229.551-10', '37.312.737-8', '1987-03-22', 38, 'Piccadilly Circus 5', 'W1J 9HP', 'West End', 'Inglaterra', 'Londres', 'Reino Unido'),
(351, 'FL04', 'Ole Balogh', '(44) 05784-2765', 'OleBalogh@gmail.com', '577.124.199-68', '66.852.891-9', '1967-01-23', 58, 'Tottenham Court Road 10', 'W1T 7RD', 'West End', 'Inglaterra', 'Londres', 'Reino Unido'),
(352, 'FL19', 'Amelia Hoffmann', '(36) 83547-9628', 'AmeliaHoffmann@gmail.com', '189.568.386-22', '49.353.287-3', '1990-05-10', 35, 'Király utca 1', '1075', 'Erzsébetváros', 'Pest', 'Budapeste', 'Hungria'),
(353, 'FL05', 'Vera Fischer', '(32) 86591-2679', 'VeraFischer@gmail.com', '794.149.752-27', '62.705.929-8', '1975-02-23', 50, 'Rue de la Bourse 1', '1000', 'Centro', 'Bruxelas-Capital', 'Bruxelas', 'Bélgica'),
(354, 'FL09', 'Sofie Huber', '(420) 45381-4605', 'SofieHuber@gmail.com', '833.769.483-57', '37.836.505-7', '1964-04-23', 61, 'Železná 1', '11000', 'Staré Město', 'Praga', 'Praga', 'República Tcheca'),
(355, 'FL18', 'Sofia Szűcs', '(48) 63528-8463', 'SofiaSzűcs@gmail.com', '193.629.354-92', '77.361.362-8', '1964-04-05', 61, 'Franciszkańska 1', '00-213', 'Stare Miasto', 'Mazóvia', 'Varsóvia', 'Polônia'),
(356, 'FL17', 'Freja Papadopoulos', '(358) 09362-5713', 'FrejaPapadopoulos@gmail.com', '231.275.166-47', '26.704.903-1', '1995-11-20', 30, 'Mikonkatu 1', '00100', 'Kluuvi', 'Uusimaa', 'Helsinque', 'Finlândia'),
(357, 'FL17', 'Ella Maier', '(358) 03946-6423', 'EllaMaier@gmail.com', '617.969.737-92', '37.511.944-4', '1962-10-22', 63, 'Bulevardi 1', '00120', 'Punavuori', 'Uusimaa', 'Helsinque', 'Finlândia'),
(358, 'FL13', 'Maja Papadopoulos', '(30) 18476-9375', 'MajaPapadopoulos@gmail.com', '767.140.503-59', '96.142.850-9', '2001-10-14', 24, 'Kydathinaion Street 1', '10558', 'Plaka', 'Ática', 'Atenas', 'Grécia'),
(359, 'FL16', 'Sofia Mayr', '(47) 94327-1329', 'SofiaMayr@gmail.com', '531.502.180-67', '76.376.611-7', '1996-03-04', 29, 'Kirkeveien 5', '0368', 'Frogner', 'Oslo', 'Oslo', 'Noruega'),
(360, 'FL08', 'Vilja Dupont', '(43) 62059-1235', 'ViljaDupont@gmail.com', '372.799.721-49', '40.467.696-1', '1984-08-21', 41, 'Freyung 10', '1010', 'Innere Stadt', 'Viena', 'Viena', 'Áustria'),
(361, 'FL10', 'Hermann Szűcs', '(351) 09318-1063', 'HermannSzűcs@gmail.com', '917.813.622-13', '13.967.196-8', '1975-12-08', 50, 'Rua da Madalena 1', '1100-318', 'Alfama', 'Lisboa', 'Lisboa', 'Portugal'),
(362, 'FL12', 'Tomas Szűcs', '(44) 94738-9602', 'TomasSzűcs@gmail.com', '872.145.400-75', '85.198.638-3', '1965-03-23', 60, 'The Mound 5', 'EH2 2EL', 'Old Town', 'Escócia', 'Edimburgo', 'Reino Unido'),
(363, 'FL02', 'Ester Molnár', '(39) 08957-4763', 'EsterMolnár@gmail.com', '311.728.513-44', '72.579.979-4', '1964-05-02', 61, 'Campo de Santa Margherita 1', '30123', 'Dorsoduro', 'Vêneto', 'Veneza', 'Itália'),
(364, 'FL19', 'Marius Kovacs', '(36) 53479-1270', 'MariusKovacs@gmail.com', '448.846.439-98', '91.540.913-7', '1985-05-22', 40, 'Andrássy út 25', '1061', 'Terézváros', 'Pest', 'Budapeste', 'Hungria'),
(365, 'FL13', 'Laura Rácz', '(30) 47123-2607', 'LauraRácz@gmail.com', '888.377.701-14', '65.706.289-1', '2007-03-07', 18, 'Plaka Street 10', '10556', 'Plaka', 'Ática', 'Atenas', 'Grécia'),
(366, 'FL16', 'Elias Huber', '(47) 53210-0273', 'EliasHuber@gmail.com', '763.502.391-59', '83.152.272-7', '1980-07-23', 45, 'Drammensveien 10', '0271', 'Frogner', 'Oslo', 'Oslo', 'Noruega'),
(367, 'FL07', 'Oskar Kuhn', '(31) 16785-2483', 'OskarKuhn@gmail.com', '788.341.186-16', '44.785.304-3', '1963-10-25', 62, 'Singel 1', '1016', 'Centrum', 'Holanda do Norte', 'Amsterdã', 'Países Baixos'),
(368, 'FL08', 'Lucas Balogh', '(43) 28039-8073', 'LucasBalogh@gmail.com', '673.118.538-34', '89.843.981-2', '2005-04-19', 20, 'Krugerstrasse 1', '1010', 'Innere Stadt', 'Viena', 'Viena', 'Áustria'),
(369, 'FL07', 'Sven Rácz', '(31) 69028-1846', 'SvenRácz@gmail.com', '560.229.533-22', '73.155.959-8', '2002-09-10', 23, 'Rozengracht 1', '1016', 'Jordaan', 'Holanda do Norte', 'Amsterdã', 'Países Baixos'),
(370, 'FL13', 'Oda Schulz', '(30) 60238-6239', 'OdaSchulz@gmail.com', '926.242.384-58', '98.304.917-7', '1961-04-29', 64, 'Lissiou Street 1', '10556', 'Plaka', 'Ática', 'Atenas', 'Grécia'),
(371, 'FL14', 'Felix Fekete', '(45) 98241-2130', 'FelixFekete@gmail.com', '122.976.332-18', '52.838.331-2', '1985-12-17', 40, 'Bredgade 1', '1260', 'Indre By', 'Região da Capital', 'Copenhague', 'Dinamarca'),
(372, 'FL13', 'Lucas Weber', '(30) 37208-3076', 'LucasWeber@gmail.com', '728.680.305-11', '36.361.985-3', '1986-12-14', 39, 'Aiolou Street 1', '10563', 'Monastiraki', 'Ática', 'Atenas', 'Grécia'),
(373, 'FL01', 'Jakob Rossi', '(33) 67830-4125', 'JakobRossi@gmail.com', '237.447.543-33', '73.589.260-6', '1992-09-15', 33, 'Rue de l’Odéon 10', '75006', 'Saint-Germain', 'Île-de-France', 'Paris', 'França'),
(374, 'FL19', 'Linnéa Ebner', '(36) 18650-8025', 'LinnéaEbner@gmail.com', '541.496.326-39', '83.857.284-3', '1975-02-27', 50, 'Váci utca 1', '1052', 'Belváros', 'Pest', 'Budapeste', 'Hungria'),
(375, 'FL13', 'Marie Reiter', '(30) 89305-1570', 'MarieReiter@gmail.com', '331.899.865-87', '58.645.631-7', '1982-07-08', 43, 'Fokionos Street 10', '10559', 'Monastiraki', 'Ática', 'Atenas', 'Grécia'),
(376, 'FL11', 'Elias Schulz', '(353) 05983-2418', 'EliasSchulz@gmail.com', '359.484.906-40', '58.809.678-6', '1976-09-25', 49, 'Dawson Street 1', 'D02 P876', 'Centro', 'Dublin', 'Dublin', 'Irlanda'),
(377, 'FL19', 'Vilde Berger', '(36) 72385-8460', 'VildeBerger@gmail.com', '252.456.937-59', '24.275.710-3', '1985-05-14', 40, 'Andrássy út 20', '1061', 'Terézváros', 'Pest', 'Budapeste', 'Hungria'),
(378, 'FL11', 'Benjamin Toth', '(353) 72185-4056', 'BenjaminToth@gmail.com', '562.269.680-37', '35.584.734-3', '1976-06-12', 49, 'O\'Connell Street 100', 'D01 T3D9', 'North City Centre', 'Dublin', 'Dublin', 'Irlanda'),
(379, 'FL18', 'Yrsa Papadopoulos', '(48) 75840-6480', 'YrsaPapadopoulos@gmail.com', '841.253.485-33', '58.826.157-1', '1985-09-30', 40, 'Krakowskie Przedmieście 1', '00-071', 'Śródmieście', 'Mazóvia', 'Varsóvia', 'Polônia'),
(380, 'FL14', 'Anna König', '(45) 69342-4325', 'AnnaKönig@gmail.com', '958.960.638-62', '99.284.991-1', '1986-11-25', 39, 'Nørregade 5', '1165', 'Indre By', 'Região da Capital', 'Copenhague', 'Dinamarca'),
(381, 'FL20', 'Aksel Steiner', '(90) 71435-4089', 'AkselSteiner@gmail.com', '598.571.581-63', '48.442.884-5', '1980-04-08', 45, 'İstiklal Caddesi 10', '34435', 'Beyoğlu', 'Istambul', 'Istambul', 'Turquia'),
(382, 'FL12', 'Markus Winkler', '(44) 37542-4156', 'MarkusWinkler@gmail.com', '861.125.811-19', '98.105.858-8', '1981-03-04', 44, 'The Mound 1', 'EH2 2EL', 'Old Town', 'Escócia', 'Edimburgo', 'Reino Unido'),
(383, 'FL19', 'Anna Kovács', '(36) 10432-2587', 'AnnaKovács@gmail.com', '144.756.899-63', '26.625.433-5', '1986-02-11', 39, 'Andrássy út 5', '1061', 'Terézváros', 'Pest', 'Budapeste', 'Hungria'),
(384, 'FL09', 'Jonas Tóth', '(420) 91086-5289', 'JonasTóth@gmail.com', '692.682.635-30', '53.677.876-9', '1974-08-18', 51, 'Dlouhá 1', '11000', 'Staré Město', 'Praga', 'Praga', 'República Tcheca'),
(385, 'FL09', 'Martin Wimmer', '(420) 15068-9367', 'MartinWimmer@gmail.com', '609.657.633-71', '23.532.824-1', '1975-06-03', 50, 'Opletalova 1', '11000', 'Staré Město', 'Praga', 'Praga', 'República Tcheca'),
(386, 'FL02', 'Stefan Leitner', '(39) 15328-3476', 'StefanLeitner@gmail.com', '105.950.153-77', '55.526.333-7', '1977-03-23', 48, 'Campo de Santa Margherita 1', '30123', 'Dorsoduro', 'Vêneto', 'Veneza', 'Itália'),
(387, 'FL07', 'Niels Schmidt', '(31) 25684-6478', 'NielsSchmidt@gmail.com', '181.866.606-54', '43.606.768-5', '1995-12-27', 30, 'Singel 200', '1016', 'Centrum', 'Holanda do Norte', 'Amsterdã', 'Países Baixos'),
(388, 'FL14', 'Camilla Somogyi', '(45) 35718-2104', 'CamillaSomogyi@gmail.com', '933.403.208-71', '91.121.554-6', '2005-11-20', 20, 'Gothersgade 1', '1123', 'Indre By', 'Região da Capital', 'Copenhague', 'Dinamarca'),
(389, 'FL03', 'Tobias Kiss', '(34) 59168-4981', 'TobiasKiss@gmail.com', '408.560.814-65', '96.816.190-5', '1964-09-25', 61, 'Carrer del Palau de la Música 1', '08003', 'Eixample', 'Catalunha', 'Barcelona', 'Espanha'),
(390, 'FL08', 'Mikkel Koller', '(43) 71945-8796', 'MikkelKoller@gmail.com', '855.440.155-57', '10.588.310-8', '1994-08-07', 31, 'Graben 5', '1010', 'Innere Stadt', 'Viena', 'Viena', 'Áustria'),
(391, 'FL18', 'Sondre Veres', '(48) 19306-6928', 'SondreVeres@gmail.com', '551.713.259-23', '50.509.138-5', '1988-05-03', 37, 'Rynek Nowego Miasta 5', '00-222', 'Stare Miasto', 'Mazóvia', 'Varsóvia', 'Polônia'),
(392, 'FL06', 'Lykke Pichler', '(41) 15376-5370', 'LykkePichler@gmail.com', '797.206.609-11', '67.555.713-6', '1991-05-23', 34, 'Sihlporte 5', '8001', 'City', 'Zurique', 'Zurique', 'Suíça'),
(393, 'FL05', 'Viktor Rácz', '(32) 53067-3682', 'ViktorRácz@gmail.com', '914.130.519-55', '43.100.787-7', '1986-07-18', 39, 'Rue du Marché aux Herbes 10', '1000', 'Centro', 'Bruxelas-Capital', 'Bruxelas', 'Bélgica'),
(394, 'FL08', 'Filip Vincze', '(43) 65479-2759', 'FilipVincze@gmail.com', '240.220.211-68', '33.390.307-9', '2001-08-11', 24, 'Krugerstrasse 5', '1010', 'Innere Stadt', 'Viena', 'Viena', 'Áustria'),
(395, 'FL01', 'Lukas Reiter', '(33) 68049-6938', 'LukasReiter@gmail.com', '625.752.372-24', '79.484.353-3', '1984-04-02', 41, 'Rue Vieille-du-Temple 1', '75004', 'Le Marais', 'Île-de-France', 'Paris', 'França'),
(396, 'FL18', 'Hugo Mayr', '(48) 49581-5320', 'HugoMayr@gmail.com', '665.130.935-25', '39.693.483-1', '1969-07-13', 56, 'Ulica Senatorska 1', '00-075', 'Stare Miasto', 'Mazóvia', 'Varsóvia', 'Polônia'),
(397, 'FL15', 'Mikkel Horvath', '(46) 30194-9348', 'MikkelHorvath@gmail.com', '747.858.261-24', '57.208.177-2', '1979-07-29', 46, 'Stora Nygatan 10', '111 27', 'Gamla Stan', 'Estocolmo', 'Estocolmo', 'Suécia'),
(398, 'FL20', 'Mikkel Huber', '(90) 97162-7865', 'MikkelHuber@gmail.com', '791.350.750-71', '33.679.185-1', '1978-11-11', 47, 'Sıraselviler Caddesi 10', '34433', 'Beyoğlu', 'Istambul', 'Istambul', 'Turquia'),
(399, 'FL04', 'Zoltán MacDonald', '(44) 09267-2703', 'ZoltánMacDonald@gmail.com', '491.162.315-73', '10.933.707-8', '1968-09-06', 57, 'The Strand 100', 'WC2N 5DS', 'Westminster', 'Inglaterra', 'Londres', 'Reino Unido'),
(400, 'FL15', 'Michael König', '(46) 51048-7094', 'MichaelKönig@gmail.com', '404.672.758-49', '74.400.763-9', '1964-05-29', 61, 'Västerlånggatan 1', '111 29', 'Gamla Stan', 'Estocolmo', 'Estocolmo', 'Suécia'),
(401, 'FL13', 'Eva Juhasz', '(30) 53012-6802', 'EvaJuhasz@gmail.com', '844.616.803-27', '53.928.454-3', '2007-06-24', 18, 'Adrianou Street 10', '10555', 'Plaka', 'Ática', 'Atenas', 'Grécia'),
(402, 'FL04', 'Oskar Bauer', '(44) 72584-6425', 'OskarBauer@gmail.com', '486.602.509-19', '83.512.608-7', '1984-06-26', 41, 'Regent Street 1', 'W1B 5AH', 'West End', 'Inglaterra', 'Londres', 'Reino Unido'),
(403, 'FL16', 'Victoria Juhasz', '(47) 50836-2689', 'VictoriaJuhasz@gmail.com', '228.514.842-75', '30.456.622-9', '1965-07-08', 60, 'Frognerveien 10', '0263', 'Frogner', 'Oslo', 'Oslo', 'Noruega'),
(404, 'FL19', 'Amalie Jensen', '(36) 78059-2519', 'AmalieJensen@gmail.com', '639.955.534-93', '91.205.642-5', '1981-09-04', 44, 'Király utca 10', '1075', 'Erzsébetváros', 'Pest', 'Budapeste', 'Hungria'),
(405, 'FL08', 'Frederikke Wolf', '(43) 40928-4602', 'FrederikkeWolf@gmail.com', '121.158.963-84', '91.509.701-1', '2002-10-25', 23, 'Freyung 1', '1010', 'Innere Stadt', 'Viena', 'Viena', 'Áustria'),
(406, 'FL03', 'Vera Hofer', '(34) 84791-3269', 'VeraHofer@gmail.com', '339.291.515-69', '86.351.756-3', '1972-12-17', 53, 'Carrer de Ferran 1', '08002', 'El Gòtic', 'Catalunha', 'Barcelona', 'Espanha'),
(407, 'FL20', 'Oskar Huber', '(90) 65749-9852', 'OskarHuber@gmail.com', '481.796.101-67', '43.153.424-4', '2000-12-04', 25, 'Galata Tower 10', '34421', 'Beyoğlu', 'Istambul', 'Istambul', 'Turquia'),
(408, 'FL08', 'Tobias Bogdán', '(43) 38416-8156', 'TobiasBogdán@gmail.com', '447.574.106-34', '81.698.576-1', '2002-03-25', 23, 'Rotenturmstrasse 1', '1010', 'Innere Stadt', 'Viena', 'Viena', 'Áustria'),
(409, 'FL06', 'Mads Silva', '(41) 91436-1684', 'MadsSilva@gmail.com', '542.417.111-43', '72.143.469-2', '1995-06-15', 30, 'Limmatquai 10', '8001', 'City', 'Zurique', 'Zurique', 'Suíça'),
(410, 'FL02', 'Håkon Horvath', '(39) 80165-3425', 'HåkonHorvath@gmail.com', '745.123.406-31', '88.799.843-5', '2005-09-02', 20, 'Campo San Geremia 1', '30121', 'Cannaregio', 'Vêneto', 'Veneza', 'Itália'),
(411, 'FL02', 'Lukas Kovacs', '(39) 59784-5908', 'LukasKovacs@gmail.com', '469.668.953-12', '43.261.332-8', '2001-12-30', 24, 'San Marco 100', '30124', 'San Marco', 'Vêneto', 'Veneza', 'Itália'),
(412, 'FL17', 'Jonas Varga', '(358) 76491-9314', 'JonasVarga@gmail.com', '898.415.647-96', '45.496.431-7', '2006-11-29', 19, 'Esplanadi 10', '00130', 'Keskusta', 'Uusimaa', 'Helsinque', 'Finlândia'),
(413, 'FL08', 'Vilde Silva', '(43) 48173-2576', 'VildeSilva@gmail.com', '520.849.600-48', '41.384.764-7', '1985-08-19', 40, 'Landstrasser Hauptstrasse 1', '1030', 'Landstrasse', 'Viena', 'Viena', 'Áustria'),
(414, 'FL09', 'Felix Schmid', '(420) 46159-4178', 'FelixSchmid@gmail.com', '647.687.980-34', '22.560.575-3', '2002-04-10', 23, 'Opletalova 10', '11000', 'Staré Město', 'Praga', 'Praga', 'República Tcheca'),
(415, 'FL11', 'Arthur Schröder', '(353) 81593-7319', 'ArthurSchröder@gmail.com', '361.718.733-86', '55.673.704-1', '1999-04-07', 26, 'Wicklow Street 10', 'D02 P877', 'South City Centre', 'Dublin', 'Dublin', 'Irlanda'),
(416, 'FL17', 'Elias Kovacs', '(358) 60937-3621', 'EliasKovacs@gmail.com', '499.347.873-49', '40.884.939-4', '1981-09-12', 44, 'Mikonkatu 1', '00100', 'Kluuvi', 'Uusimaa', 'Helsinque', 'Finlândia'),
(417, 'FL07', 'Hans Sándor', '(31) 91360-7296', 'HansSándor@gmail.com', '768.240.866-16', '88.800.335-4', '2004-06-08', 21, 'Prinsengracht 1', '1016', 'Grachtengordel', 'Holanda do Norte', 'Amsterdã', 'Países Baixos'),
(418, 'FL13', 'Ronja Huber', '(30) 65892-2793', 'RonjaHuber@gmail.com', '578.196.380-65', '10.544.571-2', '1994-06-26', 31, 'Fokionos Street 1', '10559', 'Monastiraki', 'Ática', 'Atenas', 'Grécia'),
(419, 'FL19', 'Oliver Török', '(36) 10936-7384', 'OliverTörök@gmail.com', '508.301.794-37', '43.310.437-7', '1971-11-15', 54, 'Nagymező utca 1', '1065', 'Terézváros', 'Pest', 'Budapeste', 'Hungria'),
(420, 'FL17', 'Anja Csonka', '(358) 87134-2875', 'AnjaCsonka@gmail.com', '349.790.523-94', '37.109.214-8', '1977-09-10', 48, 'Bulevardi 10', '00120', 'Punavuori', 'Uusimaa', 'Helsinque', 'Finlândia'),
(421, 'FL01', 'Joao Kovács', '(33) 62589-0683', 'JoaoKovács@gmail.com', '543.741.453-18', '33.907.732-3', '2007-07-01', 18, 'Rue du Faubourg Saint-Denis 10', '75010', 'Faubourg Saint-Denis', 'Île-de-France', 'Paris', 'França'),
(422, 'FL14', 'Olivia Frank', '(45) 10825-1463', 'OliviaFrank@gmail.com', '419.348.355-82', '34.815.705-6', '1983-01-06', 42, 'Købmagergade 1', '1150', 'Indre By', 'Região da Capital', 'Copenhague', 'Dinamarca'),
(423, 'FL02', 'Emilie Schulz', '(39) 59436-7836', 'EmilieSchulz@gmail.com', '495.257.666-33', '66.778.205-1', '1985-07-25', 40, 'San Marco 10', '30124', 'San Marco', 'Vêneto', 'Veneza', 'Itália'),
(424, 'FL05', 'Aurora Horvath', '(32) 06425-8726', 'AuroraHorvath@gmail.com', '343.847.178-72', '56.655.279-4', '2003-08-04', 22, 'Rue de l’Etuve 5', '1000', 'Centro', 'Bruxelas-Capital', 'Bruxelas', 'Bélgica'),
(425, 'FL20', 'Isabella Fischer', '(90) 40189-6823', 'IsabellaFischer@gmail.com', '696.820.596-11', '52.131.992-2', '1966-03-21', 59, 'İstiklal Caddesi 5', '34435', 'Beyoğlu', 'Istambul', 'Istambul', 'Turquia'),
(426, 'FL08', 'Maja Silva', '(43) 18092-9467', 'MajaSilva@gmail.com', '345.280.345-29', '27.774.728-7', '1994-04-29', 31, 'Wipplingerstrasse 1', '1010', 'Innere Stadt', 'Viena', 'Viena', 'Áustria'),
(427, 'FL19', 'Frederikke Rácz', '(36) 58742-5630', 'FrederikkeRácz@gmail.com', '908.702.732-41', '38.174.846-1', '1966-08-28', 59, 'Andrássy út 20', '1061', 'Terézváros', 'Pest', 'Budapeste', 'Hungria'),
(428, 'FL08', 'Linnéa Szabó', '(43) 82451-5718', 'LinnéaSzabó@gmail.com', '156.222.273-96', '46.653.239-4', '1984-11-03', 41, 'Mariahilfer Strasse 1', '1070', 'Neubau', 'Viena', 'Viena', 'Áustria'),
(429, 'FL03', 'Frida Pásztor', '(34) 41689-4721', 'FridaPásztor@gmail.com', '934.697.679-81', '78.406.467-3', '1998-04-03', 27, 'Carrer del Pi 1', '08002', 'El Gòtic', 'Catalunha', 'Barcelona', 'Espanha'),
(430, 'FL05', 'Magnus Balogh', '(32) 69751-0698', 'MagnusBalogh@gmail.com', '872.786.295-77', '24.724.777-4', '1973-02-28', 52, 'Rue du Marché aux Herbes 1', '1000', 'Centro', 'Bruxelas-Capital', 'Bruxelas', 'Bélgica'),
(431, 'FL02', 'Luna Weber', '(39) 50937-3814', 'LunaWeber@gmail.com', '541.250.692-41', '20.129.383-3', '1965-06-09', 60, 'Cannaregio 50', '30121', 'Cannaregio', 'Vêneto', 'Veneza', 'Itália'),
(432, 'FL02', 'August Zimmermann', '(39) 27596-6952', 'AugustZimmermann@gmail.com', '720.276.191-41', '80.344.997-7', '1987-07-15', 38, 'Campo San Geremia 10', '30121', 'Cannaregio', 'Vêneto', 'Veneza', 'Itália'),
(433, 'FL08', 'Mathias Török', '(43) 23096-6790', 'MathiasTörök@gmail.com', '938.655.299-35', '83.835.630-4', '1979-06-20', 46, 'Hoher Markt 1', '1010', 'Innere Stadt', 'Viena', 'Viena', 'Áustria'),
(434, 'FL17', 'Olivia Maier', '(358) 46158-1268', 'OliviaMaier@gmail.com', '142.557.311-96', '52.900.468-7', '1978-05-23', 47, 'Aleksanterinkatu 2', '00100', 'Kluuvi', 'Uusimaa', 'Helsinque', 'Finlândia'),
(435, 'FL16', 'Astrid Meyer', '(47) 53961-8351', 'AstridMeyer@gmail.com', '295.698.120-17', '17.354.930-2', '1988-05-21', 37, 'Prinsens gate 1', '0154', 'Sentrum', 'Oslo', 'Oslo', 'Noruega'),
(436, 'FL02', 'Silke Murphy', '(39) 48071-8670', 'SilkeMurphy@gmail.com', '960.951.797-59', '67.742.699-3', '1990-05-17', 35, 'Calle del Correr 1', '30124', 'San Marco', 'Vêneto', 'Veneza', 'Itália'),
(437, 'FL05', 'Sara Müller', '(32) 79218-1947', 'SaraMüller@gmail.com', '592.772.788-39', '25.299.335-4', '1966-02-22', 59, 'Rue du Lombard 1', '1000', 'Centro', 'Bruxelas-Capital', 'Bruxelas', 'Bélgica'),
(438, 'FL03', 'Ella Vincze', '(34) 91750-2769', 'EllaVincze@gmail.com', '463.581.495-69', '24.739.493-1', '1976-10-13', 49, 'Carrer de Ferran 1', '08002', 'El Gòtic', 'Catalunha', 'Barcelona', 'Espanha'),
(439, 'FL19', 'Lærke Balázs', '(36) 73045-4386', 'LærkeBalázs@gmail.com', '335.387.421-10', '11.934.938-8', '1978-06-24', 47, 'Váci utca 1', '1052', 'Belváros', 'Pest', 'Budapeste', 'Hungria'),
(440, 'FL15', 'Olivia Kovacs', '(46) 17260-1253', 'OliviaKovacs@gmail.com', '568.720.367-32', '11.767.636-8', '1998-12-15', 27, 'Tyska Brunnsplan 20', '111 29', 'Gamla Stan', 'Estocolmo', 'Estocolmo', 'Suécia'),
(441, 'FL06', 'Vilde Rácz', '(41) 13427-8325', 'VildeRácz@gmail.com', '140.855.492-83', '27.299.327-1', '1998-05-06', 27, 'Rämistrasse 15', '8001', 'City', 'Zurique', 'Zurique', 'Suíça'),
(442, 'FL08', 'Oskar Hahn', '(43) 48392-9528', 'OskarHahn@gmail.com', '716.466.145-17', '23.335.554-9', '2002-11-03', 23, 'Freyung 15', '1010', 'Innere Stadt', 'Viena', 'Viena', 'Áustria'),
(443, 'FL15', 'Gustav Dubois', '(46) 81437-4692', 'GustavDubois@gmail.com', '112.860.280-70', '70.858.229-5', '1992-12-08', 33, 'Lilla Nygatan 20', '111 27', 'Gamla Stan', 'Estocolmo', 'Estocolmo', 'Suécia'),
(444, 'FL02', 'Linnéa Kovács', '(39) 95638-7831', 'LinnéaKovács@gmail.com', '386.836.173-79', '41.819.519-6', '1971-08-29', 54, 'San Marco 1', '30124', 'San Marco', 'Vêneto', 'Veneza', 'Itália'),
(445, 'FL06', 'Aurora Dupont', '(41) 32906-7235', 'AuroraDupont@gmail.com', '897.563.375-10', '51.381.658-6', '1995-04-14', 30, 'Sihlporte 15', '8001', 'City', 'Zurique', 'Zurique', 'Suíça'),
(446, 'FL19', 'Noah Fischer', '(36) 67350-2103', 'NoahFischer@gmail.com', '837.281.197-79', '13.618.257-5', '1994-07-24', 31, 'Andrássy út 40', '1061', 'Terézváros', 'Pest', 'Budapeste', 'Hungria'),
(447, 'FL08', 'Vetle Papp', '(43) 03524-0716', 'VetlePapp@gmail.com', '253.205.983-28', '80.298.959-5', '1967-07-22', 58, 'Wollzeile 5', '1010', 'Innere Stadt', 'Viena', 'Viena', 'Áustria'),
(448, 'FL14', 'Sophie Murphy', '(45) 34260-1762', 'SophieMurphy@gmail.com', '205.929.725-63', '38.115.733-2', '2006-10-27', 19, 'Bredgade 10', '1260', 'Indre By', 'Região da Capital', 'Copenhague', 'Dinamarca'),
(449, 'FL16', 'Klara Richter', '(47) 45132-8620', 'KlaraRichter@gmail.com', '236.318.104-10', '57.813.619-8', '1995-01-30', 30, 'Kirkeveien 15', '0368', 'Frogner', 'Oslo', 'Oslo', 'Noruega'),
(450, 'FL03', 'William Forster', '(34) 86190-6408', 'WilliamForster@gmail.com', '995.319.663-79', '38.634.346-6', '1979-06-21', 46, 'Avinguda Diagonal 10', '08008', 'Eixample', 'Catalunha', 'Barcelona', 'Espanha'),
(451, 'FL05', 'Ole Dudás', '(32) 67589-3258', 'OleDudás@gmail.com', '520.137.818-38', '64.452.433-4', '1986-02-16', 39, 'Rue du Lombard 1', '1000', 'Centro', 'Bruxelas-Capital', 'Bruxelas', 'Bélgica'),
(452, 'FL06', 'Johan Varga', '(41) 83479-3249', 'JohanVarga@gmail.com', '314.253.294-94', '69.509.756-2', '1971-12-30', 54, 'Münstergasse 1', '8001', 'City', 'Zurique', 'Zurique', 'Suíça'),
(453, 'FL10', 'Vilhelm Hoffmann', '(351) 34258-8027', 'VilhelmHoffmann@gmail.com', '546.603.182-10', '33.248.524-3', '1969-12-30', 56, 'Rua da Madalena 100', '1100-318', 'Alfama', 'Lisboa', 'Lisboa', 'Portugal'),
(454, 'FL12', 'Elina Huber', '(44) 74593-6038', 'ElinaHuber@gmail.com', '963.608.365-42', '37.305.220-5', '1980-05-15', 45, 'The Mound 10', 'EH2 2EL', 'Old Town', 'Escócia', 'Edimburgo', 'Reino Unido'),
(455, 'FL12', 'Victoria Brandl', '(44) 90216-6582', 'VictoriaBrandl@gmail.com', '798.711.611-20', '78.861.565-3', '1965-01-04', 60, 'Lothian Road 10', 'EH3 9AG', 'Tollcross', 'Escócia', 'Edimburgo', 'Reino Unido'),
(456, 'FL20', 'Jens Lakatos', '(90) 89640-7591', 'JensLakatos@gmail.com', '116.362.174-68', '93.801.416-7', '1976-01-10', 49, 'Sıraselviler Caddesi 40', '34433', 'Beyoğlu', 'Istambul', 'Istambul', 'Turquia'),
(457, 'FL15', 'Alva Kiss', '(46) 79052-8072', 'AlvaKiss@gmail.com', '565.172.939-62', '58.114.395-3', '1971-05-24', 54, 'Västerlånggatan 25', '111 29', 'Gamla Stan', 'Estocolmo', 'Estocolmo', 'Suécia'),
(458, 'FL16', 'Laurits Lange', '(47) 97046-8091', 'LauritsLange@gmail.com', '523.771.763-48', '42.461.951-3', '1977-01-22', 48, 'Møllergata 1', '0179', 'Sentrum', 'Oslo', 'Oslo', 'Noruega'),
(459, 'FL02', 'Magnus Bauer', '(39) 74508-7450', 'MagnusBauer@gmail.com', '508.598.740-81', '98.359.116-4', '1982-01-28', 43, 'Campo San Geremia 20', '30121', 'Cannaregio', 'Vêneto', 'Veneza', 'Itália'),
(460, 'FL20', 'Mette Kiss', '(90) 41395-2795', 'MetteKiss@gmail.com', '417.549.670-27', '12.978.189-7', '1989-08-24', 36, 'İstiklal Caddesi 2', '34435', 'Beyoğlu', 'Istambul', 'Istambul', 'Turquia'),
(461, 'FL11', 'Hanna Kovacs', '(353) 78245-9857', 'HannaKovacs@gmail.com', '109.568.550-44', '28.876.167-6', '1961-10-25', 64, 'Wicklow Street 1', 'D02 P877', 'South City Centre', 'Dublin', 'Dublin', 'Irlanda'),
(462, 'FL09', 'Ludvig MacDonald', '(420) 15723-9205', 'LudvigMacDonald@gmail.com', '945.354.288-82', '42.134.611-3', '1967-11-30', 58, 'Nerudova 1', '11800', 'Malá Strana', 'Praga', 'Praga', 'República Tcheca'),
(463, 'FL16', 'Vilja Grosz', '(47) 05318-3618', 'ViljaGrosz@gmail.com', '904.590.429-22', '11.876.594-3', '1997-01-22', 28, 'Karl Johans gate 20', '0154', 'Sentrum', 'Oslo', 'Oslo', 'Noruega'),
(464, 'FL15', 'Emilie Zimmermann', '(46) 52034-0839', 'EmilieZimmermann@gmail.com', '462.901.539-17', '28.366.699-8', '1975-02-09', 50, 'Stora Nygatan 20', '111 27', 'Gamla Stan', 'Estocolmo', 'Estocolmo', 'Suécia'),
(465, 'FL03', 'Frederikke Horvath', '(34) 51903-9840', 'FrederikkeHorvath@gmail.com', '290.558.987-64', '47.377.267-6', '1972-11-25', 53, 'Carrer de Sant Antoni 10', '08001', 'Raval', 'Catalunha', 'Barcelona', 'Espanha'),
(466, 'FL10', 'Josefine Pichler', '(351) 12063-3765', 'JosefinePichler@gmail.com', '634.219.449-35', '62.295.846-6', '1994-04-30', 31, 'Rua Garrett 1', '1200-204', 'Chiado', 'Lisboa', 'Lisboa', 'Portugal'),
(467, 'FL01', 'Nora Molnár', '(33) 32976-0389', 'NoraMolnár@gmail.com', '405.752.837-96', '82.426.619-9', '1993-10-04', 32, 'Rue de l’Odéon 1', '75006', 'Saint-Germain', 'Île-de-France', 'Paris', 'França'),
(468, 'FL18', 'Einar Fekete', '(48) 62738-1497', 'EinarFekete@gmail.com', '487.771.760-51', '33.889.705-4', '1982-06-06', 43, 'Ulica Senatorska 10', '00-075', 'Stare Miasto', 'Mazóvia', 'Varsóvia', 'Polônia'),
(469, 'FL19', 'Ole Wolf', '(36) 34102-3508', 'OleWolf@gmail.com', '697.496.659-70', '64.973.680-7', '2006-03-16', 19, 'Gozsdu Udvar 1', '1075', 'Erzsébetváros', 'Pest', 'Budapeste', 'Hungria'),
(470, 'FL12', 'Mikkel Hahn', '(44) 24536-6785', 'MikkelHahn@gmail.com', '340.470.683-14', '81.173.632-5', '2000-04-24', 25, 'The Mound 1', 'EH2 2EL', 'Old Town', 'Escócia', 'Edimburgo', 'Reino Unido'),
(471, 'FL16', 'Nora Wolf', '(47) 52901-5203', 'NoraWolf@gmail.com', '498.707.861-52', '89.139.564-8', '1974-12-11', 51, 'Frognerveien 5', '0263', 'Frogner', 'Oslo', 'Oslo', 'Noruega'),
(472, 'FL13', 'Freja Dudás', '(30) 58401-2914', 'FrejaDudás@gmail.com', '677.713.669-10', '48.234.684-8', '1997-10-08', 28, 'Lissiou Street 10', '10556', 'Plaka', 'Ática', 'Atenas', 'Grécia'),
(473, 'FL07', 'William Toth', '(31) 70832-7621', 'WilliamToth@gmail.com', '183.216.727-83', '72.889.496-5', '1995-10-03', 30, 'Rosengracht 10', '1016', 'Jordaan', 'Holanda do Norte', 'Amsterdã', 'Países Baixos'),
(474, 'FL20', 'Live Vincze', '(90) 32016-4239', 'LiveVincze@gmail.com', '882.731.450-62', '40.190.815-2', '1964-12-16', 61, 'İstiklal Caddesi 1', '34435', 'Beyoğlu', 'Istambul', 'Istambul', 'Turquia'),
(475, 'FL17', 'Vetle Leitner', '(358) 79031-7508', 'VetleLeitner@gmail.com', '312.652.386-98', '14.299.620-3', '1993-06-03', 32, 'Mikonkatu 10', '00100', 'Kluuvi', 'Uusimaa', 'Helsinque', 'Finlândia'),
(476, 'FL06', 'Olga Nováková', '(41) 82065-8940', 'OlgaNováková@gmail.com', '397.892.987-75', '13.968.817-3', '1969-11-01', 56, 'Sihlporte 100', '8001', 'City', 'Zurique', 'Zurique', 'Suíça'),
(477, 'FL19', 'Alma Arnold', '(36) 71854-4015', 'AlmaArnold@gmail.com', '312.364.308-91', '26.819.610-6', '1992-12-03', 33, 'Király utca 15', '1075', 'Erzsébetváros', 'Pest', 'Budapeste', 'Hungria'),
(478, 'FL03', 'Ronja Aigner', '(34) 02134-7248', 'RonjaAigner@gmail.com', '386.202.698-86', '28.505.769-2', '1985-11-02', 40, 'Plaça Reial 1', '08002', 'El Gòtic', 'Catalunha', 'Barcelona', 'Espanha'),
(479, 'CF01', 'Amalie Forster', '(49) 74952-7046', 'AmalieForster@gmail.com', '705.321.856-69', '37.280.966-3', '1980-01-24', 45, 'Auguststrasse 1', '10117', 'Mitte', 'Berlim', 'Berlim', 'Alemanha'),
(480, 'FL17', 'William Ebner', '(358) 54693-1875', 'WilliamEbner@gmail.com', '373.423.860-20', '71.216.112-9', '1974-07-04', 51, 'Bulevardi 20', '00120', 'Punavuori', 'Uusimaa', 'Helsinque', 'Finlândia'),
(481, 'FL11', 'Agnes Szabo', '(353) 42753-9875', 'AgnesSzabo@gmail.com', '618.472.322-75', '64.826.752-9', '1979-01-25', 46, 'O\'Connell Street 10', 'D01 C3A4', 'North City Centre', 'Dublin', 'Dublin', 'Irlanda'),
(482, 'CF01', 'Saga Juhász', '(49) 80456-8756', 'SagaJuhász@gmail.com', '720.565.931-51', '43.208.323-2', '1997-09-30', 28, 'Unter den Linden 5', '10117', 'Mitte', 'Berlim', 'Berlim', 'Alemanha'),
(483, 'FL02', 'Thea Wallner', '(39) 51620-8546', 'TheaWallner@gmail.com', '992.633.429-75', '91.668.174-3', '1960-07-18', 65, 'Rialto Bridge 5', '30125', 'San Polo', 'Vêneto', 'Veneza', 'Itália'),
(484, 'FL20', 'Freja Kiss', '(90) 60948-2658', 'FrejaKiss@gmail.com', '472.889.384-12', '34.484.221-2', '1977-03-26', 48, 'Serdar-ı Ekrem Caddesi 50', '34421', 'Beyoğlu', 'Istambul', 'Istambul', 'Turquia'),
(485, 'FL03', 'Ida Lange', '(34) 94072-8123', 'IdaLange@gmail.com', '541.763.928-85', '99.396.664-8', '1965-09-07', 60, 'Carrer del Pi 5', '08002', 'El Gòtic', 'Catalunha', 'Barcelona', 'Espanha'),
(486, 'FL17', 'Emma Fekete', '(358) 90173-1720', 'EmmaFekete@gmail.com', '216.541.289-53', '30.319.947-5', '1977-06-23', 48, 'Mikonkatu 5', '00100', 'Kluuvi', 'Uusimaa', 'Helsinque', 'Finlândia'),
(487, 'FL20', 'Mikkel Wagner', '(90) 89563-3570', 'MikkelWagner@gmail.com', '612.333.707-63', '55.807.895-4', '1986-05-17', 39, 'Sıraselviler Caddesi 15', '34433', 'Beyoğlu', 'Istambul', 'Istambul', 'Turquia'),
(488, 'FL04', 'Camilla Holzer', '(44) 35426-4853', 'CamillaHolzer@gmail.com', '743.585.315-72', '65.201.210-8', '1995-05-20', 30, 'Bond Street 10', 'W1S 2AB', 'Mayfair', 'Inglaterra', 'Londres', 'Reino Unido'),
(489, 'FL02', 'Filip Koller', '(39) 65413-8962', 'FilipKoller@gmail.com', '273.536.656-81', '57.303.319-1', '1984-01-03', 41, 'San Marco 10', '30124', 'San Marco', 'Vêneto', 'Veneza', 'Itália'),
(490, 'FL06', 'Josefine Szabó', '(41) 68743-3498', 'JosefineSzabó@gmail.com', '621.265.489-61', '85.625.654-6', '1970-08-19', 55, 'Bahnhofstrasse 10', '8001', 'City', 'Zurique', 'Zurique', 'Suíça'),
(491, 'FL20', 'Emil Juhasz', '(90) 10923-5183', 'EmilJuhasz@gmail.com', '468.235.119-18', '78.268.735-6', '1979-07-02', 46, 'Galata Tower 5', '34421', 'Beyoğlu', 'Istambul', 'Istambul', 'Turquia'),
(492, 'FL12', 'Naja Kiss', '(44) 69705-0241', 'NajaKiss@gmail.com', '399.464.115-31', '90.503.392-8', '1979-04-20', 46, 'The Mound 10', 'EH2 2EL', 'Old Town', 'Escócia', 'Edimburgo', 'Reino Unido'),
(493, 'FL02', 'Anna Szabo', '(39) 81267-0546', 'AnnaSzabo@gmail.com', '399.437.283-24', '25.503.701-6', '1965-05-27', 60, 'Calle del Correr 5', '30124', 'San Marco', 'Vêneto', 'Veneza', 'Itália'),
(494, 'FL19', 'Marie Leitner', '(36) 41709-9231', 'MarieLeitner@gmail.com', '138.394.769-54', '55.852.594-7', '1964-09-28', 61, 'Váci utca 10', '1052', 'Belváros', 'Pest', 'Budapeste', 'Hungria'),
(495, 'FL02', 'Ludvig Bognár', '(39) 43265-6975', 'LudvigBognár@gmail.com', '176.167.228-73', '21.238.546-2', '1981-03-25', 44, 'Dorsoduro 1', '30123', 'Dorsoduro', 'Vêneto', 'Veneza', 'Itália'),
(496, 'FL09', 'Tobias Moser', '(420) 29631-0984', 'TobiasMoser@gmail.com', '385.239.812-11', '12.903.339-4', '1980-12-25', 45, 'Michalská 1', '11000', 'Staré Město', 'Praga', 'Praga', 'República Tcheca'),
(497, 'FL15', 'Sophie Farkas', '(46) 12786-7316', 'SophieFarkas@gmail.com', '648.303.436-95', '76.148.834-3', '1985-08-07', 40, 'Västerlånggatan 15', '111 29', 'Gamla Stan', 'Estocolmo', 'Estocolmo', 'Suécia'),
(498, 'FL01', 'Sander Schröder', '(33) 53701-4631', 'SanderSchröder@gmail.com', '473.469.175-40', '89.492.177-3', '1997-12-06', 28, 'Rue du Faubourg Saint-Honoré 1', '75008', 'Saint-Germain', 'Île-de-France', 'Paris', 'França'),
(499, 'FL08', 'Maja Steiner', '(43) 81347-7028', 'MajaSteiner@gmail.com', '423.310.464-46', '38.533.107-4', '1982-03-10', 43, 'Seilergasse 10', '1010', 'Innere Stadt', 'Viena', 'Viena', 'Áustria'),
(500, 'FL20', 'Jakob Kelemen', '(90) 17253-5041', 'JakobKelemen@gmail.com', '670.578.220-89', '82.278.864-6', '1994-09-13', 31, 'Galata Tower 1', '34421', 'Beyoğlu', 'Istambul', 'Istambul', 'Turquia');

INSERT INTO Estoque (id_estoque, id_filial, nome_do_chocolate, quantidade_estoque, data_de_validade, data_que_foi_entregue, tipo_do_chocolate, peso) VALUES
(1, 'FL19', 'Caramelo Crocante', 250, '2026-08-15', '2025-09-01', 'Chocolate ao Leite', 0.15),
(2, 'FL02', 'Trufa de Maracujá', 180, '2026-07-20', '2025-09-02', 'Chocolate Branco', 0.10),
(3, 'FL08', 'Bombom de Cereja', 300, '2026-09-10', '2025-09-03', 'Chocolate Amargo', 0.20),
(4, 'FL12', 'Barra de Avelã', 150, '2026-10-05', '2025-09-04', 'Chocolate ao Leite', 0.25),
(5, 'FL05', 'Chocolate Negro 70%', 400, '2027-01-30', '2025-09-05', 'Chocolate Amargo', 0.30),
(6, 'FL06', 'Choco Mint', 220, '2026-12-25', '2025-09-06', 'Chocolate Meio Amargo', 0.12),
(7, 'FL01', 'Praliné de Coco', 190, '2026-11-10', '2025-09-07', 'Chocolate Branco', 0.18),
(8, 'FL07', 'Bombom de Limão', 280, '2026-06-08', '2025-09-08', 'Chocolate ao Leite', 0.15),
(9, 'FL14', 'Chocolate com Morango', 350, '2026-05-28', '2025-09-09', 'Chocolate Branco', 0.22),
(10, 'FL11', 'Trufa de Café', 160, '2026-04-12', '2025-09-10', 'Chocolate Amargo', 0.10),
(11, 'FL06', 'Gotas de Chocolate', 500, '2027-03-01', '2025-09-11', 'Chocolate ao Leite', 0.50),
(12, 'FL18', 'Tablete de Caramelo Salgado', 270, '2026-02-15', '2025-09-12', 'Chocolate Meio Amargo', 0.20),
(13, 'FL09', 'Chocolate Quente Mix', 120, '2026-03-20', '2025-09-13', 'Chocolate em Pó', 0.40),
(14, 'FL20', 'Bombons de Pimenta', 90, '2026-06-15', '2025-09-14', 'Chocolate Amargo', 0.15),
(15, 'FL02', 'Ovo de Páscoa ao Leite', 130, '2026-09-01', '2025-09-15', 'Chocolate ao Leite', 0.35),
(16, 'FL04', 'Barra de Pistache', 210, '2026-04-10', '2025-09-16', 'Chocolate Branco', 0.25),
(17, 'FL16', 'Trufa de Champanhe', 145, '2026-08-25', '2025-09-17', 'Chocolate ao Leite', 0.10),
(18, 'FL10', 'Chocolate com Laranja', 310, '2026-11-28', '2025-09-18', 'Chocolate Amargo', 0.18),
(19, 'FL13', 'Barrinhas de Castanha', 175, '2026-05-05', '2025-09-19', 'Chocolate Meio Amargo', 0.20),
(20, 'FL17', 'Bombom de Damasco', 260, '2026-08-01', '2025-09-20', 'Chocolate ao Leite', 0.15),
(21, 'FL01', 'Chocolate Crocante', 280, '2026-10-30', '2025-09-21', 'Chocolate ao Leite', 0.25),
(22, 'FL03', 'Tablete de Canela', 195, '2026-08-10', '2025-09-22', 'Chocolate Amargo', 0.20),
(23, 'FL08', 'Trufa de Marzipan', 315, '2026-06-15', '2025-09-23', 'Chocolate Branco', 0.10),
(24, 'FL12', 'Bombom de Caramelo', 170, '2026-04-05', '2025-09-24', 'Chocolate ao Leite', 0.15),
(25, 'FL05', 'Barra de Amendoim', 380, '2026-09-01', '2025-09-25', 'Chocolate Meio Amargo', 0.25),
(26, 'FL19', 'Chocolate Orgânico 85%', 95, '2026-12-15', '2025-09-26', 'Chocolate Amargo', 0.30),
(27, 'FL01', 'Praliné de Nozes', 240, '2026-03-05', '2025-09-27', 'Chocolate ao Leite', 0.18),
(28, 'FL07', 'Chocolate com Flor de Sal', 155, '2026-01-20', '2025-09-28', 'Chocolate Amargo', 0.12),
(29, 'FL14', 'Tablete de Café', 205, '2026-07-05', '2025-09-29', 'Chocolate ao Leite', 0.20),
(30, 'FL11', 'Trufa de Pistache', 185, '2026-06-10', '2025-09-30', 'Chocolate Branco', 0.10),
(31, 'FL06', 'Chocolate com Passas', 330, '2026-04-15', '2025-10-01', 'Chocolate ao Leite', 0.25),
(32, 'FL18', 'Bombom de Praliné', 215, '2026-01-05', '2025-10-02', 'Chocolate Meio Amargo', 0.15),
(33, 'FL09', 'Barra de Gengibre', 140, '2026-08-15', '2025-10-03', 'Chocolate Amargo', 0.25),
(34, 'FL20', 'Gotas de Chocolate Branco', 450, '2026-05-15', '2025-10-04', 'Chocolate Branco', 0.50),
(35, 'FL02', 'Trufa de Hortelã', 170, '2026-02-28', '2025-10-05', 'Chocolate Meio Amargo', 0.10),
(36, 'FL04', 'Barra de Castanha-do-Pará', 290, '2026-10-20', '2025-10-06', 'Chocolate ao Leite', 0.25),
(37, 'FL16', 'Chocolate de Menta', 200, '2026-02-10', '2025-10-07', 'Chocolate Amargo', 0.18),
(38, 'FL10', 'Tablete de Mel', 310, '2026-05-01', '2025-10-08', 'Chocolate ao Leite', 0.20),
(39, 'FL13', 'Bombom de Figo', 135, '2026-07-25', '2025-10-09', 'Chocolate Amargo', 0.15),
(40, 'FL17', 'Chocolate com Pimenta', 110, '2026-01-10', '2025-10-10', 'Chocolate Amargo', 0.12),
(41, 'FL15', 'Trufa de Vinho', 265, '2026-03-25', '2025-10-11', 'Chocolate Meio Amargo', 0.10),
(42, 'FL03', 'Tablete de Praliné', 180, '2026-09-05', '2025-10-12', 'Chocolate ao Leite', 0.20),
(43, 'FL08', 'Chocolate com Amêndoas', 320, '2026-06-20', '2025-10-13', 'Chocolate Amargo', 0.25),
(44, 'FL12', 'Bombom de Caramelo Salgado', 160, '2026-11-10', '2025-10-14', 'Chocolate Meio Amargo', 0.15),
(45, 'FL05', 'Barra de Cacau 90%', 420, '2026-02-25', '2025-10-15', 'Chocolate Amargo', 0.30),
(46, 'FL19', 'Chocolate com Castanhas', 230, '2026-07-05', '2025-10-16', 'Chocolate ao Leite', 0.22),
(47, 'FL01', 'Praliné de Framboesa', 290, '2026-10-05', '2025-10-17', 'Chocolate Branco', 0.18),
(48, 'FL07', 'Chocolate com Gengibre', 140, '2026-09-15', '2025-10-18', 'Chocolate Amargo', 0.12),
(49, 'FL14', 'Tablete de Canela', 215, '2026-05-15', '2025-10-19', 'Chocolate ao Leite', 0.20),
(50, 'FL11', 'Trufa de Coco', 170, '2026-08-01', '2025-10-20', 'Chocolate Branco', 0.10),
(51, 'FL06', 'Gotas de Chocolate Amargo', 550, '2026-11-08', '2025-10-21', 'Chocolate Amargo', 0.50),
(52, 'FL18', 'Barra de Avelã e Flor de Sal', 280, '2026-01-25', '2025-10-22', 'Chocolate Meio Amargo', 0.25),
(53, 'FL09', 'Chocolate de Amêndoas', 125, '2026-03-20', '2025-10-23', 'Chocolate ao Leite', 0.20),
(54, 'FL20', 'Chocolate com Café', 105, '2026-07-01', '2025-10-24', 'Chocolate Amargo', 0.15),
(55, 'FL02', 'Trufa de Marzipan', 140, '2026-04-15', '2025-10-25', 'Chocolate Branco', 0.10),
(56, 'FL04', 'Barra de Morango', 220, '2026-09-01', '2025-10-26', 'Chocolate Branco', 0.25),
(57, 'FL16', 'Chocolate Quente Gourmet', 160, '2026-09-10', '2025-10-27', 'Chocolate em Pó', 0.40),
(58, 'FL10', 'Bombom de Laranja', 330, '2026-02-10', '2025-10-28', 'Chocolate Amargo', 0.15),
(59, 'FL13', 'Tablete de Cereja', 185, '2026-03-15', '2025-10-29', 'Chocolate ao Leite', 0.20),
(60, 'FL17', 'Chocolate com Pimenta Rosa', 100, '2026-05-25', '2025-10-30', 'Chocolate Meio Amargo', 0.12),
(61, 'FL15', 'Trufa de Avelã', 295, '2026-05-10', '2025-10-31', 'Chocolate ao Leite', 0.10),
(62, 'FL03', 'Chocolate em Calda', 410, '2026-10-15', '2025-11-01', 'Chocolate ao Leite', 0.50),
(63, 'FL08', 'Barra de Coco', 260, '2026-02-01', '2025-11-02', 'Chocolate Branco', 0.25),
(64, 'FL12', 'Bombom de Morango', 170, '2026-04-15', '2025-11-03', 'Chocolate ao Leite', 0.15),
(65, 'FL05', 'Chocolate Orgânico 70%', 390, '2026-08-25', '2025-11-04', 'Chocolate Amargo', 0.30),
(66, 'FL19', 'Tablete de Laranja', 240, '2026-12-10', '2025-11-05', 'Chocolate Meio Amargo', 0.20),
(67, 'FL01', 'Trufa de Chocolate Branco', 200, '2026-05-20', '2025-11-06', 'Chocolate Branco', 0.10),
(68, 'FL07', 'Chocolate com Amendoim', 165, '2026-03-05', '2025-11-07', 'Chocolate ao Leite', 0.18),
(69, 'FL14', 'Bombom de Champanhe', 300, '2026-09-01', '2025-11-08', 'Chocolate ao Leite', 0.15),
(70, 'FL11', 'Barra de Caramelo Salgado', 180, '2026-06-10', '2025-11-09', 'Chocolate Amargo', 0.25),
(71, 'FL06', 'Choco Branco e Coco', 225, '2026-10-30', '2025-11-10', 'Chocolate Branco', 0.12),
(72, 'FL18', 'Gotas de Meio Amargo', 510, '2026-02-15', '2025-11-11', 'Chocolate Meio Amargo', 0.50),
(73, 'FL09', 'Chocolate Amargo 60%', 145, '2026-03-20', '2025-11-12', 'Chocolate Amargo', 0.20),
(74, 'FL20', 'Trufa de Morango', 115, '2026-07-01', '2025-11-13', 'Chocolate Branco', 0.10),
(75, 'FL02', 'Barra de Gianduia', 240, '2026-04-15', '2025-11-14', 'Chocolate ao Leite', 0.25),
(76, 'FL04', 'Chocolate com Pedaços de Biscoito', 300, '2026-09-01', '2025-11-15', 'Chocolate ao Leite', 0.20),
(77, 'FL16', 'Bombons de Cereja', 155, '2026-09-10', '2025-11-16', 'Chocolate Amargo', 0.15),
(78, 'FL10', 'Chocolate com Café e Canela', 320, '2026-02-10', '2025-11-17', 'Chocolate Amargo', 0.18),
(79, 'FL13', 'Tablete de Menta', 145, '2026-03-15', '2025-11-18', 'Chocolate Meio Amargo', 0.20),
(80, 'FL17', 'Chocolate com Nozes Pecan', 125, '2026-05-25', '2025-11-19', 'Chocolate ao Leite', 0.12),
(81, 'FL15', 'Trufa de Maracujá', 280, '2026-05-10', '2025-11-20', 'Chocolate Branco', 0.10),
(82, 'FL03', 'Barra de Praliné Crocante', 400, '2026-10-15', '2025-11-21', 'Chocolate ao Leite', 0.25),
(83, 'FL08', 'Chocolate Amargo 85%', 270, '2026-02-01', '2025-11-22', 'Chocolate Amargo', 0.30),
(84, 'FL12', 'Bombom de Café', 160, '2026-04-15', '2025-11-23', 'Chocolate Meio Amargo', 0.15),
(85, 'FL05', 'Barra de Flor de Sal', 350, '2026-08-25', '2025-11-24', 'Chocolate Amargo', 0.25),
(86, 'FL19', 'Chocolate com Pistache', 210, '2026-12-10', '2025-11-25', 'Chocolate Branco', 0.22),
(87, 'FL01', 'Trufa de Vinho do Porto', 285, '2026-05-20', '2025-11-26', 'Chocolate Meio Amargo', 0.10),
(88, 'FL07', 'Chocolate com Canela', 150, '2026-03-05', '2025-11-27', 'Chocolate Amargo', 0.18),
(89, 'FL14', 'Tablete de Mel', 225, '2026-09-01', '2025-11-28', 'Chocolate ao Leite', 0.20),
(90, 'FL11', 'Bombom de Figo', 190, '2026-06-10', '2025-11-29', 'Chocolate Amargo', 0.15),
(91, 'FL06', 'Gotas de Chocolate ao Leite', 480, '2026-10-30', '2025-11-30', 'Chocolate ao Leite', 0.50),
(92, 'FL18', 'Barra de Gianduia', 260, '2026-02-15', '2025-12-01', 'Chocolate ao Leite', 0.25),
(93, 'FL09', 'Chocolate Quente Suíço', 130, '2026-03-20', '2025-12-02', 'Chocolate em Pó', 0.40),
(94, 'FL20', 'Bombons de Flor de Laranjeira', 100, '2026-07-01', '2025-12-03', 'Chocolate Branco', 0.15),
(95, 'FL02', 'Ovo de Páscoa Amargo', 120, '2026-04-15', '2025-12-04', 'Chocolate Amargo', 0.35),
(96, 'FL04', 'Trufa de Coco', 200, '2026-09-01', '2025-12-05', 'Chocolate Branco', 0.10),
(97, 'FL16', 'Chocolate com Amendoim', 170, '2026-09-10', '2025-12-06', 'Chocolate ao Leite', 0.18),
(98, 'FL10', 'Tablete de Pistache', 300, '2026-02-10', '2025-12-07', 'Chocolate Branco', 0.20),
(99, 'FL13', 'Bombom de Pimenta', 165, '2026-03-15', '2025-12-08', 'Chocolate Amargo', 0.15),
(100, 'FL17', 'Chocolate com Crocante de Amêndoas', 240, '2026-05-25', '2025-12-09', 'Chocolate ao Leite', 0.22),
(101, 'FL01', 'Chocolate ao Leite Trufado', 270, '2026-05-10', '2025-12-10', 'Chocolate ao Leite', 0.25),
(102, 'FL03', 'Barra de Amêndoas e Caramelo', 380, '2026-10-15', '2025-12-11', 'Chocolate Amargo', 0.25),
(103, 'FL08', 'Trufa de Marzipan com Praliné', 300, '2026-02-01', '2025-12-12', 'Chocolate Branco', 0.10),
(104, 'FL12', 'Bombom de Menta', 150, '2026-04-15', '2025-12-13', 'Chocolate Meio Amargo', 0.15),
(105, 'FL05', 'Chocolate de Avelã', 360, '2026-08-25', '2025-12-14', 'Chocolate ao Leite', 0.30),
(106, 'FL19', 'Tablete de Flor de Sal', 210, '2026-12-10', '2025-12-15', 'Chocolate Amargo', 0.20),
(107, 'FL01', 'Chocolate em Pó Premium', 280, '2026-05-20', '2025-12-16', 'Chocolate em Pó', 0.40),
(108, 'FL07', 'Bombom de Baunilha', 160, '2026-03-05', '2025-12-17', 'Chocolate Branco', 0.12),
(109, 'FL14', 'Barra de Damasco', 245, '2026-09-01', '2025-12-18', 'Chocolate ao Leite', 0.20),
(110, 'FL11', 'Trufa de Morango', 175, '2026-06-10', '2025-12-19', 'Chocolate Branco', 0.10),
(111, 'FL06', 'Chocolate com Amendoim', 340, '2026-10-30', '2025-12-20', 'Chocolate ao Leite', 0.25),
(112, 'FL18', 'Tablete de Caramelo Salgado', 250, '2026-02-15', '2025-12-21', 'Chocolate Amargo', 0.20),
(113, 'FL09', 'Chocolate Quente Artesanal', 110, '2026-03-20', '2025-12-22', 'Chocolate em Pó', 0.40),
(114, 'FL20', 'Bombons de Pimenta', 80, '2026-07-01', '2025-12-23', 'Chocolate Amargo', 0.15),
(115, 'FL02', 'Ovo de Páscoa Branco', 135, '2026-04-15', '2025-12-24', 'Chocolate Branco', 0.35),
(116, 'FL04', 'Barra de Pistache e Laranja', 230, '2026-09-01', '2025-12-25', 'Chocolate Branco', 0.25),
(117, 'FL16', 'Trufa de Maracujá e Gengibre', 165, '2026-09-10', '2025-12-26', 'Chocolate ao Leite', 0.10),
(118, 'FL10', 'Chocolate com Amêndoas e Mel', 300, '2026-02-10', '2025-12-27', 'Chocolate Amargo', 0.18),
(119, 'FL13', 'Tablete de Figo', 155, '2026-03-15', '2025-12-28', 'Chocolate Meio Amargo', 0.20),
(120, 'FL17', 'Bombom de Vinho', 140, '2026-05-25', '2025-12-29', 'Chocolate Amargo', 0.15),
(121, 'FL01', 'Praliné Crocante', 290, '2026-05-10', '2025-12-30', 'Chocolate ao Leite', 0.25),
(122, 'FL03', 'Chocolate Meio Amargo em Pó', 190, '2026-10-15', '2025-12-31', 'Chocolate em Pó', 0.40),
(123, 'FL08', 'Trufa de Cacau 70%', 310, '2026-02-01', '2026-01-01', 'Chocolate Amargo', 0.10),
(124, 'FL12', 'Barra de Amendoim', 175, '2026-04-15', '2026-01-02', 'Chocolate Meio Amargo', 0.25),
(125, 'FL05', 'Chocolate Negro 80%', 410, '2026-08-25', '2026-01-03', 'Chocolate Amargo', 0.30),
(126, 'FL19', 'Choco Mint com Crocante', 235, '2026-12-10', '2026-01-04', 'Chocolate Meio Amargo', 0.12),
(127, 'FL01', 'Praliné de Coco e Amêndoas', 245, '2026-05-20', '2026-01-05', 'Chocolate Branco', 0.18),
(128, 'FL07', 'Bombom de Limão Siciliano', 155, '2026-03-05', '2026-01-06', 'Chocolate ao Leite', 0.15),
(129, 'FL14', 'Chocolate com Morango Seco', 230, '2026-09-01', '2026-01-07', 'Chocolate Branco', 0.22),
(130, 'FL11', 'Trufa de Café e Cardamomo', 165, '2026-06-10', '2026-01-08', 'Chocolate Amargo', 0.10),
(131, 'FL06', 'Gotas de Chocolate Meio Amargo', 520, '2026-10-30', '2026-01-09', 'Chocolate Meio Amargo', 0.50),
(132, 'FL18', 'Tablete de Caramelo Salgado', 285, '2026-02-15', '2026-01-10', 'Chocolate Amargo', 0.20),
(133, 'FL09', 'Chocolate Quente com Baunilha', 125, '2026-03-20', '2026-01-11', 'Chocolate em Pó', 0.40),
(134, 'FL20', 'Bombons de Pimenta Habanero', 95, '2026-07-01', '2026-01-12', 'Chocolate Amargo', 0.15),
(135, 'FL02', 'Ovo de Páscoa Recheado', 140, '2026-04-15', '2026-01-13', 'Chocolate ao Leite', 0.35),
(136, 'FL04', 'Barra de Coco e Laranja', 240, '2026-09-01', '2026-01-14', 'Chocolate Branco', 0.25),
(137, 'FL16', 'Trufa de Champanhe e Morango', 170, '2026-09-10', '2026-01-15', 'Chocolate ao Leite', 0.10),
(138, 'FL10', 'Chocolate com Gengibre e Limão', 315, '2026-02-10', '2026-01-16', 'Chocolate Amargo', 0.18),
(139, 'FL13', 'Barrinhas de Praliné', 180, '2026-03-15', '2026-01-17', 'Chocolate Meio Amargo', 0.20),
(140, 'FL17', 'Bombom de Damasco com Pimenta', 130, '2026-05-25', '2026-01-18', 'Chocolate ao Leite', 0.15),
(141, 'FL15', 'Chocolate Trufado com Cereja', 290, '2026-05-10', '2026-01-19', 'Chocolate ao Leite', 0.25),
(142, 'FL03', 'Tablete de Canela e Pimenta', 200, '2026-10-15', '2026-01-20', 'Chocolate Amargo', 0.20),
(143, 'FL08', 'Trufa de Nozes e Avelã', 325, '2026-02-01', '2026-01-21', 'Chocolate Branco', 0.10),
(144, 'FL12', 'Barra de Amendoim com Caramelo', 185, '2026-04-15', '2026-01-22', 'Chocolate Meio Amargo', 0.25),
(145, 'FL05', 'Chocolate Orgânico 90%', 430, '2026-08-25', '2026-01-23', 'Chocolate Amargo', 0.30),
(146, 'FL19', 'Chocolate com Castanhas do Pará', 250, '2026-12-10', '2026-01-24', 'Chocolate ao Leite', 0.22),
(147, 'FL01', 'Praliné de Gengibre', 300, '2026-05-20', '2026-01-25', 'Chocolate Branco', 0.18),
(148, 'FL07', 'Chocolate com Menta e Flor de Sal', 160, '2026-03-05', '2026-01-26', 'Chocolate Amargo', 0.12),
(149, 'FL14', 'Tablete de Mel e Canela', 235, '2026-09-01', '2026-01-27', 'Chocolate ao Leite', 0.20),
(150, 'FL11', 'Bombom de Figo e Amêndoas', 180, '2026-06-10', '2026-01-28', 'Chocolate Amargo', 0.15),
(151, 'FL06', 'Gotas de Chocolate com Menta', 500, '2026-10-30', '2026-01-29', 'Chocolate ao Leite', 0.50),
(152, 'FL18', 'Barra de Gianduia com Amêndoas', 270, '2026-02-15', '2026-01-30', 'Chocolate ao Leite', 0.25),
(153, 'FL09', 'Chocolate Quente com Pimenta', 120, '2026-03-20', '2026-01-31', 'Chocolate em Pó', 0.40),
(154, 'FL20', 'Bombons de Framboesa', 90, '2026-07-01', '2026-02-01', 'Chocolate Branco', 0.15),
(155, 'FL02', 'Ovo de Páscoa Amargo com Menta', 130, '2026-04-15', '2026-02-02', 'Chocolate Amargo', 0.35),
(156, 'FL04', 'Trufa de Coco e Caramelo', 210, '2026-09-01', '2026-02-03', 'Chocolate Branco', 0.10),
(157, 'FL16', 'Chocolate com Amendoim Salgado', 145, '2026-09-10', '2026-02-04', 'Chocolate ao Leite', 0.18),
(158, 'FL10', 'Tablete de Pistache e Laranja', 310, '2026-02-10', '2026-02-05', 'Chocolate Branco', 0.20),
(159, 'FL13', 'Bombom de Pimenta e Gengibre', 175, '2026-03-15', '2026-02-06', 'Chocolate Amargo', 0.15),
(160, 'FL17', 'Chocolate com Crocante de Avelã', 260, '2026-05-25', '2026-02-07', 'Chocolate ao Leite', 0.22),
(161, 'FL15', 'Trufa de Maracujá com Pimenta', 280, '2026-05-10', '2026-02-08', 'Chocolate Branco', 0.10),
(162, 'FL03', 'Barra de Praliné Salgado', 400, '2026-10-15', '2026-02-09', 'Chocolate ao Leite', 0.25),
(163, 'FL08', 'Chocolate Amargo 95%', 270, '2026-02-01', '2026-02-10', 'Chocolate Amargo', 0.30),
(164, 'FL12', 'Bombom de Café com Caramelo', 160, '2026-04-15', '2026-02-11', 'Chocolate Meio Amargo', 0.15),
(165, 'FL05', 'Barra de Flor de Sal e Pimenta', 350, '2026-08-25', '2026-02-12', 'Chocolate Amargo', 0.25),
(166, 'FL19', 'Chocolate com Pistache e Damasco', 210, '2026-12-10', '2026-02-13', 'Chocolate Branco', 0.22),
(167, 'FL01', 'Trufa de Vinho do Porto com Praliné', 285, '2026-05-20', '2026-02-14', 'Chocolate Meio Amargo', 0.10),
(168, 'FL07', 'Chocolate com Canela e Laranja', 150, '2026-03-05', '2026-02-15', 'Chocolate Amargo', 0.18),
(169, 'FL14', 'Tablete de Mel com Especiarias', 225, '2026-09-01', '2026-02-16', 'Chocolate ao Leite', 0.20),
(170, 'FL11', 'Bombom de Figo com Pistache', 190, '2026-06-10', '2026-02-17', 'Chocolate Amargo', 0.15),
(171, 'FL06', 'Gotas de Chocolate Branco com Coco', 480, '2026-10-30', '2026-02-18', 'Chocolate Branco', 0.50),
(172, 'FL18', 'Barra de Gianduia e Coco', 260, '2026-02-15', '2026-02-19', 'Chocolate ao Leite', 0.25),
(173, 'FL09', 'Chocolate Quente com Pimenta Rosa', 130, '2026-03-20', '2026-02-20', 'Chocolate em Pó', 0.40),
(174, 'FL20', 'Bombons de Damasco e Praliné', 100, '2026-07-01', '2026-02-21', 'Chocolate Branco', 0.15),
(175, 'FL02', 'Ovo de Páscoa com Caramelo Salgado', 120, '2026-04-15', '2026-02-22', 'Chocolate Amargo', 0.35),
(176, 'FL04', 'Trufa de Hortelã com Pimenta', 200, '2026-09-01', '2026-02-23', 'Chocolate Meio Amargo', 0.10),
(177, 'FL16', 'Chocolate com Amendoim e Passas', 170, '2026-09-10', '2026-02-24', 'Chocolate ao Leite', 0.18),
(178, 'FL10', 'Tablete de Pistache e Mel', 300, '2026-02-10', '2026-02-25', 'Chocolate Branco', 0.20),
(179, 'FL13', 'Bombom de Pimenta e Laranja', 165, '2026-03-15', '2026-02-26', 'Chocolate Amargo', 0.15),
(180, 'FL17', 'Chocolate com Crocante de Amêndoas e Coco', 240, '2026-05-25', '2026-02-27', 'Chocolate ao Leite', 0.22),
(181, 'FL15', 'Trufa de Maracujá e Gengibre', 270, '2026-05-10', '2026-02-28', 'Chocolate Branco', 0.10),
(182, 'FL03', 'Barra de Praliné Salgado e Amendoim', 380, '2026-10-15', '2026-03-01', 'Chocolate ao Leite', 0.25),
(183, 'FL08', 'Chocolate Amargo 95% com Menta', 270, '2026-02-01', '2026-03-02', 'Chocolate Amargo', 0.30),
(184, 'FL12', 'Bombom de Café e Pimenta', 160, '2026-04-15', '2026-03-03', 'Chocolate Meio Amargo', 0.15),
(185, 'FL05', 'Barra de Flor de Sal com Laranja', 350, '2026-08-25', '2026-03-04', 'Chocolate Amargo', 0.25),
(186, 'FL19', 'Chocolate com Pistache e Coco', 210, '2026-12-10', '2026-03-05', 'Chocolate Branco', 0.22),
(187, 'FL01', 'Trufa de Vinho do Porto e Pimenta', 285, '2026-05-20', '2026-03-06', 'Chocolate Meio Amargo', 0.10),
(188, 'FL07', 'Chocolate com Canela e Gengibre', 150, '2026-03-05', '2026-03-07', 'Chocolate Amargo', 0.18),
(189, 'FL14', 'Tablete de Mel com Avelã', 225, '2026-09-01', '2026-03-08', 'Chocolate ao Leite', 0.20),
(190, 'FL11', 'Bombom de Figo e Vinho', 190, '2026-06-10', '2026-03-09', 'Chocolate Amargo', 0.15),
(191, 'FL06', 'Gotas de Chocolate Branco com Amêndoas', 480, '2026-10-30', '2026-03-10', 'Chocolate Branco', 0.50),
(192, 'FL18', 'Barra de Gianduia com Praliné', 260, '2026-02-15', '2026-03-11', 'Chocolate ao Leite', 0.25),
(193, 'FL09', 'Chocolate Quente Holandês', 130, '2026-03-20', '2026-03-12', 'Chocolate em Pó', 0.40),
(194, 'FL20', 'Bombons de Damasco e Pimenta', 100, '2026-07-01', '2026-03-13', 'Chocolate Branco', 0.15),
(195, 'FL02', 'Ovo de Páscoa com Caramelo', 120, '2026-04-15', '2026-03-14', 'Chocolate Amargo', 0.35),
(196, 'FL04', 'Trufa de Hortelã e Café', 200, '2026-09-01', '2026-03-15', 'Chocolate Meio Amargo', 0.10),
(197, 'FL16', 'Chocolate com Amendoim e Mel', 170, '2026-09-10', '2026-03-16', 'Chocolate ao Leite', 0.18),
(198, 'FL10', 'Tablete de Pistache e Laranja', 300, '2026-02-10', '2026-03-17', 'Chocolate Branco', 0.20),
(199, 'FL13', 'Bombom de Pimenta com Café', 165, '2026-03-15', '2026-03-18', 'Chocolate Amargo', 0.15),
(200, 'FL17', 'Chocolate com Crocante de Avelã e Coco', 240, '2026-05-25', '2026-03-19', 'Chocolate ao Leite', 0.22),
(201, 'FL01', 'Barra de Maracujá', 270, '2026-05-10', '2026-03-20', 'Chocolate Branco', 0.25),
(202, 'FL03', 'Chocolate Quente de Canela', 190, '2026-10-15', '2026-03-21', 'Chocolate em Pó', 0.40),
(203, 'FL08', 'Trufa de Avelã com Chocolate Negro', 310, '2026-02-01', '2026-03-22', 'Chocolate Amargo', 0.10),
(204, 'FL12', 'Barra de Pistache com Laranja', 175, '2026-04-15', '2026-03-23', 'Chocolate Meio Amargo', 0.25),
(205, 'FL05', 'Chocolate Orgânico 75%', 410, '2026-08-25', '2026-03-24', 'Chocolate Amargo', 0.30),
(206, 'FL19', 'Tablete de Caramelo Salgado e Morango', 235, '2026-12-10', '2026-03-25', 'Chocolate Meio Amargo', 0.20),
(207, 'FL01', 'Praliné de Coco e Pimenta', 245, '2026-05-20', '2026-03-26', 'Chocolate Branco', 0.18),
(208, 'FL07', 'Bombom de Limão e Flor de Sal', 155, '2026-03-05', '2026-03-27', 'Chocolate ao Leite', 0.15),
(209, 'FL14', 'Chocolate com Morango e Pimenta', 230, '2026-09-01', '2026-03-28', 'Chocolate Branco', 0.22),
(210, 'FL11', 'Trufa de Café com Coco', 165, '2026-06-10', '2026-03-29', 'Chocolate Amargo', 0.10),
(211, 'FL06', 'Gotas de Chocolate com Passas', 520, '2026-10-30', '2026-03-30', 'Chocolate ao Leite', 0.50),
(212, 'FL18', 'Tablete de Canela e Mel', 285, '2026-02-15', '2026-03-31', 'Chocolate Amargo', 0.20),
(213, 'FL09', 'Chocolate de Amêndoas e Gengibre', 125, '2026-03-20', '2026-04-01', 'Chocolate ao Leite', 0.20),
(214, 'FL20', 'Chocolate com Café e Pimenta', 95, '2026-07-01', '2026-04-02', 'Chocolate Amargo', 0.15),
(215, 'FL02', 'Trufa de Marzipan com Laranja', 140, '2026-04-15', '2026-04-03', 'Chocolate Branco', 0.10),
(216, 'FL04', 'Barra de Morango e Passas', 240, '2026-09-01', '2026-04-04', 'Chocolate Branco', 0.25),
(217, 'FL16', 'Chocolate Quente de Menta', 170, '2026-09-10', '2026-04-05', 'Chocolate em Pó', 0.40),
(218, 'FL10', 'Bombom de Laranja e Damasco', 330, '2026-02-10', '2026-04-06', 'Chocolate Amargo', 0.15),
(219, 'FL13', 'Tablete de Cereja com Pimenta', 185, '2026-03-15', '2026-04-07', 'Chocolate ao Leite', 0.20),
(220, 'FL17', 'Chocolate com Nozes Pecan e Flor de Sal', 100, '2026-05-25', '2026-04-08', 'Chocolate Meio Amargo', 0.12),
(221, 'FL15', 'Trufa de Avelã e Morango', 295, '2026-05-10', '2026-04-09', 'Chocolate ao Leite', 0.10),
(222, 'FL03', 'Chocolate em Calda Branco', 410, '2026-10-15', '2026-04-10', 'Chocolate Branco', 0.50),
(223, 'FL08', 'Barra de Coco com Amêndoas', 260, '2026-02-01', '2026-04-11', 'Chocolate Branco', 0.25),
(224, 'FL12', 'Bombom de Morango com Hortelã', 170, '2026-04-15', '2026-04-12', 'Chocolate ao Leite', 0.15),
(225, 'FL05', 'Chocolate Orgânico 85% com Pimenta', 390, '2026-08-25', '2026-04-13', 'Chocolate Amargo', 0.30),
(226, 'FL19', 'Tablete de Laranja com Gengibre', 240, '2026-12-10', '2026-04-14', 'Chocolate Meio Amargo', 0.20),
(227, 'FL01', 'Trufa de Chocolate Branco e Menta', 200, '2026-05-20', '2026-04-15', 'Chocolate Branco', 0.10),
(228, 'FL07', 'Chocolate com Amendoim Salgado', 165, '2026-03-05', '2026-04-16', 'Chocolate ao Leite', 0.18),
(229, 'FL14', 'Bombom de Champanhe e Framboesa', 300, '2026-09-01', '2026-04-17', 'Chocolate ao Leite', 0.15),
(230, 'FL11', 'Barra de Caramelo Salgado e Pistache', 180, '2026-06-10', '2026-04-18', 'Chocolate Amargo', 0.25),
(231, 'FL06', 'Choco Branco com Amêndoas', 225, '2026-10-30', '2026-04-19', 'Chocolate Branco', 0.12),
(232, 'FL18', 'Gotas de Meio Amargo e Laranja', 510, '2026-02-15', '2026-04-20', 'Chocolate Meio Amargo', 0.50),
(233, 'FL09', 'Chocolate Amargo 60% com Gengibre', 145, '2026-03-20', '2026-04-21', 'Chocolate Amargo', 0.20),
(234, 'FL20', 'Trufa de Morango e Pimenta', 115, '2026-07-01', '2026-04-22', 'Chocolate Branco', 0.10),
(235, 'FL02', 'Barra de Gianduia e Coco', 240, '2026-04-15', '2026-04-23', 'Chocolate ao Leite', 0.25),
(236, 'FL04', 'Chocolate com Pedaços de Caramelo', 300, '2026-09-01', '2026-04-24', 'Chocolate ao Leite', 0.20),
(237, 'FL16', 'Bombons de Cereja e Canela', 155, '2026-09-10', '2026-04-25', 'Chocolate Amargo', 0.15),
(238, 'FL10', 'Chocolate com Café e Cardamomo', 320, '2026-02-10', '2026-04-26', 'Chocolate Amargo', 0.18),
(239, 'FL13', 'Tablete de Menta e Laranja', 145, '2026-03-15', '2026-04-27', 'Chocolate Meio Amargo', 0.20),
(240, 'FL17', 'Chocolate com Nozes Pecan e Mel', 125, '2026-05-25', '2026-04-28', 'Chocolate ao Leite', 0.12),
(241, 'FL15', 'Trufa de Avelã e Pimenta', 280, '2026-05-10', '2026-04-29', 'Chocolate ao Leite', 0.10),
(242, 'FL03', 'Chocolate em Calda Amargo', 400, '2026-10-15', '2026-04-30', 'Chocolate em Pó', 0.50),
(243, 'FL08', 'Barra de Coco com Praliné', 270, '2026-02-01', '2026-05-01', 'Chocolate Branco', 0.25),
(244, 'FL12', 'Bombom de Morango com Pimenta', 160, '2026-04-15', '2026-05-02', 'Chocolate ao Leite', 0.15),
(245, 'FL05', 'Chocolate Orgânico 85% com Damasco', 350, '2026-08-25', '2026-05-03', 'Chocolate Amargo', 0.30),
(246, 'FL19', 'Chocolate com Pistache e Vinho', 210, '2026-12-10', '2026-05-04', 'Chocolate Branco', 0.22),
(247, 'FL01', 'Trufa de Vinho do Porto e Figo', 285, '2026-05-20', '2026-05-05', 'Chocolate Meio Amargo', 0.10),
(248, 'FL07', 'Chocolate com Canela e Gengibre', 150, '2026-03-05', '2026-05-06', 'Chocolate Amargo', 0.18),
(249, 'FL14', 'Tablete de Mel com Avelã', 225, '2026-09-01', '2026-05-07', 'Chocolate ao Leite', 0.20),
(250, 'FL11', 'Bombom de Figo e Pimenta', 190, '2026-06-10', '2026-05-08', 'Chocolate Amargo', 0.15),
(251, 'FL06', 'Gotas de Chocolate Branco com Coco', 480, '2026-10-30', '2026-05-09', 'Chocolate Branco', 0.50),
(252, 'FL18', 'Barra de Gianduia e Coco', 260, '2026-02-15', '2026-05-10', 'Chocolate ao Leite', 0.25),
(253, 'FL09', 'Chocolate Quente Holandês', 130, '2026-03-20', '2026-05-11', 'Chocolate em Pó', 0.40),
(254, 'FL20', 'Bombons de Damasco e Praliné', 100, '2026-07-01', '2026-05-12', 'Chocolate Branco', 0.15),
(255, 'FL02', 'Ovo de Páscoa com Caramelo Salgado', 120, '2026-04-15', '2026-05-13', 'Chocolate Amargo', 0.35),
(256, 'FL04', 'Trufa de Hortelã e Café', 200, '2026-09-01', '2026-05-14', 'Chocolate Meio Amargo', 0.10),
(257, 'FL16', 'Chocolate com Amendoim e Mel', 170, '2026-09-10', '2026-05-15', 'Chocolate ao Leite', 0.18),
(258, 'FL10', 'Tablete de Pistache e Laranja', 300, '2026-02-10', '2026-05-16', 'Chocolate Branco', 0.20),
(259, 'FL13', 'Bombom de Pimenta com Café', 165, '2026-03-15', '2026-05-17', 'Chocolate Amargo', 0.15),
(260, 'FL17', 'Chocolate com Crocante de Avelã e Coco', 240, '2026-05-25', '2026-05-18', 'Chocolate ao Leite', 0.22),
(261, 'FL15', 'Trufa de Maracujá e Gengibre', 270, '2026-05-10', '2026-05-19', 'Chocolate Branco', 0.10),
(262, 'FL03', 'Barra de Praliné Salgado e Amendoim', 380, '2026-10-15', '2026-05-20', 'Chocolate ao Leite', 0.25),
(263, 'FL08', 'Chocolate Amargo 95% com Menta', 270, '2026-02-01', '2026-05-21', 'Chocolate Amargo', 0.30),
(264, 'FL12', 'Bombom de Café com Caramelo', 160, '2026-04-15', '2026-05-22', 'Chocolate Meio Amargo', 0.15),
(265, 'FL05', 'Barra de Flor de Sal com Laranja', 350, '2026-08-25', '2026-05-23', 'Chocolate Amargo', 0.25),
(266, 'FL19', 'Chocolate com Pistache e Coco', 210, '2026-12-10', '2026-05-24', 'Chocolate Branco', 0.22),
(267, 'FL01', 'Trufa de Vinho do Porto e Pimenta', 285, '2026-05-20', '2026-05-25', 'Chocolate Meio Amargo', 0.10),
(268, 'FL07', 'Chocolate com Canela e Gengibre', 150, '2026-03-05', '2026-05-26', 'Chocolate Amargo', 0.18),
(269, 'FL14', 'Tablete de Mel com Especiarias', 225, '2026-09-01', '2026-05-27', 'Chocolate ao Leite', 0.20),
(270, 'FL11', 'Bombom de Figo com Pistache', 190, '2026-06-10', '2026-05-28', 'Chocolate Amargo', 0.15),
(271, 'FL06', 'Gotas de Chocolate Branco com Amêndoas', 480, '2026-10-30', '2026-05-29', 'Chocolate Branco', 0.50),
(272, 'FL18', 'Barra de Gianduia com Praliné', 260, '2026-02-15', '2026-05-30', 'Chocolate ao Leite', 0.25),
(273, 'FL09', 'Chocolate Quente Holandês', 130, '2026-03-20', '2026-05-31', 'Chocolate em Pó', 0.40),
(274, 'FL20', 'Bombons de Damasco e Pimenta', 100, '2026-07-01', '2026-06-01', 'Chocolate Branco', 0.15),
(275, 'FL02', 'Ovo de Páscoa com Caramelo Salgado', 120, '2026-04-15', '2026-06-02', 'Chocolate Amargo', 0.35),
(276, 'FL04', 'Trufa de Hortelã e Café', 200, '2026-09-01', '2026-06-03', 'Chocolate Meio Amargo', 0.10),
(277, 'FL16', 'Chocolate com Amendoim e Mel', 170, '2026-09-10', '2026-06-04', 'Chocolate ao Leite', 0.18),
(278, 'FL10', 'Tablete de Pistache e Laranja', 300, '2026-02-10', '2026-06-05', 'Chocolate Branco', 0.20),
(279, 'FL13', 'Bombom de Pimenta com Café', 165, '2026-03-15', '2026-06-06', 'Chocolate Amargo', 0.15),
(280, 'FL17', 'Chocolate com Crocante de Avelã e Coco', 240, '2026-05-25', '2026-06-07', 'Chocolate ao Leite', 0.22),
(281, 'FL15', 'Trufa de Maracujá e Gengibre', 270, '2026-05-10', '2026-06-08', 'Chocolate Branco', 0.10),
(282, 'FL03', 'Barra de Praliné Salgado e Amendoim', 380, '2026-10-15', '2026-06-09', 'Chocolate ao Leite', 0.25),
(283, 'FL08', 'Chocolate Amargo 95% com Menta', 270, '2026-02-01', '2026-06-10', 'Chocolate Amargo', 0.30),
(284, 'FL12', 'Bombom de Café com Caramelo', 160, '2026-04-15', '2026-06-11', 'Chocolate Meio Amargo', 0.15),
(285, 'FL05', 'Barra de Flor de Sal com Laranja', 350, '2026-08-25', '2026-06-12', 'Chocolate Amargo', 0.25),
(286, 'FL19', 'Chocolate com Pistache e Coco', 210, '2026-12-10', '2026-06-13', 'Chocolate Branco', 0.22),
(287, 'FL01', 'Trufa de Vinho do Porto e Pimenta', 285, '2026-05-20', '2026-06-14', 'Chocolate Meio Amargo', 0.10),
(288, 'FL07', 'Chocolate com Canela e Gengibre', 150, '2026-03-05', '2026-06-15', 'Chocolate Amargo', 0.18),
(289, 'FL14', 'Tablete de Mel com Avelã', 225, '2026-09-01', '2026-06-16', 'Chocolate ao Leite', 0.20),
(290, 'FL11', 'Bombom de Figo e Vinho', 190, '2026-06-10', '2026-06-17', 'Chocolate Amargo', 0.15),
(291, 'FL06', 'Gotas de Chocolate Branco com Amêndoas', 480, '2026-10-30', '2026-06-18', 'Chocolate Branco', 0.50),
(292, 'FL18', 'Barra de Gianduia com Praliné', 260, '2026-02-15', '2026-06-19', 'Chocolate ao Leite', 0.25),
(293, 'FL09', 'Chocolate Quente Holandês', 130, '2026-03-20', '2026-06-20', 'Chocolate em Pó', 0.40),
(294, 'FL20', 'Bombons de Damasco e Pimenta', 100, '2026-07-01', '2026-06-21', 'Chocolate Branco', 0.15),
(295, 'FL02', 'Ovo de Páscoa com Caramelo Salgado', 120, '2026-04-15', '2026-06-22', 'Chocolate Amargo', 0.35),
(296, 'FL04', 'Trufa de Hortelã e Café', 200, '2026-09-01', '2026-06-23', 'Chocolate Meio Amargo', 0.10),
(297, 'FL16', 'Chocolate com Amendoim e Mel', 170, '2026-09-10', '2026-06-24', 'Chocolate ao Leite', 0.18),
(298, 'FL10', 'Tablete de Pistache e Laranja', 300, '2026-02-10', '2026-06-25', 'Chocolate Branco', 0.20),
(299, 'FL13', 'Bombom de Pimenta com Café', 165, '2026-03-15', '2026-06-26', 'Chocolate Amargo', 0.15),
(300, 'FL17', 'Chocolate com Crocante de Avelã e Coco', 240, '2026-05-25', '2026-06-27', 'Chocolate ao Leite', 0.22),
(301, 'FL15', 'Trufa de Maracujá e Gengibre', 270, '2026-05-10', '2026-06-28', 'Chocolate Branco', 0.10),
(302, 'FL03', 'Barra de Praliné Salgado e Amendoim', 380, '2026-10-15', '2026-06-29', 'Chocolate ao Leite', 0.25),
(303, 'FL08', 'Chocolate Amargo 95% com Menta', 270, '2026-02-01', '2026-06-30', 'Chocolate Amargo', 0.30),
(304, 'FL12', 'Bombom de Café com Caramelo', 160, '2026-04-15', '2026-07-01', 'Chocolate Meio Amargo', 0.15),
(305, 'FL05', 'Barra de Flor de Sal com Laranja', 350, '2026-08-25', '2026-07-02', 'Chocolate Amargo', 0.25),
(306, 'FL19', 'Chocolate com Pistache e Coco', 210, '2026-12-10', '2026-07-03', 'Chocolate Branco', 0.22),
(307, 'FL01', 'Trufa de Vinho do Porto e Pimenta', 285, '2026-05-20', '2026-07-04', 'Chocolate Meio Amargo', 0.10),
(308, 'FL07', 'Chocolate com Canela e Gengibre', 150, '2026-03-05', '2026-07-05', 'Chocolate Amargo', 0.18),
(309, 'FL14', 'Tablete de Mel com Avelã', 225, '2026-09-01', '2026-07-06', 'Chocolate ao Leite', 0.20),
(310, 'FL11', 'Bombom de Figo com Pistache', 190, '2026-06-10', '2026-07-07', 'Chocolate Amargo', 0.15),
(311, 'FL06', 'Gotas de Chocolate Branco com Amêndoas', 480, '2026-10-30', '2026-07-08', 'Chocolate Branco', 0.50),
(312, 'FL18', 'Barra de Gianduia com Praliné', 260, '2026-02-15', '2026-07-09', 'Chocolate ao Leite', 0.25),
(313, 'FL09', 'Chocolate Quente Holandês', 130, '2026-03-20', '2026-07-10', 'Chocolate em Pó', 0.40),
(314, 'FL20', 'Bombons de Damasco e Pimenta', 100, '2026-07-01', '2026-07-11', 'Chocolate Branco', 0.15),
(315, 'FL02', 'Ovo de Páscoa com Caramelo Salgado', 120, '2026-04-15', '2026-07-12', 'Chocolate Amargo', 0.35),
(316, 'FL04', 'Trufa de Hortelã e Café', 200, '2026-09-01', '2026-07-13', 'Chocolate Meio Amargo', 0.10),
(317, 'FL16', 'Chocolate com Amendoim e Mel', 170, '2026-09-10', '2026-07-14', 'Chocolate ao Leite', 0.18),
(318, 'FL10', 'Tablete de Pistache e Laranja', 300, '2026-02-10', '2026-07-15', 'Chocolate Branco', 0.20),
(319, 'FL13', 'Bombom de Pimenta com Café', 165, '2026-03-15', '2026-07-16', 'Chocolate Amargo', 0.15),
(320, 'FL17', 'Chocolate com Crocante de Avelã e Coco', 240, '2026-05-25', '2026-07-17', 'Chocolate ao Leite', 0.22),
(321, 'FL15', 'Trufa de Maracujá e Gengibre', 270, '2026-05-10', '2026-07-18', 'Chocolate Branco', 0.10),
(322, 'FL03', 'Barra de Praliné Salgado e Amendoim', 380, '2026-10-15', '2026-07-19', 'Chocolate ao Leite', 0.25),
(323, 'FL08', 'Chocolate Amargo 95% com Menta', 270, '2026-02-01', '2026-07-20', 'Chocolate Amargo', 0.30),
(324, 'FL12', 'Bombom de Café com Caramelo', 160, '2026-04-15', '2026-07-21', 'Chocolate Meio Amargo', 0.15),
(325, 'FL05', 'Barra de Flor de Sal com Laranja', 350, '2026-08-25', '2026-07-22', 'Chocolate Amargo', 0.25),
(326, 'FL19', 'Chocolate com Pistache e Coco', 210, '2026-12-10', '2026-07-23', 'Chocolate Branco', 0.22),
(327, 'FL01', 'Trufa de Vinho do Porto e Pimenta', 285, '2026-05-20', '2026-07-24', 'Chocolate Meio Amargo', 0.10),
(328, 'FL07', 'Chocolate com Canela e Gengibre', 150, '2026-03-05', '2026-07-25', 'Chocolate Amargo', 0.18),
(329, 'FL14', 'Tablete de Mel com Avelã', 225, '2026-09-01', '2026-07-26', 'Chocolate ao Leite', 0.20),
(330, 'FL11', 'Bombom de Figo com Pistache', 190, '2026-06-10', '2026-07-27', 'Chocolate Amargo', 0.15),
(331, 'FL06', 'Gotas de Chocolate Branco com Amêndoas', 480, '2026-10-30', '2026-07-28', 'Chocolate Branco', 0.50),
(332, 'FL18', 'Barra de Gianduia com Praliné', 260, '2026-02-15', '2026-07-29', 'Chocolate ao Leite', 0.25),
(333, 'FL09', 'Chocolate Quente Holandês', 130, '2026-03-20', '2026-07-30', 'Chocolate em Pó', 0.40),
(334, 'FL20', 'Bombons de Damasco e Pimenta', 100, '2026-07-01', '2026-07-31', 'Chocolate Branco', 0.15),
(335, 'FL02', 'Ovo de Páscoa com Caramelo Salgado', 120, '2026-04-15', '2026-08-01', 'Chocolate Amargo', 0.35),
(336, 'FL04', 'Trufa de Hortelã e Café', 200, '2026-09-01', '2026-08-02', 'Chocolate Meio Amargo', 0.10),
(337, 'FL16', 'Chocolate com Amendoim e Mel', 170, '2026-09-10', '2026-08-03', 'Chocolate ao Leite', 0.18),
(338, 'FL10', 'Tablete de Pistache e Laranja', 300, '2026-02-10', '2026-08-04', 'Chocolate Branco', 0.20),
(339, 'FL13', 'Bombom de Pimenta com Café', 165, '2026-03-15', '2026-08-05', 'Chocolate Amargo', 0.15),
(340, 'FL17', 'Chocolate com Crocante de Avelã e Coco', 240, '2026-05-25', '2026-08-06', 'Chocolate ao Leite', 0.22),
(341, 'FL15', 'Trufa de Maracujá e Gengibre', 270, '2026-05-10', '2026-08-07', 'Chocolate Branco', 0.10),
(342, 'FL03', 'Barra de Praliné Salgado e Amendoim', 380, '2026-10-15', '2026-08-08', 'Chocolate ao Leite', 0.25),
(343, 'FL08', 'Chocolate Amargo 95% com Menta', 270, '2026-02-01', '2026-08-09', 'Chocolate Amargo', 0.30),
(344, 'FL12', 'Bombom de Café com Caramelo', 160, '2026-04-15', '2026-08-10', 'Chocolate Meio Amargo', 0.15),
(345, 'FL05', 'Barra de Flor de Sal com Laranja', 350, '2026-08-25', '2026-08-11', 'Chocolate Amargo', 0.25),
(346, 'FL19', 'Chocolate com Pistache e Coco', 210, '2026-12-10', '2026-08-12', 'Chocolate Branco', 0.22),
(347, 'FL01', 'Trufa de Vinho do Porto e Pimenta', 285, '2026-05-20', '2026-08-13', 'Chocolate Meio Amargo', 0.10),
(348, 'FL07', 'Chocolate com Canela e Gengibre', 150, '2026-03-05', '2026-08-14', 'Chocolate Amargo', 0.18),
(349, 'FL14', 'Tablete de Mel com Avelã', 225, '2026-09-01', '2026-08-15', 'Chocolate ao Leite', 0.20),
(350, 'FL11', 'Bombom de Figo com Pistache', 190, '2026-06-10', '2026-08-16', 'Chocolate Amargo', 0.15),
(351, 'FL06', 'Gotas de Chocolate Branco com Amêndoas', 480, '2026-10-30', '2026-08-17', 'Chocolate Branco', 0.50),
(352, 'FL18', 'Barra de Gianduia com Praliné', 260, '2026-02-15', '2026-08-18', 'Chocolate ao Leite', 0.25),
(353, 'FL09', 'Chocolate Quente Holandês', 130, '2026-03-20', '2026-08-19', 'Chocolate em Pó', 0.40),
(354, 'FL20', 'Bombons de Damasco e Pimenta', 100, '2026-07-01', '2026-08-20', 'Chocolate Branco', 0.15),
(355, 'FL02', 'Ovo de Páscoa com Caramelo Salgado', 120, '2026-04-15', '2026-08-21', 'Chocolate Amargo', 0.35),
(356, 'FL04', 'Trufa de Hortelã e Café', 200, '2026-09-01', '2026-08-22', 'Chocolate Meio Amargo', 0.10),
(357, 'FL16', 'Chocolate com Amendoim e Mel', 170, '2026-09-10', '2026-08-23', 'Chocolate ao Leite', 0.18),
(358, 'FL10', 'Tablete de Pistache e Laranja', 300, '2026-02-10', '2026-08-24', 'Chocolate Branco', 0.20),
(359, 'FL13', 'Bombom de Pimenta com Café', 165, '2026-03-15', '2026-08-25', 'Chocolate Amargo', 0.15),
(360, 'FL17', 'Chocolate com Crocante de Avelã e Coco', 240, '2026-05-25', '2026-08-26', 'Chocolate ao Leite', 0.22),
(361, 'FL15', 'Trufa de Maracujá e Gengibre', 270, '2026-05-10', '2026-08-27', 'Chocolate Branco', 0.10),
(362, 'FL03', 'Barra de Praliné Salgado e Amendoim', 380, '2026-10-15', '2026-08-28', 'Chocolate ao Leite', 0.25),
(363, 'FL08', 'Chocolate Amargo 95% com Menta', 270, '2026-02-01', '2026-08-29', 'Chocolate Amargo', 0.30),
(364, 'FL12', 'Bombom de Café com Caramelo', 160, '2026-04-15', '2026-08-30', 'Chocolate Meio Amargo', 0.15),
(365, 'FL05', 'Barra de Flor de Sal com Laranja', 350, '2026-08-25', '2026-08-31', 'Chocolate Amargo', 0.25),
(366, 'FL19', 'Chocolate com Pistache e Coco', 210, '2026-12-10', '2026-09-01', 'Chocolate Branco', 0.22),
(367, 'FL01', 'Trufa de Vinho do Porto e Pimenta', 285, '2026-05-20', '2026-09-02', 'Chocolate Meio Amargo', 0.10),
(368, 'FL07', 'Chocolate com Canela e Gengibre', 150, '2026-03-05', '2026-09-03', 'Chocolate Amargo', 0.18),
(369, 'FL14', 'Tablete de Mel com Avelã', 225, '2026-09-01', '2026-09-04', 'Chocolate ao Leite', 0.20),
(370, 'FL11', 'Bombom de Figo com Pistache', 190, '2026-06-10', '2026-09-05', 'Chocolate Amargo', 0.15),
(371, 'FL06', 'Gotas de Chocolate Branco com Amêndoas', 480, '2026-10-30', '2026-09-06', 'Chocolate Branco', 0.50),
(372, 'FL18', 'Barra de Gianduia com Praliné', 260, '2026-02-15', '2026-09-07', 'Chocolate ao Leite', 0.25),
(373, 'FL09', 'Chocolate Quente Holandês', 130, '2026-03-20', '2026-09-08', 'Chocolate em Pó', 0.40),
(374, 'FL20', 'Bombons de Damasco e Pimenta', 100, '2026-07-01', '2026-09-09', 'Chocolate Branco', 0.15),
(375, 'FL02', 'Ovo de Páscoa com Caramelo Salgado', 120, '2026-04-15', '2026-09-10', 'Chocolate Amargo', 0.35),
(376, 'FL04', 'Trufa de Hortelã e Café', 200, '2026-09-01', '2026-09-11', 'Chocolate Meio Amargo', 0.10),
(377, 'FL16', 'Chocolate com Amendoim e Mel', 170, '2026-09-10', '2026-09-12', 'Chocolate ao Leite', 0.18),
(378, 'FL10', 'Tablete de Pistache e Laranja', 300, '2026-02-10', '2026-09-13', 'Chocolate Branco', 0.20),
(379, 'FL13', 'Bombom de Pimenta com Café', 165, '2026-03-15', '2026-09-14', 'Chocolate Amargo', 0.15),
(380, 'FL17', 'Chocolate com Crocante de Avelã e Coco', 240, '2026-05-25', '2026-09-15', 'Chocolate ao Leite', 0.22),
(381, 'FL15', 'Trufa de Maracujá e Gengibre', 270, '2026-05-10', '2026-09-16', 'Chocolate Branco', 0.10),
(382, 'FL03', 'Barra de Praliné Salgado e Amendoim', 380, '2026-10-15', '2026-09-17', 'Chocolate ao Leite', 0.25),
(383, 'FL08', 'Chocolate Amargo 95% com Menta', 270, '2026-02-01', '2026-09-18', 'Chocolate Amargo', 0.30),
(384, 'FL12', 'Bombom de Café com Caramelo', 160, '2026-04-15', '2026-09-19', 'Chocolate Meio Amargo', 0.15),
(385, 'FL05', 'Barra de Flor de Sal com Laranja', 350, '2026-08-25', '2026-09-20', 'Chocolate Amargo', 0.25),
(386, 'FL19', 'Chocolate com Pistache e Coco', 210, '2026-12-10', '2026-09-21', 'Chocolate Branco', 0.22),
(387, 'FL01', 'Trufa de Vinho do Porto e Pimenta', 285, '2026-05-20', '2026-09-22', 'Chocolate Meio Amargo', 0.10),
(388, 'FL07', 'Chocolate com Canela e Gengibre', 150, '2026-03-05', '2026-09-23', 'Chocolate Amargo', 0.18),
(389, 'FL14', 'Tablete de Mel com Avelã', 225, '2026-09-01', '2026-09-24', 'Chocolate ao Leite', 0.20),
(390, 'FL11', 'Bombom de Figo com Pistache', 190, '2026-06-10', '2026-09-25', 'Chocolate Amargo', 0.15),
(391, 'FL06', 'Gotas de Chocolate Branco com Amêndoas', 480, '2026-10-30', '2026-09-26', 'Chocolate Branco', 0.50),
(392, 'FL18', 'Barra de Gianduia com Praliné', 260, '2026-02-15', '2026-09-27', 'Chocolate ao Leite', 0.25),
(393, 'FL09', 'Chocolate Quente Holandês', 130, '2026-03-20', '2026-09-28', 'Chocolate em Pó', 0.40),
(394, 'FL20', 'Bombons de Damasco e Pimenta', 100, '2026-07-01', '2026-09-29', 'Chocolate Branco', 0.15),
(395, 'FL02', 'Ovo de Páscoa com Caramelo Salgado', 120, '2026-04-15', '2026-09-30', 'Chocolate Amargo', 0.35),
(396, 'FL04', 'Trufa de Hortelã e Café', 200, '2026-09-01', '2026-10-01', 'Chocolate Meio Amargo', 0.10),
(397, 'FL16', 'Chocolate com Amendoim e Mel', 170, '2026-09-10', '2026-10-02', 'Chocolate ao Leite', 0.18),
(398, 'FL10', 'Tablete de Pistache e Laranja', 300, '2026-02-10', '2026-10-03', 'Chocolate Branco', 0.20),
(399, 'FL13', 'Bombom de Pimenta com Café', 165, '2026-03-15', '2026-10-04', 'Chocolate Amargo', 0.15),
(400, 'FL17', 'Chocolate com Crocante de Avelã e Coco', 240, '2026-05-25', '2026-10-05', 'Chocolate ao Leite', 0.22),
(401, 'FL15', 'Trufa de Maracujá e Gengibre', 270, '2026-05-10', '2026-10-06', 'Chocolate Branco', 0.10),
(402, 'FL03', 'Barra de Praliné Salgado e Amendoim', 380, '2026-10-15', '2026-10-07', 'Chocolate ao Leite', 0.25),
(403, 'FL08', 'Chocolate Amargo 95% com Menta', 270, '2026-02-01', '2026-10-08', 'Chocolate Amargo', 0.30),
(404, 'FL12', 'Bombom de Café com Caramelo', 160, '2026-04-15', '2026-10-09', 'Chocolate Meio Amargo', 0.15),
(405, 'FL05', 'Barra de Flor de Sal com Laranja', 350, '2026-08-25', '2026-10-10', 'Chocolate Amargo', 0.25),
(406, 'FL19', 'Chocolate com Pistache e Coco', 210, '2026-12-10', '2026-10-11', 'Chocolate Branco', 0.22),
(407, 'FL01', 'Trufa de Vinho do Porto e Pimenta', 285, '2026-05-20', '2026-10-12', 'Chocolate Meio Amargo', 0.10),
(408, 'FL07', 'Chocolate com Canela e Gengibre', 150, '2026-03-05', '2026-10-13', 'Chocolate Amargo', 0.18),
(409, 'FL14', 'Tablete de Mel com Avelã', 225, '2026-09-01', '2026-10-14', 'Chocolate ao Leite', 0.20),
(410, 'FL11', 'Bombom de Figo com Pistache', 190, '2026-06-10', '2026-10-15', 'Chocolate Amargo', 0.15),
(411, 'FL06', 'Gotas de Chocolate Branco com Amêndoas', 480, '2026-10-30', '2026-10-16', 'Chocolate Branco', 0.50),
(412, 'FL18', 'Barra de Gianduia com Praliné', 260, '2026-02-15', '2026-10-17', 'Chocolate ao Leite', 0.25),
(413, 'FL09', 'Chocolate Quente Holandês', 130, '2026-03-20', '2026-10-18', 'Chocolate em Pó', 0.40),
(414, 'FL20', 'Bombons de Damasco e Pimenta', 100, '2026-07-01', '2026-10-19', 'Chocolate Branco', 0.15),
(415, 'FL02', 'Ovo de Páscoa com Caramelo Salgado', 120, '2026-04-15', '2026-10-20', 'Chocolate Amargo', 0.35),
(416, 'FL04', 'Trufa de Hortelã e Café', 200, '2026-09-01', '2026-10-21', 'Chocolate Meio Amargo', 0.10),
(417, 'FL16', 'Chocolate com Amendoim e Mel', 170, '2026-09-10', '2026-10-22', 'Chocolate ao Leite', 0.18),
(418, 'FL10', 'Tablete de Pistache e Laranja', 300, '2026-02-10', '2026-10-23', 'Chocolate Branco', 0.20),
(419, 'FL13', 'Bombom de Pimenta com Café', 165, '2026-03-15', '2026-10-24', 'Chocolate Amargo', 0.15),
(420, 'FL17', 'Chocolate com Crocante de Avelã e Coco', 240, '2026-05-25', '2026-10-25', 'Chocolate ao Leite', 0.22),
(421, 'FL15', 'Trufa de Maracujá e Gengibre', 270, '2026-05-10', '2026-10-26', 'Chocolate Branco', 0.10),
(422, 'FL03', 'Barra de Praliné Salgado e Amendoim', 380, '2026-10-15', '2026-10-27', 'Chocolate ao Leite', 0.25),
(423, 'FL08', 'Chocolate Amargo 95% com Menta', 270, '2026-02-01', '2026-10-28', 'Chocolate Amargo', 0.30),
(424, 'FL12', 'Bombom de Café com Caramelo', 160, '2026-04-15', '2026-10-29', 'Chocolate Meio Amargo', 0.15),
(425, 'FL05', 'Barra de Flor de Sal com Laranja', 350, '2026-08-25', '2026-10-30', 'Chocolate Amargo', 0.25),
(426, 'FL19', 'Chocolate com Pistache e Coco', 210, '2026-12-10', '2026-10-31', 'Chocolate Branco', 0.22),
(427, 'FL01', 'Trufa de Vinho do Porto e Pimenta', 285, '2026-05-20', '2026-11-01', 'Chocolate Meio Amargo', 0.10),
(428, 'FL07', 'Chocolate com Canela e Gengibre', 150, '2026-03-05', '2026-11-02', 'Chocolate Amargo', 0.18),
(429, 'FL14', 'Tablete de Mel com Avelã', 225, '2026-09-01', '2026-11-03', 'Chocolate ao Leite', 0.20),
(430, 'FL11', 'Bombom de Figo com Pistache', 190, '2026-06-10', '2026-11-04', 'Chocolate Amargo', 0.15),
(431, 'FL06', 'Gotas de Chocolate Branco com Amêndoas', 480, '2026-10-30', '2026-11-05', 'Chocolate Branco', 0.50),
(432, 'FL18', 'Barra de Gianduia com Praliné', 260, '2026-02-15', '2026-11-06', 'Chocolate ao Leite', 0.25),
(433, 'FL09', 'Chocolate Quente Holandês', 130, '2026-03-20', '2026-11-07', 'Chocolate em Pó', 0.40),
(434, 'FL20', 'Bombons de Damasco e Pimenta', 100, '2026-07-01', '2026-11-08', 'Chocolate Branco', 0.15),
(435, 'FL02', 'Ovo de Páscoa com Caramelo Salgado', 120, '2026-04-15', '2026-11-09', 'Chocolate Amargo', 0.35),
(436, 'FL04', 'Trufa de Hortelã e Café', 200, '2026-09-01', '2026-11-10', 'Chocolate Meio Amargo', 0.10),
(437, 'FL16', 'Chocolate com Amendoim e Mel', 170, '2026-09-10', '2026-11-11', 'Chocolate ao Leite', 0.18),
(438, 'FL10', 'Tablete de Pistache e Laranja', 300, '2026-02-10', '2026-11-12', 'Chocolate Branco', 0.20),
(439, 'FL13', 'Bombom de Pimenta com Café', 165, '2026-03-15', '2026-11-13', 'Chocolate Amargo', 0.15),
(440, 'FL17', 'Chocolate com Crocante de Avelã e Coco', 240, '2026-05-25', '2026-11-14', 'Chocolate ao Leite', 0.22),
(441, 'FL15', 'Trufa de Maracujá e Gengibre', 270, '2026-05-10', '2026-11-15', 'Chocolate Branco', 0.10),
(442, 'FL03', 'Barra de Praliné Salgado e Amendoim', 380, '2026-10-15', '2026-11-16', 'Chocolate ao Leite', 0.25),
(443, 'FL08', 'Chocolate Amargo 95% com Menta', 270, '2026-02-01', '2026-11-17', 'Chocolate Amargo', 0.30),
(444, 'FL12', 'Bombom de Café com Caramelo', 160, '2026-04-15', '2026-11-18', 'Chocolate Meio Amargo', 0.15),
(445, 'FL05', 'Barra de Flor de Sal com Laranja', 350, '2026-08-25', '2026-11-19', 'Chocolate Amargo', 0.25),
(446, 'FL19', 'Chocolate com Pistache e Coco', 210, '2026-12-10', '2026-11-20', 'Chocolate Branco', 0.22),
(447, 'FL01', 'Trufa de Vinho do Porto e Pimenta', 285, '2026-05-20', '2026-11-21', 'Chocolate Meio Amargo', 0.10),
(448, 'FL07', 'Chocolate com Canela e Gengibre', 150, '2026-03-05', '2026-11-22', 'Chocolate Amargo', 0.18),
(449, 'FL14', 'Tablete de Mel com Avelã', 225, '2026-09-01', '2026-11-23', 'Chocolate ao Leite', 0.20),
(450, 'FL11', 'Bombom de Figo com Pistache', 190, '2026-06-10', '2026-11-24', 'Chocolate Amargo', 0.15),
(451, 'FL06', 'Gotas de Chocolate Branco com Amêndoas', 480, '2026-10-30', '2026-11-25', 'Chocolate Branco', 0.50),
(452, 'FL18', 'Barra de Gianduia com Praliné', 260, '2026-02-15', '2026-11-26', 'Chocolate ao Leite', 0.25),
(453, 'FL09', 'Chocolate Quente Holandês', 130, '2026-03-20', '2026-11-27', 'Chocolate em Pó', 0.40),
(454, 'FL20', 'Bombons de Damasco e Pimenta', 100, '2026-07-01', '2026-11-28', 'Chocolate Branco', 0.15),
(455, 'FL02', 'Ovo de Páscoa com Caramelo Salgado', 120, '2026-04-15', '2026-11-29', 'Chocolate Amargo', 0.35),
(456, 'FL04', 'Trufa de Hortelã e Café', 200, '2026-09-01', '2026-11-30', 'Chocolate Meio Amargo', 0.10),
(457, 'FL16', 'Chocolate com Amendoim e Mel', 170, '2026-09-10', '2026-12-01', 'Chocolate ao Leite', 0.18),
(458, 'FL10', 'Tablete de Pistache e Laranja', 300, '2026-02-10', '2026-12-02', 'Chocolate Branco', 0.20),
(459, 'FL13', 'Bombom de Pimenta com Café', 165, '2026-03-15', '2026-12-03', 'Chocolate Amargo', 0.15),
(460, 'FL17', 'Chocolate com Crocante de Avelã e Coco', 240, '2026-05-25', '2026-12-04', 'Chocolate ao Leite', 0.22),
(461, 'FL15', 'Trufa de Maracujá e Gengibre', 270, '2026-05-10', '2026-12-05', 'Chocolate Branco', 0.10),
(462, 'FL03', 'Barra de Praliné Salgado e Amendoim', 380, '2026-10-15', '2026-12-06', 'Chocolate ao Leite', 0.25),
(463, 'FL08', 'Chocolate Amargo 95% com Menta', 270, '2026-02-01', '2026-12-07', 'Chocolate Amargo', 0.30),
(464, 'FL12', 'Bombom de Café com Caramelo', 160, '2026-04-15', '2026-12-08', 'Chocolate Meio Amargo', 0.15),
(465, 'FL05', 'Barra de Flor de Sal com Laranja', 350, '2026-08-25', '2026-12-09', 'Chocolate Amargo', 0.25),
(466, 'FL19', 'Chocolate com Pistache e Coco', 210, '2026-12-10', '2026-12-10', 'Chocolate Branco', 0.22),
(467, 'FL01', 'Trufa de Vinho do Porto e Pimenta', 285, '2026-05-20', '2026-12-11', 'Chocolate Meio Amargo', 0.10),
(468, 'FL07', 'Chocolate com Canela e Gengibre', 150, '2026-03-05', '2026-12-12', 'Chocolate Amargo', 0.18),
(469, 'FL14', 'Tablete de Mel com Avelã', 225, '2026-09-01', '2026-12-13', 'Chocolate ao Leite', 0.20),
(470, 'FL11', 'Bombom de Figo com Pistache', 190, '2026-06-10', '2026-12-14', 'Chocolate Amargo', 0.15),
(471, 'FL06', 'Gotas de Chocolate Branco com Amêndoas', 480, '2026-10-30', '2026-12-15', 'Chocolate Branco', 0.50),
(472, 'FL18', 'Barra de Gianduia com Praliné', 260, '2026-02-15', '2026-12-16', 'Chocolate ao Leite', 0.25),
(473, 'FL09', 'Chocolate Quente Holandês', 130, '2026-03-20', '2026-12-17', 'Chocolate em Pó', 0.40),
(474, 'FL20', 'Bombons de Damasco e Pimenta', 100, '2026-07-01', '2026-12-18', 'Chocolate Branco', 0.15),
(475, 'FL02', 'Ovo de Páscoa com Caramelo Salgado', 120, '2026-04-15', '2026-12-19', 'Chocolate Amargo', 0.35),
(476, 'FL04', 'Trufa de Hortelã e Café', 200, '2026-09-01', '2026-12-20', 'Chocolate Meio Amargo', 0.10),
(477, 'FL16', 'Chocolate com Amendoim e Mel', 170, '2026-09-10', '2026-12-21', 'Chocolate ao Leite', 0.18),
(478, 'FL10', 'Tablete de Pistache e Laranja', 300, '2026-02-10', '2026-12-22', 'Chocolate Branco', 0.20),
(479, 'FL13', 'Bombom de Pimenta com Café', 165, '2026-03-15', '2026-12-23', 'Chocolate Amargo', 0.15),
(480, 'FL17', 'Chocolate com Crocante de Avelã e Coco', 240, '2026-05-25', '2026-12-24', 'Chocolate ao Leite', 0.22),
(481, 'FL15', 'Trufa de Maracujá e Gengibre', 270, '2026-05-10', '2026-12-25', 'Chocolate Branco', 0.10),
(482, 'FL03', 'Barra de Praliné Salgado e Amendoim', 380, '2026-10-15', '2026-12-26', 'Chocolate ao Leite', 0.25),
(483, 'FL08', 'Chocolate Amargo 95% com Menta', 270, '2026-02-01', '2026-12-27', 'Chocolate Amargo', 0.30),
(484, 'FL12', 'Bombom de Café com Caramelo', 160, '2026-04-15', '2026-12-28', 'Chocolate Meio Amargo', 0.15),
(485, 'FL05', 'Barra de Flor de Sal com Laranja', 350, '2026-08-25', '2026-12-29', 'Chocolate Amargo', 0.25),
(486, 'FL19', 'Chocolate com Pistache e Coco', 210, '2026-12-10', '2026-12-30', 'Chocolate Branco', 0.22),
(487, 'FL01', 'Trufa de Vinho do Porto e Pimenta', 285, '2026-05-20', '2026-12-31', 'Chocolate Meio Amargo', 0.10),
(488, 'FL07', 'Chocolate com Canela e Gengibre', 150, '2026-03-05', '2027-01-01', 'Chocolate Amargo', 0.18),
(489, 'FL14', 'Tablete de Mel com Avelã', 225, '2026-09-01', '2027-01-02', 'Chocolate ao Leite', 0.20),
(490, 'FL11', 'Bombom de Figo com Pistache', 190, '2026-06-10', '2027-01-03', 'Chocolate Amargo', 0.15),
(491, 'FL06', 'Gotas de Chocolate Branco com Amêndoas', 480, '2026-10-30', '2027-01-04', 'Chocolate Branco', 0.50),
(492, 'FL18', 'Barra de Gianduia com Praliné', 260, '2026-02-15', '2027-01-05', 'Chocolate ao Leite', 0.25),
(493, 'FL09', 'Chocolate Quente Holandês', 130, '2026-03-20', '2027-01-06', 'Chocolate em Pó', 0.40),
(494, 'FL20', 'Bombons de Damasco e Pimenta', 100, '2026-07-01', '2027-01-07', 'Chocolate Branco', 0.15),
(495, 'FL02', 'Ovo de Páscoa com Caramelo Salgado', 120, '2026-04-15', '2027-01-08', 'Chocolate Amargo', 0.35),
(496, 'FL04', 'Trufa de Hortelã e Café', 200, '2026-09-01', '2027-01-09', 'Chocolate Meio Amargo', 0.10),
(497, 'FL16', 'Chocolate com Amendoim e Mel', 170, '2026-09-10', '2027-01-10', 'Chocolate ao Leite', 0.18),
(498, 'FL10', 'Tablete de Pistache e Laranja', 300, '2026-02-10', '2027-01-11', 'Chocolate Branco', 0.20),
(499, 'FL13', 'Bombom de Pimenta com Café', 165, '2026-03-15', '2027-01-12', 'Chocolate Amargo', 0.15),
(500, 'FL17', 'Chocolate com Crocante de Avelã e Coco', 240, '2026-05-25', '2027-01-13', 'Chocolate ao Leite', 0.22);

INSERT INTO Vendas (id_venda, id_cliente, id_funcionario, id_filial, data_da_compra, statusDoPedido, forma_de_pagamento, data_do_envio) VALUES
(1, 477, 494, 'FL19', '2024-11-20', 'Em andamento', 'Cartão de Crédito', '2024-11-26'),
(2, 431, 395, 'FL02', '2025-05-18', 'Entregue', 'Boleto', '2025-05-27'),
(3, 405, 499, 'FL08', '2025-02-13', 'Em andamento', 'Pix', '2025-02-21'),
(4, 246, 492, 'FL12', '2025-02-09', 'Entregue', 'Boleto', '2025-02-14'),
(5, 142, 465, 'FL05', '2025-01-22', 'Em andamento', 'Cartão de Débito', '2025-01-30'),
(6, 490, 490, 'FL06', '2025-06-03', 'Em andamento', 'Cartão de Crédito', '2025-06-07'),
(7, 421, 461, 'FL01', '2025-02-28', 'Entregue', 'Pix', '2025-03-05'),
(8, 266, 468, 'FL07', '2024-12-04', 'Entregue', 'Pix', '2024-12-08'),
(9, 29, 249, 'FL14', '2025-08-25', 'Em andamento', 'Boleto', '2025-09-02'),
(10, 461, 490, 'FL11', '2024-10-06', 'Em andamento', 'Cartão de Crédito', '2024-10-14'),
(11, 11, 490, 'FL06', '2025-09-11', 'Entregue', 'Pix', '2025-09-13'),
(12, 12, 472, 'FL18', '2025-04-12', 'Em andamento', 'Boleto', '2025-04-18'),
(13, 221, 459, 'FL09', '2024-11-29', 'Entregue', 'Cartão de Débito', '2024-12-03'),
(14, 143, 34, 'FL20', '2025-02-22', 'Em andamento', 'Boleto', '2025-02-26'),
(15, 35, 495, 'FL02', '2025-05-18', 'Em andamento', 'Pix', '2025-05-23'),
(16, 496, 4, 'FL04', '2025-03-12', 'Entregue', 'Cartão de Crédito', '2025-03-18'),
(17, 359, 497, 'FL16', '2025-08-28', 'Em andamento', 'Boleto', '2025-09-02'),
(18, 453, 466, 'FL10', '2025-01-10', 'Entregue', 'Cartão de Débito', '2025-01-15'),
(19, 399, 479, 'FL13', '2025-05-20', 'Em andamento', 'Boleto', '2025-05-28'),
(20, 434, 470, 'FL17', '2024-12-05', 'Em andamento', 'Cartão de Débito', '2024-12-10'),
(21, 101, 498, 'FL01', '2025-01-18', 'Entregue', 'Pix', '2025-01-23'),
(22, 105, 22, 'FL03', '2025-03-10', 'Em andamento', 'Boleto', '2025-03-18'),
(23, 296, 23, 'FL08', '2024-12-29', 'Entregue', 'Cartão de Crédito', '2025-01-02'),
(24, 454, 4, 'FL12', '2024-11-04', 'Em andamento', 'Pix', '2024-11-07'),
(25, 437, 465, 'FL05', '2025-04-09', 'Em andamento', 'Boleto', '2025-04-14'),
(26, 477, 494, 'FL19', '2025-04-03', 'Em andamento', 'Cartão de Débito', '2025-04-09'),
(27, 421, 461, 'FL01', '2025-06-21', 'Em andamento', 'Pix', '2025-06-27'),
(28, 122, 468, 'FL07', '2024-10-18', 'Em andamento', 'Boleto', '2024-10-23'),
(29, 255, 249, 'FL14', '2025-07-28', 'Entregue', 'Cartão de Crédito', '2025-08-04'),
(30, 247, 490, 'FL11', '2024-11-19', 'Em andamento', 'Pix', '2024-11-25'),
(31, 6, 31, 'FL06', '2025-09-02', 'Em andamento', 'Boleto', '2025-09-08'),
(32, 180, 472, 'FL18', '2024-11-20', 'Em andamento', 'Cartão de Débito', '2024-11-26'),
(33, 222, 459, 'FL09', '2025-05-11', 'Entregue', 'Pix', '2025-05-18'),
(34, 407, 34, 'FL20', '2025-07-27', 'Em andamento', 'Boleto', '2025-08-01'),
(35, 15, 495, 'FL02', '2025-08-07', 'Em andamento', 'Cartão de Crédito', '2025-08-11'),
(36, 16, 4, 'FL04', '2025-02-18', 'Entregue', 'Pix', '2025-02-23'),
(37, 435, 497, 'FL16', '2025-06-19', 'Em andamento', 'Boleto', '2025-06-25'),
(38, 466, 466, 'FL10', '2024-11-29', 'Em andamento', 'Cartão de Débito', '2024-12-04'),
(39, 401, 479, 'FL13', '2025-02-10', 'Em andamento', 'Pix', '2025-02-18'),
(40, 253, 470, 'FL17', '2025-05-16', 'Em andamento', 'Boleto', '2025-05-23'),
(41, 141, 461, 'FL15', '2025-05-28', 'Em andamento', 'Cartão de Crédito', '2025-06-03'),
(42, 429, 22, 'FL03', '2025-08-06', 'Entregue', 'Pix', '2025-08-09'),
(43, 281, 499, 'FL08', '2025-03-06', 'Em andamento', 'Boleto', '2025-03-12'),
(44, 454, 4, 'FL12', '2024-11-19', 'Em andamento', 'Cartão de Débito', '2024-11-25'),
(45, 160, 465, 'FL05', '2025-03-10', 'Em andamento', 'Pix', '2025-03-16'),
(46, 383, 494, 'FL19', '2025-08-01', 'Em andamento', 'Boleto', '2025-08-04'),
(47, 307, 498, 'FL01', '2024-10-25', 'Em andamento', 'Cartão de Crédito', '2024-10-29'),
(48, 121, 468, 'FL07', '2025-07-28', 'Entregue', 'Pix', '2025-08-01'),
(49, 147, 249, 'FL14', '2025-04-12', 'Em andamento', 'Boleto', '2025-04-17'),
(50, 209, 490, 'FL11', '2024-11-19', 'Em andamento', 'Cartão de Débito', '2024-11-27'),
(51, 6, 181, 'FL06', '2025-02-23', 'Em andamento', 'Pix', '2025-02-28'),
(52, 355, 472, 'FL18', '2025-06-11', 'Entregue', 'Boleto', '2025-06-18'),
(53, 301, 459, 'FL09', '2025-07-28', 'Em andamento', 'Cartão de Crédito', '2025-08-04'),
(54, 474, 34, 'FL20', '2024-10-18', 'Entregue', 'Pix', '2024-10-24'),
(55, 339, 495, 'FL02', '2024-10-28', 'Em andamento', 'Boleto', '2024-11-04'),
(56, 350, 4, 'FL04', '2025-02-28', 'Em andamento', 'Cartão de Débito', '2025-03-05'),
(57, 497, 497, 'FL16', '2025-01-20', 'Em andamento', 'Pix', '2025-01-27'),
(58, 453, 466, 'FL10', '2024-10-18', 'Em andamento', 'Boleto', '2024-10-25'),
(59, 256, 479, 'FL13', '2025-05-15', 'Em andamento', 'Cartão de Crédito', '2025-05-22'),
(60, 460, 470, 'FL17', '2025-05-18', 'Em andamento', 'Pix', '2025-05-24'),
(61, 141, 1, 'FL01', '2024-10-25', 'Em andamento', 'Boleto', '2024-10-29'),
(62, 109, 22, 'FL03', '2025-04-04', 'Entregue', 'Cartão de Débito', '2025-04-10'),
(63, 193, 23, 'FL08', '2025-08-23', 'Em andamento', 'Pix', '2025-08-26'),
(64, 455, 4, 'FL12', '2025-01-21', 'Em andamento', 'Boleto', '2025-01-28'),
(65, 424, 465, 'FL05', '2025-05-19', 'Entregue', 'Cartão de Crédito', '2025-05-23'),
(66, 377, 494, 'FL19', '2024-12-19', 'Em andamento', 'Pix', '2024-12-25'),
(67, 101, 498, 'FL01', '2024-12-21', 'Em andamento', 'Boleto', '2024-12-27'),
(68, 8, 28, 'FL07', '2025-05-12', 'Em andamento', 'Cartão de Débito', '2025-05-19'),
(69, 448, 249, 'FL14', '2024-12-02', 'Entregue', 'Pix', '2024-12-07'),
(70, 247, 490, 'FL11', '2025-03-24', 'Em andamento', 'Boleto', '2025-03-28'),
(71, 392, 181, 'FL06', '2025-01-28', 'Em andamento', 'Cartão de Crédito', '2025-02-04'),
(72, 355, 472, 'FL18', '2025-02-03', 'Entregue', 'Pix', '2025-02-07'),
(73, 272, 459, 'FL09', '2024-10-18', 'Em andamento', 'Boleto', '2024-10-26'),
(74, 460, 34, 'FL20', '2024-11-20', 'Em andamento', 'Cartão de Débito', '2024-11-27'),
(75, 495, 495, 'FL02', '2025-06-07', 'Em andamento', 'Pix', '2025-06-13'),
(76, 290, 4, 'FL04', '2025-07-29', 'Em andamento', 'Boleto', '2025-08-04'),
(77, 366, 497, 'FL16', '2025-04-14', 'Entregue', 'Cartão de Crédito', '2025-04-22'),
(78, 304, 10, 'FL10', '2025-07-06', 'Em andamento', 'Pix', '2025-07-10'),
(79, 110, 479, 'FL13', '2024-10-21', 'Em andamento', 'Boleto', '2024-10-24'),
(80, 202, 470, 'FL17', '2025-02-23', 'Em andamento', 'Cartão de Débito', '2025-02-28'),
(81, 440, 1, 'FL15', '2025-07-08', 'Em andamento', 'Cartão de Crédito', '2025-07-14'),
(82, 462, 22, 'FL03', '2024-10-28', 'Em andamento', 'Pix', '2024-11-03'),
(83, 303, 12, 'FL18', '2025-01-26', 'Em andamento', 'Boleto', '2025-02-02'),
(84, 143, 34, 'FL20', '2025-06-25', 'Em andamento', 'Cartão de Débito', '2025-07-01'),
(85, 467, 7, 'FL01', '2025-05-18', 'Em andamento', 'Boleto', '2025-05-24'),
(86, 12, 12, 'FL18', '2024-12-14', 'Em andamento', 'Pix', '2024-12-19'),
(87, 46, 6, 'FL19', '2024-12-19', 'Em andamento', 'Cartão de Crédito', '2024-12-24'),
(88, 308, 465, 'FL05', '2024-12-14', 'Em andamento', 'Cartão de Débito', '2024-12-21'),
(89, 255, 249, 'FL14', '2024-10-10', 'Em andamento', 'Boleto', '2024-10-18'),
(90, 479, 52, 'CF01', '2025-04-14', 'Em andamento', 'Pix', '2025-04-20'),
(91, 153, 465, 'FL05', '2025-05-02', 'Em andamento', 'Boleto', '2025-05-08'),
(92, 456, 4, 'FL04', '2025-08-28', 'Em andamento', 'Boleto', '2025-09-04'),
(93, 219, 52, 'CF01', '2025-02-01', 'Em andamento', 'Pix', '2025-02-06'),
(94, 381, 1, 'FL15', '2025-01-26', 'Em andamento', 'Cartão de Crédito', '2025-02-01'),
(95, 240, 495, 'FL02', '2025-05-22', 'Em andamento', 'Boleto', '2025-05-27'),
(96, 26, 31, 'FL06', '2025-06-26', 'Em andamento', 'Pix', '2025-06-30'),
(97, 462, 459, 'FL09', '2025-01-14', 'Em andamento', 'Boleto', '2025-01-20'),
(98, 423, 22, 'FL03', '2025-04-12', 'Em andamento', 'Cartão de Débito', '2025-04-18'),
(99, 168, 465, 'FL05', '2024-11-20', 'Em andamento', 'Cartão de Crédito', '2024-11-27'),
(100, 497, 1, 'FL15', '2025-01-28', 'Em andamento', 'Boleto', '2025-02-04'),
(101, 355, 472, 'FL18', '2025-07-28', 'Em andamento', 'Cartão de Débito', '2025-08-05'),
(102, 221, 459, 'FL09', '2025-08-20', 'Em andamento', 'Pix', '2025-08-25'),
(103, 441, 181, 'FL06', '2025-05-18', 'Em andamento', 'Boleto', '2025-05-23'),
(104, 396, 472, 'FL18', '2025-01-08', 'Em andamento', 'Cartão de Crédito', '2025-01-14'),
(105, 187, 494, 'FL19', '2025-02-28', 'Em andamento', 'Boleto', '2025-03-04'),
(106, 178, 28, 'FL07', '2024-12-03', 'Em andamento', 'Cartão de Débito', '2024-12-09'),
(107, 395, 498, 'FL01', '2025-02-12', 'Em andamento', 'Pix', '2025-02-17'),
(108, 471, 497, 'FL16', '2025-02-23', 'Em andamento', 'Boleto', '2025-03-01'),
(109, 391, 472, 'FL18', '2025-01-17', 'Em andamento', 'Cartão de Crédito', '2025-01-21'),
(110, 439, 494, 'FL19', '2025-03-05', 'Em andamento', 'Cartão de Débito', '2025-03-12'),
(111, 451, 465, 'FL05', '2025-08-11', 'Em andamento', 'Pix', '2025-08-15'),
(112, 401, 479, 'FL13', '2025-08-21', 'Em andamento', 'Boleto', '2025-08-23'),
(113, 237, 34, 'FL20', '2024-10-24', 'Em andamento', 'Pix', '2024-10-28'),
(114, 26, 31, 'FL06', '2025-07-26', 'Em andamento', 'Cartão de Crédito', '2025-08-04'),
(115, 348, 479, 'FL13', '2025-02-09', 'Em andamento', 'Pix', '2025-02-15'),
(116, 219, 52, 'CF01', '2025-05-18', 'Em andamento', 'Boleto', '2025-05-20'),
(117, 363, 495, 'FL02', '2024-12-10', 'Em andamento', 'Boleto', '2024-12-16'),
(118, 226, 479, 'FL13', '2025-05-19', 'Em andamento', 'Cartão de Crédito', '2025-05-24'),
(119, 311, 465, 'FL05', '2025-02-14', 'Em andamento', 'Pix', '2025-02-21'),
(120, 240, 495, 'FL02', '2025-03-01', 'Em andamento', 'Cartão de Débito', '2025-03-07'),
(121, 232, 479, 'FL13', '2025-02-28', 'Entregue', 'Pix', '2025-03-07'),
(122, 172, 4, 'FL12', '2024-10-14', 'Em andamento', 'Cartão de Crédito', '2024-10-18'),
(123, 246, 4, 'FL12', '2025-02-07', 'Em andamento', 'Boleto', '2025-02-15'),
(124, 186, 498, 'FL01', '2025-04-28', 'Em andamento', 'Pix', '2025-05-01'),
(125, 462, 459, 'FL09', '2025-05-23', 'Em andamento', 'Cartão de Débito', '2025-05-29'),
(126, 455, 4, 'FL12', '2025-04-18', 'Entregue', 'Boleto', '2025-04-27'),
(127, 281, 499, 'FL08', '2025-04-23', 'Em andamento', 'Cartão de Crédito', '2025-04-26'),
(128, 484, 34, 'FL20', '2025-07-28', 'Em andamento', 'Pix', '2025-08-06'),
(129, 307, 498, 'FL01', '2025-02-09', 'Em andamento', 'Cartão de Débito', '2025-02-15'),
(130, 496, 459, 'FL09', '2025-07-06', 'Em andamento', 'Boleto', '2025-07-13'),
(131, 283, 37, 'FL16', '2024-12-14', 'Entregue', 'Pix', '2024-12-21'),
(132, 297, 37, 'FL16', '2025-02-05', 'Em andamento', 'Boleto', '2025-02-11'),
(133, 401, 479, 'FL13', '2025-05-09', 'Em andamento', 'Cartão de Crédito', '2025-05-18'),
(134, 187, 494, 'FL19', '2025-06-25', 'Em andamento', 'Pix', '2025-06-29'),
(135, 147, 249, 'FL14', '2024-12-07', 'Em andamento', 'Pix', '2024-12-15'),
(136, 175, 12, 'FL18', '2025-08-26', 'Entregue', 'Boleto', '2025-08-31'),
(137, 102, 479, 'FL13', '2025-07-16', 'Em andamento', 'Cartão de Débito', '2025-07-25'),
(138, 250, 495, 'FL02', '2025-02-23', 'Em andamento', 'Cartão de Crédito', '2025-02-28'),
(139, 447, 499, 'FL08', '2025-01-26', 'Em andamento', 'Cartão de Débito', '2025-02-04'),
(140, 249, 249, 'FL14', '2025-06-28', 'Em andamento', 'Pix', '2025-07-05'),
(141, 497, 1, 'FL15', '2025-08-25', 'Em andamento', 'Cartão de Crédito', '2025-09-03'),
(142, 191, 494, 'FL19', '2024-11-23', 'Entregue', 'Boleto', '2024-11-27'),
(143, 212, 4, 'FL04', '2025-06-03', 'Em andamento', 'Pix', '2025-06-05'),
(144, 460, 470, 'FL17', '2025-07-03', 'Em andamento', 'Pix', '2025-07-08'),
(145, 455, 4, 'FL12', '2025-08-28', 'Entregue', 'Cartão de Débito', '2025-09-02'),
(146, 268, 52, 'CF01', '2025-08-24', 'Em andamento', 'Pix', '2025-08-26'),
(147, 115, 1, 'FL15', '2024-10-20', 'Em andamento', 'Boleto', '2024-10-24'),
(148, 153, 25, 'FL05', '2024-12-14', 'Em andamento', 'Boleto', '2024-12-21'),
(149, 137, 1, 'FL15', '2025-03-24', 'Em andamento', 'Cartão de Crédito', '2025-03-28'),
(150, 485, 22, 'FL03', '2025-02-18', 'Em andamento', 'Boleto', '2025-02-23'),
(151, 238, 31, 'FL06', '2025-05-18', 'Entregue', 'Pix', '2025-05-25'),
(152, 401, 479, 'FL13', '2025-05-26', 'Em andamento', 'Boleto', '2025-06-04'),
(153, 312, 10, 'FL10', '2025-07-28', 'Em andamento', 'Boleto', '2025-08-06'),
(154, 455, 4, 'FL12', '2025-05-18', 'Entregue', 'Cartão de Débito', '2025-05-24'),
(155, 274, 34, 'FL20', '2025-03-22', 'Em andamento', 'Pix', '2025-03-28'),
(156, 108, 19, 'FL09', '2025-03-03', 'Entregue', 'Cartão de Crédito', '2025-03-10'),
(157, 117, 52, 'CF01', '2025-04-20', 'Em andamento', 'Boleto', '2025-04-26'),
(158, 226, 494, 'FL19', '2025-05-08', 'Em andamento', 'Pix', '2025-05-15'),
(159, 423, 15, 'FL02', '2024-10-10', 'Em andamento', 'Cartão de Débito', '2024-10-15'),
(160, 246, 4, 'FL12', '2025-08-25', 'Em andamento', 'Boleto', '2025-09-01'),
(161, 467, 7, 'FL01', '2025-06-25', 'Entregue', 'Boleto', '2025-07-01'),
(162, 385, 25, 'FL05', '2025-01-20', 'Em andamento', 'Cartão de Crédito', '2025-01-28'),
(163, 268, 52, 'CF01', '2024-11-22', 'Entregue', 'Cartão de Crédito', '2024-11-28'),
(164, 434, 5, 'FL17', '2025-06-22', 'Em andamento', 'Pix', '2025-06-28'),
(165, 309, 19, 'FL09', '2025-07-28', 'Entregue', 'Cartão de Débito', '2025-08-03'),
(166, 381, 1, 'FL15', '2024-10-02', 'Em andamento', 'Boleto', '2024-10-09'),
(167, 396, 12, 'FL18', '2025-08-04', 'Entregue', 'Pix', '2025-08-06'),
(168, 482, 52, 'CF01', '2025-01-23', 'Em andamento', 'Boleto', '2025-01-29'),
(169, 442, 22, 'FL03', '2025-08-03', 'Entregue', 'Cartão de Débito', '2025-08-08'),
(170, 415, 10, 'FL11', '2025-04-12', 'Em andamento', 'Boleto', '2025-04-16'),
(171, 351, 4, 'FL04', '2025-01-09', 'Em andamento', 'Pix', '2025-01-14'),
(172, 389, 9, 'FL14', '2024-12-07', 'Em andamento', 'Pix', '2024-12-12'),
(173, 216, 50, 'FL17', '2025-08-25', 'Em andamento', 'Cartão de Crédito', '2025-08-28'),
(174, 401, 19, 'FL13', '2025-06-03', 'Entregue', 'Cartão de Débito', '2025-06-08'),
(175, 156, 15, 'FL02', '2025-08-16', 'Em andamento', 'Pix', '2025-08-24'),
(176, 219, 52, 'CF01', '2025-06-25', 'Entregue', 'Pix', '2025-07-01'),
(177, 497, 497, 'FL16', '2025-04-20', 'Em andamento', 'Boleto', '2025-04-27'),
(178, 127, 499, 'FL08', '2025-05-18', 'Em andamento', 'Boleto', '2025-05-24'),
(179, 453, 10, 'FL10', '2025-07-24', 'Em andamento', 'Cartão de Débito', '2025-07-28'),
(180, 26, 6, 'FL19', '2025-08-05', 'Em andamento', 'Cartão de Crédito', '2025-08-10'),
(181, 237, 34, 'FL20', '2025-06-19', 'Em andamento', 'Pix', '2025-06-23'),
(182, 386, 15, 'FL02', '2025-05-20', 'Entregue', 'Boleto', '2025-05-24'),
(183, 107, 4, 'FL12', '2025-08-20', 'Em andamento', 'Boleto', '2025-08-29'),
(184, 401, 479, 'FL13', '2025-07-06', 'Em andamento', 'Cartão de Débito', '2025-07-10'),
(185, 454, 34, 'FL20', '2025-02-19', 'Entregue', 'Cartão de Crédito', '2025-02-25'),
(186, 425, 34, 'FL20', '2025-03-24', 'Em andamento', 'Pix', '2025-03-29'),
(187, 447, 499, 'FL08', '2025-06-03', 'Em andamento', 'Boleto', '2025-06-09'),
(188, 301, 459, 'FL09', '2025-05-20', 'Em andamento', 'Cartão de Débito', '2025-05-25'),
(189, 29, 9, 'FL14', '2025-05-14', 'Em andamento', 'Cartão de Crédito', '2025-05-23'),
(190, 480, 5, 'FL17', '2025-05-25', 'Entregue', 'Pix', '2025-06-02'),
(191, 106, 479, 'FL13', '2024-11-26', 'Em andamento', 'Boleto', '2024-12-05'),
(192, 194, 5, 'FL17', '2024-12-02', 'Em andamento', 'Cartão de Débito', '2024-12-07'),
(193, 495, 495, 'FL02', '2025-01-26', 'Em andamento', 'Cartão de Crédito', '2025-02-01'),
(194, 217, 22, 'FL03', '2025-08-16', 'Em andamento', 'Pix', '2025-08-20'),
(195, 296, 499, 'FL08', '2025-04-20', 'Em andamento', 'Boleto', '2025-04-28'),
(196, 482, 52, 'CF01', '2025-06-25', 'Em andamento', 'Cartão de Débito', '2025-07-02'),
(197, 302, 10, 'FL10', '2025-05-10', 'Entregue', 'Cartão de Crédito', '2025-05-17'),
(198, 488, 4, 'FL04', '2025-02-23', 'Em andamento', 'Pix', '2025-03-01'),
(199, 115, 1, 'FL15', '2025-08-27', 'Em andamento', 'Pix', '2025-09-03'),
(200, 396, 12, 'FL18', '2024-10-08', 'Em andamento', 'Cartão de Crédito', '2024-10-16'),
(201, 334, 7, 'FL01', '2025-07-16', 'Entregue', 'Boleto', '2025-07-22'),
(202, 477, 6, 'FL19', '2025-05-02', 'Em andamento', 'Cartão de Débito', '2025-05-09'),
(203, 332, 31, 'FL06', '2025-03-17', 'Em andamento', 'Cartão de Crédito', '2025-03-26'),
(204, 187, 494, 'FL19', '2024-12-25', 'Em andamento', 'Pix', '2024-12-30'),
(205, 325, 494, 'FL19', '2025-04-28', 'Em andamento', 'Boleto', '2025-05-04'),
(206, 219, 52, 'CF01', '2025-04-18', 'Em andamento', 'Cartão de Débito', '2025-04-25'),
(207, 342, 498, 'FL01', '2025-07-11', 'Em andamento', 'Cartão de Crédito', '2025-07-17'),
(208, 469, 249, 'FL14', '2025-08-16', 'Em andamento', 'Boleto', '2025-08-23'),
(209, 396, 12, 'FL18', '2025-04-20', 'Em andamento', 'Pix', '2025-04-26'),
(210, 274, 34, 'FL20', '2025-04-27', 'Em andamento', 'Cartão de Débito', '2025-05-01'),
(211, 411, 15, 'FL02', '2024-11-21', 'Em andamento', 'Boleto', '2024-11-26'),
(212, 172, 4, 'FL12', '2025-04-03', 'Em andamento', 'Pix', '2025-04-09'),
(213, 247, 10, 'FL11', '2025-05-08', 'Entregue', 'Boleto', '2025-05-15'),
(214, 14, 34, 'FL20', '2025-07-28', 'Em andamento', 'Cartão de Crédito', '2025-08-01'),
(215, 348, 479, 'FL13', '2024-11-19', 'Em andamento', 'Boleto', '2024-11-26'),
(216, 424, 25, 'FL05', '2025-08-28', 'Em andamento', 'Cartão de Débito', '2025-09-04'),
(217, 397, 1, 'FL15', '2025-02-12', 'Em andamento', 'Pix', '2025-02-19'),
(218, 496, 19, 'FL09', '2024-11-03', 'Em andamento', 'Cartão de Crédito', '2024-11-09'),
(219, 440, 1, 'FL15', '2025-02-23', 'Em andamento', 'Boleto', '2025-02-28'),
(220, 287, 15, 'FL02', '2025-05-18', 'Entregue', 'Pix', '2025-05-24'),
(221, 105, 22, 'FL03', '2025-08-22', 'Entregue', 'Cartão de Débito', '2025-08-29'),
(222, 281, 499, 'FL08', '2025-03-12', 'Em andamento', 'Cartão de Crédito', '2025-03-18'),
(223, 460, 50, 'FL17', '2025-05-02', 'Entregue', 'Pix', '2025-05-08'),
(224, 24, 4, 'FL12', '2025-02-19', 'Entregue', 'Boleto', '2025-02-24'),
(225, 362, 4, 'FL12', '2025-06-25', 'Em andamento', 'Pix', '2025-07-04'),
(226, 477, 6, 'FL19', '2025-07-28', 'Em andamento', 'Cartão de Crédito', '2025-08-04'),
(227, 236, 34, 'FL20', '2025-04-12', 'Entregue', 'Pix', '2025-04-18'),
(228, 439, 6, 'FL19', '2025-05-18', 'Em andamento', 'Boleto', '2025-05-24'),
(229, 396, 12, 'FL18', '2024-11-14', 'Entregue', 'Cartão de Débito', '2024-11-19'),
(230, 230, 52, 'CF01', '2025-07-16', 'Entregue', 'Boleto', '2025-07-20'),
(231, 269, 31, 'FL06', '2025-05-29', 'Em andamento', 'Cartão de Crédito', '2025-06-03'),
(232, 274, 34, 'FL20', '2025-06-05', 'Em andamento', 'Cartão de Débito', '2025-06-11'),
(233, 403, 37, 'FL16', '2025-03-28', 'Em andamento', 'Boleto', '2025-04-03'),
(234, 187, 494, 'FL19', '2025-02-22', 'Em andamento', 'Pix', '2025-02-25'),
(235, 14, 34, 'FL20', '2024-12-25', 'Entregue', 'Boleto', '2025-01-01'),
(236, 432, 15, 'FL02', '2025-01-18', 'Entregue', 'Pix', '2025-01-22'),
(237, 498, 7, 'FL01', '2025-05-18', 'Entregue', 'Cartão de Crédito', '2025-05-24'),
(238, 147, 9, 'FL14', '2025-01-14', 'Em andamento', 'Boleto', '2025-01-20'),
(239, 447, 499, 'FL08', '2025-03-03', 'Em andamento', 'Pix', '2025-03-09'),
(240, 255, 4, 'FL12', '2024-12-04', 'Entregue', 'Cartão de Débito', '2024-12-07'),
(241, 141, 41, 'FL15', '2025-08-07', 'Em andamento', 'Cartão de Crédito', '2025-08-11'),
(242, 488, 4, 'FL04', '2024-10-18', 'Entregue', 'Pix', '2024-10-24'),
(243, 362, 4, 'FL12', '2025-07-28', 'Em andamento', 'Boleto', '2025-08-01'),
(244, 472, 19, 'FL13', '2025-08-15', 'Em andamento', 'Boleto', '2025-08-20'),
(245, 126, 9, 'FL14', '2025-05-18', 'Em andamento', 'Cartão de Débito', '2025-05-23'),
(246, 308, 25, 'FL05', '2025-04-12', 'Em andamento', 'Cartão de Crédito', '2025-04-18'),
(247, 246, 4, 'FL12', '2025-08-08', 'Em andamento', 'Cartão de Crédito', '2025-08-13'),
(248, 117, 52, 'CF01', '2024-10-04', 'Entregue', 'Pix', '2024-10-10'),
(249, 137, 1, 'FL15', '2025-05-28', 'Em andamento', 'Boleto', '2025-06-03'),
(250, 486, 50, 'FL17', '2025-08-14', 'Entregue', 'Boleto', '2025-08-19'),
(251, 461, 10, 'FL11', '2025-01-20', 'Em andamento', 'Pix', '2025-01-25'),
(252, 340, 7, 'FL01', '2025-04-24', 'Entregue', 'Pix', '2025-04-30'),
(253, 222, 19, 'FL09', '2025-07-10', 'Em andamento', 'Boleto', '2025-07-14'),
(254, 492, 4, 'FL12', '2025-06-03', 'Em andamento', 'Cartão de Débito', '2025-06-08'),
(255, 396, 12, 'FL18', '2025-05-28', 'Entregue', 'Boleto', '2025-06-01'),
(256, 311, 31, 'FL06', '2025-05-20', 'Em andamento', 'Cartão de Crédito', '2025-05-25'),
(257, 106, 19, 'FL13', '2025-06-12', 'Entregue', 'Pix', '2025-06-17'),
(258, 385, 25, 'FL05', '2024-11-28', 'Em andamento', 'Boleto', '2024-12-04'),
(259, 276, 10, 'FL10', '2025-07-16', 'Em andamento', 'Cartão de Débito', '2025-07-21'),
(260, 323, 6, 'FL19', '2025-02-12', 'Em andamento', 'Cartão de Crédito', '2025-02-18'),
(261, 461, 10, 'FL11', '2025-04-19', 'Em andamento', 'Pix', '2025-04-27'),
(262, 462, 19, 'FL09', '2025-05-20', 'Entregue', 'Boleto', '2025-05-24'),
(263, 444, 15, 'FL02', '2024-12-28', 'Entregue', 'Cartão de Débito', '2025-01-03'),
(264, 469, 6, 'FL19', '2025-03-24', 'Em andamento', 'Pix', '2025-03-27'),
(265, 483, 23, 'FL08', '2025-08-25', 'Em andamento', 'Boleto', '2025-09-02'),
(266, 115, 1, 'FL15', '2025-08-16', 'Em andamento', 'Pix', '2025-08-24'),
(267, 362, 4, 'FL12', '2025-06-01', 'Em andamento', 'Boleto', '2025-06-06'),
(268, 108, 19, 'FL09', '2025-08-20', 'Entregue', 'Cartão de Débito', '2025-08-24'),
(269, 447, 23, 'FL08', '2025-04-01', 'Em andamento', 'Cartão de Crédito', '2025-04-06'),
(270, 31, 31, 'FL06', '2025-04-20', 'Em andamento', 'Pix', '2025-04-26'),
(271, 238, 31, 'FL06', '2025-01-20', 'Entregue', 'Boleto', '2025-01-23'),
(272, 389, 9, 'FL14', '2025-07-28', 'Em andamento', 'Boleto', '2025-08-02'),
(273, 494, 6, 'FL19', '2025-08-28', 'Entregue', 'Cartão de Débito', '2025-09-02'),
(274, 444, 15, 'FL02', '2025-04-24', 'Em andamento', 'Cartão de Crédito', '2025-04-29'),
(275, 29, 9, 'FL14', '2024-12-03', 'Em andamento', 'Pix', '2024-12-08'),
(276, 209, 10, 'FL11', '2025-01-17', 'Em andamento', 'Boleto', '2025-01-24'),
(277, 27, 7, 'FL01', '2025-07-06', 'Em andamento', 'Pix', '2025-07-12'),
(278, 497, 1, 'FL15', '2025-03-24', 'Em andamento', 'Boleto', '2025-03-31'),
(279, 382, 4, 'FL12', '2025-05-18', 'Em andamento', 'Cartão de Débito', '2025-05-26'),
(280, 240, 15, 'FL02', '2024-12-02', 'Entregue', 'Pix', '2024-12-07'),
(281, 46, 6, 'FL19', '2025-06-23', 'Em andamento', 'Boleto', '2025-06-29'),
(282, 362, 4, 'FL12', '2025-03-01', 'Em andamento', 'Cartão de Crédito', '2025-03-08'),
(283, 219, 52, 'CF01', '2025-01-09', 'Em andamento', 'Boleto', '2025-01-16'),
(284, 186, 7, 'FL01', '2025-05-04', 'Em andamento', 'Pix', '2025-05-11'),
(285, 327, 15, 'FL02', '2024-10-07', 'Entregue', 'Cartão de Débito', '2024-10-15'),
(286, 124, 4, 'FL12', '2025-08-25', 'Em andamento', 'Cartão de Crédito', '2025-09-02'),
(287, 368, 28, 'FL07', '2024-11-24', 'Entregue', 'Pix', '2024-11-30'),
(288, 301, 19, 'FL09', '2024-12-25', 'Em andamento', 'Boleto', '2025-01-02'),
(289, 396, 12, 'FL18', '2025-07-16', 'Entregue', 'Cartão de Débito', '2025-07-25'),
(290, 466, 10, 'FL10', '2025-05-18', 'Em andamento', 'Pix', '2025-05-27'),
(291, 137, 1, 'FL15', '2025-07-07', 'Entregue', 'Boleto', '2025-07-11'),
(292, 401, 479, 'FL13', '2025-08-29', 'Em andamento', 'Boleto', '2025-09-05'),
(293, 212, 4, 'FL04', '2024-12-09', 'Em andamento', 'Pix', '2024-12-16'),
(294, 219, 52, 'CF01', '2025-05-23', 'Em andamento', 'Cartão de Crédito', '2025-05-28'),
(295, 237, 34, 'FL20', '2025-03-24', 'Entregue', 'Pix', '2025-03-28'),
(296, 439, 6, 'FL19', '2025-07-28', 'Em andamento', 'Boleto', '2025-08-01'),
(297, 495, 15, 'FL02', '2025-02-05', 'Em andamento', 'Cartão de Débito', '2025-02-10'),
(298, 480, 5, 'FL17', '2024-10-24', 'Em andamento', 'Cartão de Crédito', '2024-10-31'),
(299, 129, 4, 'FL12', '2025-05-23', 'Em andamento', 'Pix', '2025-05-28'),
(300, 311, 31, 'FL06', '2025-07-20', 'Em andamento', 'Boleto', '2025-07-24'),
(301, 26, 6, 'FL19', '2025-08-16', 'Em andamento', 'Cartão de Crédito', '2025-08-24'),
(302, 382, 4, 'FL12', '2025-06-25', 'Em andamento', 'Pix', '2025-07-02'),
(303, 35, 495, 'FL02', '2025-07-20', 'Em andamento', 'Boleto', '2025-07-25'),
(304, 308, 25, 'FL05', '2025-03-16', 'Em andamento', 'Cartão de Débito', '2025-03-24'),
(305, 461, 10, 'FL11', '2025-03-05', 'Entregue', 'Boleto', '2025-03-12'),
(306, 172, 4, 'FL12', '2024-11-26', 'Em andamento', 'Cartão de Crédito', '2024-12-04'),
(307, 46, 6, 'FL19', '2025-07-06', 'Em andamento', 'Pix', '2025-07-13'),
(308, 401, 19, 'FL13', '2025-05-29', 'Em andamento', 'Cartão de Débito', '2025-06-03'),
(309, 362, 4, 'FL12', '2025-05-18', 'Em andamento', 'Boleto', '2025-05-26'),
(310, 240, 15, 'FL02', '2025-08-28', 'Entregue', 'Cartão de Crédito', '2025-09-02'),
(311, 147, 9, 'FL14', '2025-08-01', 'Em andamento', 'Pix', '2025-08-07'),
(312, 115, 1, 'FL15', '2024-11-20', 'Em andamento', 'Pix', '2024-11-27'),
(313, 219, 52, 'CF01', '2025-08-29', 'Em andamento', 'Boleto', '2025-09-03'),
(314, 268, 52, 'CF01', '2024-10-18', 'Entregue', 'Cartão de Crédito', '2024-10-25'),
(315, 301, 19, 'FL09', '2025-06-02', 'Em andamento', 'Cartão de Débito', '2025-06-08'),
(316, 211, 31, 'FL06', '2024-10-23', 'Entregue', 'Boleto', '2024-10-29'),
(317, 368, 28, 'FL07', '2025-06-16', 'Em andamento', 'Cartão de Crédito', '2025-06-24'),
(318, 384, 19, 'FL09', '2025-07-12', 'Em andamento', 'Pix', '2025-07-18'),
(319, 396, 12, 'FL18', '2025-06-01', 'Entregue', 'Pix', '2025-06-06'),
(320, 230, 52, 'CF01', '2025-01-20', 'Em andamento', 'Boleto', '2025-01-25'),
(321, 237, 34, 'FL20', '2025-04-16', 'Em andamento', 'Pix', '2025-04-22'),
(322, 107, 4, 'FL12', '2025-01-14', 'Entregue', 'Cartão de Débito', '2025-01-18'),
(323, 106, 19, 'FL13', '2025-05-18', 'Entregue', 'Boleto', '2025-05-24'),
(324, 497, 1, 'FL15', '2024-12-16', 'Em andamento', 'Pix', '2024-12-23'),
(325, 423, 15, 'FL02', '2025-05-26', 'Em andamento', 'Cartão de Crédito', '2025-06-02'),
(326, 424, 4, 'FL12', '2025-01-10', 'Entregue', 'Pix', '2025-01-14'),
(327, 462, 19, 'FL09', '2025-07-21', 'Em andamento', 'Boleto', '2025-07-28'),
(328, 455, 4, 'FL12', '2025-03-05', 'Em andamento', 'Cartão de Débito', '2025-03-12'),
(329, 308, 25, 'FL05', '2025-01-18', 'Em andamento', 'Cartão de Crédito', '2025-01-23'),
(330, 480, 5, 'FL17', '2025-04-19', 'Entregue', 'Pix', '2025-04-26'),
(331, 256, 19, 'FL13', '2024-11-20', 'Em andamento', 'Boleto', '2024-11-25'),
(332, 232, 12, 'FL18', '2025-05-08', 'Em andamento', 'Boleto', '2025-05-15'),
(333, 494, 6, 'FL19', '2025-07-06', 'Entregue', 'Cartão de Débito', '2025-07-13'),
(334, 117, 52, 'CF01', '2025-01-10', 'Em andamento', 'Cartão de Crédito', '2025-01-18'),
(335, 237, 34, 'FL20', '2024-12-10', 'Em andamento', 'Pix', '2024-12-16'),
(336, 108, 19, 'FL09', '2024-12-12', 'Em andamento', 'Boleto', '2024-12-21'),
(337, 497, 497, 'FL16', '2025-08-25', 'Em andamento', 'Cartão de Crédito', '2025-09-02'),
(338, 495, 15, 'FL02', '2025-06-18', 'Em andamento', 'Pix', '2025-06-25'),
(339, 29, 9, 'FL14', '2025-06-05', 'Em andamento', 'Boleto', '2025-06-11'),
(340, 26, 6, 'FL19', '2025-05-28', 'Em andamento', 'Cartão de Débito', '2025-06-04'),
(341, 187, 494, 'FL19', '2025-03-22', 'Em andamento', 'Cartão de Crédito', '2025-03-29'),
(342, 407, 34, 'FL20', '2025-01-10', 'Em andamento', 'Pix', '2025-01-16'),
(343, 219, 192, 'CF01', '2025-06-20', 'Em andamento', 'Boleto', '2025-06-26'),
(344, 461, 10, 'FL11', '2025-01-07', 'Em andamento', 'Cartão de Débito', '2025-01-12'),
(345, 137, 1, 'FL15', '2024-10-29', 'Em andamento', 'Cartão de Crédito', '2024-11-04'),
(346, 212, 4, 'FL04', '2025-05-24', 'Em andamento', 'Pix', '2025-06-02'),
(347, 246, 4, 'FL12', '2025-08-01', 'Em andamento', 'Boleto', '2025-08-09'),
(348, 126, 9, 'FL14', '2025-02-15', 'Entregue', 'Cartão de Débito', '2025-02-21'),
(349, 308, 25, 'FL05', '2024-10-14', 'Em andamento', 'Boleto', '2024-10-21'),
(350, 479, 19, 'FL13', '2025-04-18', 'Em andamento', 'Pix', '2025-04-23'),
(351, 480, 5, 'FL17', '2025-03-16', 'Entregue', 'Pix', '2025-03-22'),
(352, 492, 4, 'FL12', '2025-03-12', 'Em andamento', 'Cartão de Crédito', '2025-03-18'),
(353, 440, 1, 'FL15', '2025-07-28', 'Em andamento', 'Cartão de Débito', '2025-08-01'),
(354, 495, 15, 'FL02', '2025-01-13', 'Em andamento', 'Pix', '2025-01-19'),
(355, 36, 4, 'FL04', '2025-05-23', 'Entregue', 'Cartão de Crédito', '2025-05-30'),
(356, 401, 19, 'FL13', '2025-01-16', 'Em andamento', 'Boleto', '2025-01-23'),
(357, 106, 19, 'FL13', '2025-03-05', 'Entregue', 'Cartão de Débito', '2025-03-09'),
(358, 271, 10, 'FL11', '2025-08-20', 'Em andamento', 'Boleto', '2025-08-27'),
(359, 299, 34, 'FL20', '2025-01-28', 'Entregue', 'Pix', '2025-02-01'),
(360, 486, 5, 'FL17', '2025-08-18', 'Entregue', 'Pix', '2025-08-25'),
(361, 396, 12, 'FL18', '2025-01-29', 'Em andamento', 'Cartão de Crédito', '2025-02-03'),
(362, 237, 34, 'FL20', '2025-08-27', 'Entregue', 'Pix', '2025-09-02'),
(363, 494, 6, 'FL19', '2025-08-16', 'Em andamento', 'Boleto', '2025-08-22'),
(364, 461, 10, 'FL11', '2024-11-24', 'Em andamento', 'Cartão de Débito', '2024-11-29'),
(365, 431, 15, 'FL02', '2025-08-19', 'Entregue', 'Boleto', '2025-08-26'),
(366, 108, 19, 'FL09', '2024-10-18', 'Em andamento', 'Cartão de Crédito', '2024-10-26'),
(367, 304, 4, 'FL12', '2024-11-12', 'Entregue', 'Pix', '2024-11-17'),
(368, 488, 4, 'FL04', '2025-07-28', 'Em andamento', 'Boleto', '2025-08-01'),
(369, 147, 9, 'FL14', '2025-06-25', 'Em andamento', 'Cartão de Débito', '2025-07-02'),
(370, 496, 19, 'FL09', '2025-01-10', 'Em andamento', 'Boleto', '2025-01-16'),
(371, 395, 15, 'FL02', '2025-08-23', 'Em andamento', 'Pix', '2025-08-29'),
(372, 456, 4, 'FL04', '2025-06-23', 'Em andamento', 'Cartão de Crédito', '2025-06-29'),
(373, 222, 19, 'FL09', '2025-05-18', 'Em andamento', 'Pix', '2025-05-25'),
(374, 471, 37, 'FL16', '2024-12-19', 'Em andamento', 'Cartão de Débito', '2024-12-25'),
(375, 498, 7, 'FL01', '2025-06-03', 'Em andamento', 'Boleto', '2025-06-07'),
(376, 435, 497, 'FL16', '2025-03-24', 'Em andamento', 'Pix', '2025-03-30'),
(377, 492, 4, 'FL12', '2025-07-26', 'Entregue', 'Pix', '2025-08-03'),
(378, 255, 9, 'FL14', '2025-06-09', 'Em andamento', 'Boleto', '2025-06-15'),
(379, 31, 31, 'FL06', '2025-05-02', 'Em andamento', 'Cartão de Crédito', '2025-05-08'),
(380, 247, 10, 'FL11', '2025-01-13', 'Entregue', 'Boleto', '2025-01-18'),
(381, 147, 9, 'FL14', '2025-08-01', 'Em andamento', 'Pix', '2025-08-09'),
(382, 303, 12, 'FL18', '2025-04-29', 'Em andamento', 'Cartão de Crédito', '2025-05-04'),
(383, 107, 4, 'FL12', '2025-06-24', 'Em andamento', 'Boleto', '2025-07-01'),
(384, 439, 6, 'FL19', '2025-06-10', 'Em andamento', 'Cartão de Débito', '2025-06-16'),
(385, 301, 19, 'FL09', '2025-07-13', 'Em andamento', 'Cartão de Crédito', '2025-07-18'),
(386, 312, 10, 'FL10', '2025-05-02', 'Em andamento', 'Pix', '2025-05-10'),
(387, 447, 499, 'FL08', '2025-06-24', 'Em andamento', 'Boleto', '2025-07-02'),
(388, 454, 34, 'FL20', '2024-12-08', 'Em andamento', 'Pix', '2024-12-14'),
(389, 205, 10, 'FL11', '2025-05-24', 'Em andamento', 'Cartão de Débito', '2025-05-29'),
(390, 427, 6, 'FL19', '2024-12-15', 'Entregue', 'Boleto', '2024-12-21'),
(391, 11, 31, 'FL06', '2024-11-29', 'Em andamento', 'Cartão de Crédito', '2024-12-04'),
(392, 451, 25, 'FL05', '2025-05-04', 'Em andamento', 'Pix', '2025-05-09'),
(393, 274, 34, 'FL20', '2025-01-20', 'Em andamento', 'Boleto', '2025-01-28'),
(394, 219, 52, 'CF01', '2025-08-01', 'Em andamento', 'Cartão de Débito', '2025-08-04'),
(395, 362, 4, 'FL12', '2025-04-20', 'Em andamento', 'Pix', '2025-04-27'),
(396, 472, 19, 'FL13', '2025-06-16', 'Em andamento', 'Cartão de Crédito', '2025-06-23'),
(397, 483, 15, 'FL02', '2025-06-11', 'Entregue', 'Pix', '2025-06-16'),
(398, 494, 6, 'FL19', '2025-07-28', 'Em andamento', 'Boleto', '2025-08-04'),
(399, 461, 10, 'FL11', '2025-04-05', 'Em andamento', 'Cartão de Débito', '2025-04-12'),
(400, 311, 31, 'FL06', '2025-07-26', 'Em andamento', 'Cartão de Crédito', '2025-07-31'),
(401, 268, 52, 'CF01', '2025-07-06', 'Entregue', 'Pix', '2025-07-12'),
(402, 187, 494, 'FL19', '2025-05-26', 'Em andamento', 'Boleto', '2025-06-03'),
(403, 33, 459, 'FL09', '2024-11-29', 'Entregue', 'Cartão de Débito', '2024-12-05'),
(404, 364, 6, 'FL19', '2025-05-18', 'Em andamento', 'Pix', '2025-05-26'),
(405, 455, 4, 'FL12', '2024-12-04', 'Entregue', 'Boleto', '2024-12-09'),
(406, 175, 12, 'FL18', '2025-07-25', 'Em andamento', 'Cartão de Crédito', '2025-08-02'),
(407, 301, 19, 'FL09', '2025-08-25', 'Em andamento', 'Pix', '2025-09-01'),
(408, 147, 9, 'FL14', '2025-08-20', 'Em andamento', 'Boleto', '2025-08-29'),
(409, 396, 12, 'FL18', '2025-07-25', 'Entregue', 'Pix', '2025-08-01'),
(410, 246, 4, 'FL12', '2025-03-24', 'Em andamento', 'Pix', '2025-03-28'),
(411, 479, 52, 'CF01', '2025-02-18', 'Em andamento', 'Boleto', '2025-02-23'),
(412, 115, 1, 'FL15', '2025-03-28', 'Em andamento', 'Cartão de Crédito', '2025-04-03'),
(413, 237, 34, 'FL20', '2024-10-10', 'Em andamento', 'Cartão de Débito', '2024-10-14'),
(414, 461, 10, 'FL11', '2025-02-09', 'Em andamento', 'Boleto', '2025-02-14'),
(415, 348, 19, 'FL13', '2025-04-20', 'Em andamento', 'Pix', '2025-04-26'),
(416, 212, 4, 'FL04', '2025-01-28', 'Entregue', 'Boleto', '2025-02-04'),
(417, 397, 1, 'FL15', '2025-02-28', 'Em andamento', 'Cartão de Crédito', '2025-03-05'),
(418, 498, 7, 'FL01', '2025-06-25', 'Entregue', 'Pix', '2025-07-03'),
(419, 447, 23, 'FL08', '2025-08-20', 'Em andamento', 'Boleto', '2025-08-28'),
(420, 29, 249, 'FL14', '2025-04-24', 'Em andamento', 'Cartão de Débito', '2025-04-29'),
(421, 256, 19, 'FL13', '2025-06-29', 'Em andamento', 'Cartão de Crédito', '2025-07-06'),
(422, 461, 10, 'FL11', '2025-01-14', 'Em andamento', 'Pix', '2025-01-21'),
(423, 274, 34, 'FL20', '2025-02-25', 'Em andamento', 'Boleto', '2025-03-03'),
(424, 396, 12, 'FL18', '2024-10-22', 'Em andamento', 'Cartão de Crédito', '2024-10-29'),
(425, 460, 5, 'FL17', '2024-11-20', 'Em andamento', 'Pix', '2024-11-27'),
(426, 440, 1, 'FL15', '2025-07-16', 'Em andamento', 'Cartão de Débito', '2025-07-25'),
(427, 238, 31, 'FL06', '2024-11-23', 'Em andamento', 'Pix', '2024-11-29'),
(428, 403, 37, 'FL16', '2025-05-23', 'Em andamento', 'Boleto', '2025-05-29'),
(429, 33, 19, 'FL09', '2025-08-01', 'Entregue', 'Cartão de Débito', '2025-08-08'),
(430, 172, 4, 'FL12', '2025-08-16', 'Em andamento', 'Cartão de Crédito', '2025-08-23'),
(431, 385, 25, 'FL05', '2024-10-20', 'Em andamento', 'Boleto', '2024-10-27'),
(432, 294, 7, 'FL01', '2025-08-24', 'Em andamento', 'Pix', '2025-08-31'),
(433, 447, 23, 'FL08', '2025-04-18', 'Em andamento', 'Boleto', '2025-04-26'),
(434, 495, 15, 'FL02', '2025-07-06', 'Entregue', 'Cartão de Débito', '2025-07-14'),
(435, 46, 6, 'FL19', '2025-08-15', 'Em andamento', 'Cartão de Crédito', '2025-08-23'),
(436, 461, 10, 'FL11', '2025-07-28', 'Em andamento', 'Boleto', '2025-08-03'),
(437, 497, 1, 'FL15', '2025-05-18', 'Em andamento', 'Pix', '2025-05-23'),
(438, 236, 34, 'FL20', '2024-11-14', 'Em andamento', 'Cartão de Débito', '2024-11-20'),
(439, 108, 19, 'FL09', '2025-07-28', 'Em andamento', 'Boleto', '2025-08-04'),
(440, 26, 6, 'FL19', '2025-01-20', 'Em andamento', 'Pix', '2025-01-26'),
(441, 107, 4, 'FL12', '2025-04-08', 'Em andamento', 'Cartão de Crédito', '2025-04-15'),
(442, 281, 23, 'FL08', '2025-07-29', 'Em andamento', 'Boleto', '2025-08-03'),
(443, 301, 19, 'FL09', '2025-06-03', 'Em andamento', 'Pix', '2025-06-08'),
(444, 479, 52, 'CF01', '2025-05-13', 'Em andamento', 'Boleto', '2025-05-19'),
(445, 147, 9, 'FL14', '2025-07-10', 'Em andamento', 'Cartão de Débito', '2025-07-16'),
(446, 497, 497, 'FL16', '2025-02-23', 'Em andamento', 'Pix', '2025-03-01'),
(447, 137, 1, 'FL15', '2025-08-10', 'Em andamento', 'Boleto', '2025-08-16'),
(448, 12, 12, 'FL18', '2025-02-14', 'Em andamento', 'Boleto', '2025-02-19'),
(449, 29, 249, 'FL14', '2025-08-04', 'Entregue', 'Cartão de Crédito', '2025-08-11'),
(450, 483, 15, 'FL02', '2025-04-18', 'Em andamento', 'Pix', '2025-04-23'),
(451, 396, 12, 'FL18', '2024-11-26', 'Entregue', 'Boleto', '2024-12-01'),
(452, 454, 34, 'FL20', '2025-02-16', 'Em andamento', 'Cartão de Débito', '2025-02-22'),
(453, 237, 34, 'FL20', '2025-08-10', 'Em andamento', 'Boleto', '2025-08-16'),
(454, 481, 10, 'FL11', '2024-11-17', 'Em andamento', 'Boleto', '2024-11-23'),
(455, 124, 4, 'FL12', '2025-07-02', 'Em andamento', 'Pix', '2025-07-07'),
(456, 194, 5, 'FL17', '2025-02-28', 'Em andamento', 'Cartão de Crédito', '2025-03-05'),
(457, 108, 19, 'FL09', '2025-08-16', 'Em andamento', 'Boleto', '2025-08-23'),
(458, 26, 6, 'FL19', '2025-01-14', 'Em andamento', 'Cartão de Débito', '2025-01-20'),
(459, 421, 7, 'FL01', '2025-07-16', 'Entregue', 'Pix', '2025-07-22'),
(460, 246, 4, 'FL12', '2024-10-18', 'Em andamento', 'Boleto', '2024-10-23'),
(461, 387, 28, 'FL07', '2025-08-17', 'Em andamento', 'Cartão de Crédito', '2025-08-23'),
(462, 137, 1, 'FL15', '2024-11-29', 'Em andamento', 'Cartão de Débito', '2024-12-07'),
(463, 107, 4, 'FL12', '2025-03-12', 'Entregue', 'Pix', '2025-03-18'),
(464, 483, 15, 'FL02', '2025-01-14', 'Em andamento', 'Boleto', '2025-01-21'),
(465, 237, 34, 'FL20', '2024-12-19', 'Entregue', 'Cartão de Crédito', '2024-12-24'),
(466, 117, 52, 'CF01', '2025-03-14', 'Em andamento', 'Pix', '2025-03-22'),
(467, 301, 19, 'FL09', '2025-05-18', 'Em andamento', 'Boleto', '2025-05-24'),
(468, 497, 497, 'FL16', '2024-12-29', 'Em andamento', 'Cartão de Débito', '2025-01-02'),
(469, 13, 19, 'FL13', '2025-06-25', 'Em andamento', 'Cartão de Crédito', '2025-07-02'),
(470, 480, 5, 'FL17', '2025-02-09', 'Em andamento', 'Pix', '2025-02-15'),
(471, 108, 19, 'FL09', '2025-07-22', 'Em andamento', 'Boleto', '2025-07-28'),
(472, 455, 4, 'FL12', '2025-06-19', 'Em andamento', 'Cartão de Débito', '2025-06-25'),
(473, 219, 192, 'CF01', '2025-08-16', 'Entregue', 'Pix', '2025-08-20'),
(474, 187, 494, 'FL19', '2025-01-05', 'Em andamento', 'Cartão de Crédito', '2025-01-11'),
(475, 497, 497, 'FL16', '2025-07-26', 'Em andamento', 'Boleto', '2025-08-01'),
(476, 246, 4, 'FL12', '2025-01-20', 'Em andamento', 'Pix', '2025-01-26'),
(477, 461, 10, 'FL11', '2025-08-20', 'Em andamento', 'Cartão de Débito', '2025-08-28'),
(478, 387, 28, 'FL07', '2024-12-09', 'Entregue', 'Boleto', '2024-12-16'),
(479, 447, 23, 'FL08', '2025-03-29', 'Em andamento', 'Pix', '2025-04-03'),
(480, 494, 6, 'FL19', '2025-05-18', 'Em andamento', 'Cartão de Crédito', '2025-05-24'),
(481, 467, 7, 'FL01', '2025-04-12', 'Entregue', 'Boleto', '2025-04-17'),
(482, 384, 19, 'FL09', '2025-08-24', 'Em andamento', 'Pix', '2025-09-02'),
(483, 306, 1, 'FL15', '2025-08-16', 'Em andamento', 'Cartão de Débito', '2025-08-21'),
(484, 107, 4, 'FL12', '2025-02-12', 'Em andamento', 'Cartão de Crédito', '2025-02-17'),
(485, 340, 7, 'FL01', '2025-08-09', 'Entregue', 'Pix', '2025-08-12'),
(486, 276, 10, 'FL10', '2025-02-09', 'Em andamento', 'Boleto', '2025-02-16'),
(487, 460, 50, 'FL17', '2025-08-23', 'Entregue', 'Cartão de Débito', '2025-08-27'),
(488, 374, 6, 'FL19', '2025-08-21', 'Em andamento', 'Boleto', '2025-08-28'),
(489, 497, 497, 'FL16', '2025-06-25', 'Em andamento', 'Pix', '2025-07-02'),
(490, 439, 6, 'FL19', '2025-07-04', 'Em andamento', 'Cartão de Crédito', '2025-07-07'),
(491, 108, 19, 'FL09', '2025-07-16', 'Em andamento', 'Cartão de Débito', '2025-07-23'),
(492, 455, 4, 'FL12', '2025-02-27', 'Entregue', 'Pix', '2025-03-03'),
(493, 261, 9, 'FL14', '2025-04-19', 'Em andamento', 'Boleto', '2025-04-23'),
(494, 212, 4, 'FL04', '2025-02-03', 'Entregue', 'Cartão de Crédito', '2025-02-11'),
(495, 396, 12, 'FL18', '2025-01-20', 'Em andamento', 'Pix', '2025-01-27'),
(496, 237, 34, 'FL20', '2025-07-26', 'Em andamento', 'Boleto', '2025-08-03'),
(497, 498, 7, 'FL01', '2025-08-21', 'Entregue', 'Cartão de Débito', '2025-08-28'),
(498, 256, 19, 'FL13', '2025-04-09', 'Em andamento', 'Cartão de Crédito', '2025-04-16'),
(499, 108, 19, 'FL09', '2025-05-18', 'Em andamento', 'Pix', '2025-05-23'),
(500, 455, 4, 'FL12', '2025-06-16', 'Em andamento', 'Cartão de Débito', '2025-06-22');

INSERT INTO item_venda (id_item_venda, id_venda, id_estoque, quantidade_vendida, preco_unitario, preco_total_da_venda) VALUES
(1, 1, 362, 9, 26.51, 238.59),
(2, 2, 15, 112, 12.07, 1351.84),
(3, 3, 110, 171, 8.17, 1397.07),
(4, 4, 490, 137, 29.83, 4086.71),
(5, 5, 109, 200, 15.10, 3020.00),
(6, 6, 450, 171, 9.41, 1609.11),
(7, 7, 318, 246, 10.68, 2627.28),
(8, 8, 110, 82, 8.17, 669.94),
(9, 9, 185, 4, 10.01, 40.04),
(10, 10, 251, 446, 28.64, 12773.44),
(11, 11, 105, 161, 19.98, 3216.78),
(12, 12, 238, 217, 27.04, 5867.68),
(13, 13, 464, 91, 11.32, 1030.12),
(14, 14, 199, 185, 8.13, 1504.05),
(15, 15, 192, 106, 18.05, 1913.30),
(16, 16, 417, 87, 7.79, 677.73),
(17, 17, 343, 231, 11.81, 2728.11),
(18, 18, 35, 141, 23.82, 3358.62),
(19, 19, 261, 36, 17.51, 630.36),
(20, 20, 307, 216, 29.41, 6352.56),
(21, 21, 125, 107, 24.97, 2671.79),
(22, 22, 128, 63, 14.55, 916.65),
(23, 23, 498, 270, 22.67, 6120.90),
(24, 24, 187, 288, 14.23, 4098.24),
(25, 25, 15, 44, 12.07, 531.08),
(26, 26, 264, 156, 29.92, 4667.52),
(27, 27, 442, 170, 5.18, 880.60),
(28, 28, 216, 151, 29.53, 4459.03),
(29, 29, 448, 67, 18.12, 1214.04),
(30, 30, 298, 66, 14.71, 970.86),
(31, 31, 173, 119, 16.24, 1932.56),
(32, 32, 227, 183, 17.03, 3116.49),
(33, 33, 296, 73, 20.66, 1508.18),
(34, 34, 117, 142, 8.38, 1189.96),
(35, 35, 199, 88, 8.13, 715.44),
(36, 36, 348, 73, 16.90, 1233.70),
(37, 37, 274, 68, 25.73, 1749.64),
(38, 38, 50, 1, 12.23, 12.23),
(39, 39, 239, 71, 26.92, 1911.32),
(40, 40, 305, 202, 21.27, 4296.54),
(41, 41, 285, 21, 18.28, 383.88),
(42, 42, 288, 70, 13.36, 935.20),
(43, 43, 60, 32, 15.15, 484.80),
(44, 44, 215, 215, 7.44, 1599.60),
(45, 45, 65, 228, 19.70, 4491.60),
(46, 46, 388, 24, 27.11, 650.64),
(47, 47, 34, 97, 17.81, 1727.57),
(48, 48, 155, 109, 20.86, 2273.74),
(49, 49, 414, 14, 29.09, 407.26),
(50, 50, 312, 154, 11.84, 1823.36),
(51, 51, 371, 283, 14.48, 4097.84),
(52, 52, 62, 60, 17.95, 1077.00),
(53, 53, 217, 126, 5.62, 708.12),
(54, 54, 143, 36, 25.52, 918.72),
(55, 55, 130, 140, 12.01, 1681.40),
(56, 56, 201, 191, 11.10, 2120.10),
(57, 57, 267, 111, 24.42, 2710.62),
(58, 58, 330, 81, 17.80, 1441.80),
(59, 59, 176, 285, 15.23, 4340.55),
(60, 60, 53, 61, 21.55, 1314.55),
(61, 61, 50, 111, 12.23, 1357.53),
(62, 62, 36, 285, 13.97, 3981.45),
(63, 63, 197, 131, 24.67, 3231.77),
(64, 64, 217, 136, 5.62, 764.32),
(65, 65, 65, 318, 19.70, 6264.60),
(66, 66, 15, 96, 12.07, 1158.72),
(67, 67, 70, 93, 14.34, 1333.62),
(68, 68, 178, 218, 15.31, 3337.58),
(69, 69, 468, 32, 23.18, 741.76),
(70, 70, 497, 102, 20.58, 2099.16),
(71, 71, 35, 28, 23.82, 666.96),
(72, 72, 360, 79, 9.38, 741.02),
(73, 73, 190, 117, 11.55, 1351.35),
(74, 74, 142, 83, 10.51, 872.33),
(75, 75, 129, 122, 26.48, 3230.56),
(76, 76, 319, 133, 17.45, 2320.85),
(77, 77, 355, 16, 14.37, 229.92),
(78, 78, 489, 177, 6.00, 1062.00),
(79, 79, 464, 21, 11.32, 237.72),
(80, 80, 461, 203, 26.48, 5375.44),
(81, 81, 28, 54, 26.76, 1445.04),
(82, 82, 109, 52, 15.10, 785.20),
(83, 83, 389, 167, 20.42, 3410.14),
(84, 84, 27, 227, 6.30, 1430.10),
(85, 85, 170, 57, 8.08, 460.56),
(86, 86, 20, 43, 27.19, 1169.17),
(87, 87, 37, 18, 24.85, 447.30),
(88, 88, 327, 70, 28.18, 1972.60),
(89, 89, 358, 11, 22.50, 247.50),
(90, 90, 280, 83, 26.91, 2233.53),
(91, 91, 455, 38, 11.69, 444.22),
(92, 92, 456, 137, 11.50, 1575.50),
(93, 93, 121, 2, 5.74, 11.48),
(94, 94, 51, 391, 10.66, 4168.06),
(95, 95, 270, 81, 10.17, 823.77),
(96, 96, 198, 286, 15.42, 4410.12),
(97, 97, 415, 54, 7.68, 414.72),
(98, 98, 219, 78, 14.77, 1152.06),
(99, 99, 360, 69, 9.38, 647.22),
(100, 100, 344, 132, 9.24, 1219.68),
(101, 101, 101, 121, 18.61, 2251.81),
(102, 102, 384, 109, 15.73, 1714.57),
(103, 103, 198, 245, 15.42, 3777.90),
(104, 104, 128, 135, 14.55, 1964.25),
(105, 105, 230, 155, 15.50, 2402.50),
(106, 106, 266, 16, 7.53, 120.48),
(107, 107, 292, 173, 24.82, 4293.86),
(108, 108, 321, 7, 23.34, 163.38),
(109, 109, 300, 34, 25.29, 859.86),
(110, 110, 325, 187, 21.80, 4076.60),
(111, 111, 393, 10, 19.28, 192.80),
(112, 112, 397, 165, 25.84, 4263.60),
(113, 113, 115, 115, 6.87, 790.05),
(114, 114, 261, 267, 17.51, 4675.17),
(115, 115, 127, 224, 15.19, 3402.56),
(116, 116, 418, 197, 17.57, 3461.29),
(117, 117, 292, 32, 24.82, 794.24),
(118, 118, 93, 110, 20.12, 2213.20),
(119, 119, 250, 147, 25.61, 3764.67),
(120, 120, 89, 16, 15.79, 252.64),
(121, 121, 335, 47, 25.80, 1212.60),
(122, 122, 221, 263, 8.15, 2143.45),
(123, 123, 256, 102, 20.59, 2100.18),
(124, 124, 385, 102, 24.80, 2529.60),
(125, 125, 129, 129, 26.48, 3415.92),
(126, 126, 433, 16, 21.21, 339.36),
(127, 127, 416, 11, 7.43, 81.73),
(128, 128, 299, 103, 17.59, 1811.77),
(129, 129, 358, 24, 22.50, 540.00),
(130, 130, 204, 128, 19.51, 2497.28),
(131, 131, 195, 93, 7.37, 685.41),
(132, 132, 2, 3, 13.58, 40.74),
(133, 133, 200, 54, 6.90, 372.60),
(134, 134, 402, 195, 16.80, 3276.00),
(135, 135, 345, 294, 8.40, 2469.60),
(136, 136, 102, 85, 9.71, 825.35),
(137, 137, 460, 153, 16.82, 2573.46),
(138, 138, 118, 84, 17.96, 1508.64),
(139, 139, 288, 126, 13.36, 1683.36),
(140, 140, 463, 60, 28.93, 1735.80),
(141, 141, 231, 381, 9.64, 3672.84),
(142, 142, 169, 141, 13.55, 1910.55),
(143, 143, 378, 283, 18.01, 5096.83),
(144, 144, 372, 75, 14.06, 1054.50),
(145, 145, 32, 164, 23.95, 3927.80),
(146, 146, 202, 268, 14.22, 3810.96),
(147, 147, 376, 28, 14.60, 408.80),
(148, 148, 171, 216, 16.51, 3566.16),
(149, 149, 100, 162, 25.62, 4150.44),
(150, 150, 193, 43, 29.67, 1275.81),
(151, 151, 296, 56, 20.66, 1156.96),
(152, 152, 128, 85, 14.55, 1236.75),
(153, 153, 334, 40, 18.19, 727.60),
(154, 154, 469, 183, 6.61, 1209.63),
(155, 155, 487, 24, 28.04, 672.96),
(156, 156, 466, 109, 21.05, 2294.45),
(157, 157, 397, 168, 25.84, 4341.12),
(158, 158, 154, 85, 8.91, 757.35),
(159, 159, 481, 146, 8.31, 1213.26),
(160, 160, 408, 95, 23.13, 2197.35),
(161, 161, 399, 58, 23.59, 1368.22),
(162, 162, 346, 10, 20.13, 201.30),
(163, 163, 78, 25, 25.10, 627.50),
(164, 164, 88, 132, 12.27, 1619.64),
(165, 165, 91, 223, 20.03, 4466.69),
(166, 166, 327, 194, 28.18, 5466.92),
(167, 167, 99, 109, 13.01, 1418.09),
(168, 168, 235, 94, 21.20, 1992.80),
(169, 169, 37, 115, 24.85, 2857.75),
(170, 170, 198, 150, 15.42, 2313.00),
(171, 171, 447, 114, 21.30, 2428.20),
(172, 172, 333, 95, 16.85, 1600.75),
(173, 173, 447, 207, 21.30, 4409.10),
(174, 174, 288, 122, 13.36, 1629.92),
(175, 175, 100, 52, 25.62, 1332.24),
(176, 176, 277, 67, 8.04, 538.68),
(177, 177, 269, 6, 14.71, 88.26),
(178, 178, 182, 124, 15.58, 1931.92),
(179, 179, 146, 93, 23.10, 2148.30),
(180, 180, 194, 72, 20.51, 1476.72),
(181, 181, 183, 194, 13.77, 2671.38),
(182, 182, 467, 236, 13.80, 3256.80),
(183, 183, 433, 42, 21.21, 890.82),
(184, 184, 27, 37, 6.30, 233.10),
(185, 185, 339, 29, 29.44, 853.76),
(186, 186, 434, 35, 24.19, 846.65),
(187, 187, 170, 19, 8.08, 153.52),
(188, 188, 211, 187, 7.42, 1387.54),
(189, 189, 235, 83, 21.20, 1759.60),
(190, 190, 332, 47, 12.69, 596.43),
(191, 191, 86, 57, 16.94, 965.58),
(192, 192, 283, 225, 23.40, 5265.00),
(193, 193, 261, 220, 17.51, 3852.20),
(194, 194, 146, 245, 23.10, 5659.50),
(195, 195, 396, 84, 15.10, 1268.40),
(196, 196, 273, 33, 17.59, 580.47),
(197, 197, 276, 143, 20.58, 2942.94),
(198, 198, 69, 252, 24.84, 6259.68),
(199, 199, 480, 45, 8.35, 375.75),
(200, 200, 252, 114, 23.80, 2713.20),
(201, 201, 371, 68, 14.48, 984.64),
(202, 202, 454, 11, 19.09, 209.99),
(203, 203, 272, 216, 10.04, 2168.64),
(204, 204, 401, 35, 18.47, 646.45),
(205, 205, 463, 170, 28.93, 4918.10),
(206, 206, 402, 328, 16.80, 5510.40),
(207, 207, 98, 252, 10.59, 2668.68),
(208, 208, 344, 78, 9.24, 720.72),
(209, 209, 277, 35, 8.04, 281.40),
(210, 210, 276, 110, 20.58, 2263.80),
(211, 211, 411, 244, 24.52, 5982.88),
(212, 212, 186, 44, 25.35, 1115.40),
(213, 213, 90, 84, 24.51, 2058.84),
(214, 214, 459, 159, 28.82, 4582.38),
(215, 215, 405, 125, 27.01, 3376.25),
(216, 216, 310, 67, 28.67, 1920.89),
(217, 217, 203, 42, 23.79, 999.18),
(218, 218, 172, 63, 27.14, 1709.82),
(219, 219, 266, 89, 7.53, 670.17),
(220, 220, 49, 210, 21.17, 4445.70),
(221, 221, 168, 64, 7.18, 459.52),
(222, 222, 179, 67, 8.91, 596.97),
(223, 223, 272, 71, 10.04, 712.84),
(224, 224, 410, 2, 24.52, 49.04),
(225, 225, 150, 119, 6.69, 796.11),
(226, 226, 94, 80, 27.68, 2214.40),
(227, 227, 250, 180, 25.61, 4609.80),
(228, 228, 229, 94, 20.84, 1958.96),
(229, 229, 444, 159, 18.43, 2930.37),
(230, 230, 109, 212, 15.10, 3201.20),
(231, 231, 451, 304, 19.01, 5779.04),
(232, 232, 321, 236, 23.34, 5508.24),
(233, 233, 444, 35, 18.43, 645.05),
(234, 234, 219, 30, 14.77, 443.10),
(235, 235, 496, 126, 27.51, 3466.26),
(236, 236, 367, 19, 9.44, 179.36),
(237, 237, 478, 221, 10.71, 2366.91),
(238, 238, 318, 240, 10.68, 2563.20),
(239, 239, 367, 30, 9.44, 283.20),
(240, 240, 91, 323, 20.03, 6469.69),
(241, 241, 127, 139, 15.19, 2111.41),
(242, 242, 377, 35, 18.20, 637.00),
(243, 243, 271, 455, 9.98, 4540.90),
(244, 244, 190, 13, 11.55, 150.15),
(245, 245, 141, 15, 20.07, 301.05),
(246, 246, 291, 203, 23.22, 4713.66),
(247, 247, 104, 26, 16.10, 418.60),
(248, 248, 258, 178, 10.90, 1940.20),
(249, 249, 321, 121, 23.34, 2824.14),
(250, 250, 123, 50, 9.50, 475.00),
(251, 251, 95, 77, 5.25, 404.25),
(252, 252, 253, 98, 10.23, 1002.54),
(253, 253, 494, 99, 5.49, 543.51),
(254, 254, 450, 29, 9.41, 272.89),
(255, 255, 432, 69, 5.51, 380.19),
(256, 256, 28, 19, 26.76, 508.44),
(257, 257, 462, 273, 26.74, 7300.02),
(258, 258, 68, 3, 9.70, 29.10),
(259, 259, 393, 45, 19.28, 867.60),
(260, 260, 89, 221, 15.79, 3489.59),
(261, 261, 210, 169, 7.70, 1301.30),
(262, 262, 432, 3, 5.51, 16.53),
(263, 263, 487, 29, 28.04, 813.16),
(264, 264, 499, 53, 28.73, 1522.69),
(265, 265, 250, 29, 25.61, 742.69),
(266, 266, 411, 214, 24.52, 5247.28),
(267, 267, 389, 146, 20.42, 2981.32),
(268, 268, 465, 226, 28.81, 6511.06),
(269, 269, 305, 165, 21.27, 3509.55),
(270, 270, 1, 93, 19.82, 1843.26),
(271, 271, 140, 74, 24.84, 1838.16),
(272, 272, 37, 147, 24.85, 3652.95),
(273, 273, 220, 33, 12.12, 399.96),
(274, 274, 285, 67, 18.28, 1224.76),
(275, 275, 77, 5, 24.38, 121.90),
(276, 276, 499, 26, 28.73, 746.98),
(277, 277, 225, 138, 17.68, 2439.84),
(278, 278, 40, 77, 18.49, 1423.73),
(279, 279, 13, 93, 10.72, 996.96),
(280, 280, 1, 136, 19.82, 2695.52),
(281, 281, 252, 232, 23.80, 5521.60),
(282, 282, 31, 89, 24.15, 2149.35),
(283, 283, 25, 64, 22.95, 1468.80),
(284, 284, 117, 48, 8.38, 402.24),
(285, 285, 380, 64, 5.72, 366.08),
(286, 286, 495, 3, 24.20, 72.60),
(287, 287, 100, 170, 25.62, 4355.40),
(288, 288, 189, 6, 22.27, 133.62),
(289, 289, 463, 79, 28.93, 2285.47),
(290, 290, 351, 462, 10.38, 4795.56),
(291, 291, 259, 69, 20.14, 1389.66),
(292, 292, 359, 129, 14.84, 1914.36),
(293, 293, 278, 39, 29.25, 1140.75),
(294, 294, 76, 204, 29.61, 6040.44),
(295, 295, 495, 77, 24.20, 1863.40),
(296, 296, 209, 89, 18.83, 1675.87),
(297, 297, 498, 70, 22.67, 1586.90),
(298, 298, 357, 157, 7.90, 1240.30),
(299, 299, 116, 191, 6.55, 1251.05),
(300, 300, 52, 265, 22.13, 5864.45),
(301, 301, 287, 34, 11.36, 386.24),
(302, 302, 335, 36, 25.80, 928.80),
(303, 303, 146, 60, 23.10, 1386.00),
(304, 304, 277, 33, 8.04, 265.32),
(305, 305, 454, 89, 19.09, 1699.01),
(306, 306, 342, 368, 18.42, 6778.56),
(307, 307, 182, 67, 15.58, 1043.86),
(308, 308, 486, 35, 10.50, 367.50),
(309, 309, 41, 164, 6.86, 1125.04),
(310, 310, 475, 12, 28.98, 347.76),
(311, 311, 485, 3, 11.67, 35.01),
(312, 312, 448, 5, 18.12, 90.60),
(313, 313, 43, 162, 18.90, 3061.80),
(314, 314, 253, 12, 10.23, 122.76),
(315, 315, 116, 106, 6.55, 694.30),
(316, 316, 199, 13, 8.13, 105.69),
(317, 317, 130, 111, 12.01, 1333.11),
(318, 318, 490, 111, 29.83, 3311.13),
(319, 319, 195, 98, 7.37, 722.26),
(320, 320, 310, 44, 28.67, 1261.48),
(321, 321, 348, 16, 16.90, 270.40),
(322, 322, 465, 115, 28.81, 3313.15),
(323, 323, 135, 100, 9.28, 928.00),
(324, 324, 455, 103, 11.69, 1204.07),
(325, 325, 20, 143, 27.19, 3888.17),
(326, 326, 147, 55, 23.98, 1318.90),
(327, 327, 411, 281, 24.52, 6890.12),
(328, 328, 365, 236, 10.00, 2360.00),
(329, 329, 328, 49, 21.94, 1075.06),
(330, 330, 200, 47, 6.90, 324.30),
(331, 331, 326, 51, 6.65, 339.15),
(332, 332, 134, 59, 13.94, 822.46),
(333, 333, 86, 21, 16.94, 355.74),
(334, 334, 334, 7, 18.19, 127.33),
(335, 335, 115, 9, 6.87, 61.83),
(336, 336, 435, 85, 9.43, 801.55),
(337, 337, 130, 62, 12.01, 744.62),
(338, 338, 140, 1, 24.84, 24.84),
(339, 339, 284, 14, 25.55, 357.70),
(340, 340, 16, 30, 22.30, 669.00),
(341, 341, 295, 39, 19.63, 765.57),
(342, 342, 278, 119, 29.25, 3480.75),
(343, 343, 408, 59, 23.13, 1364.67),
(344, 344, 387, 110, 22.95, 2524.50),
(345, 345, 261, 248, 17.51, 4342.48),
(346, 346, 229, 33, 20.84, 687.72),
(347, 347, 396, 92, 15.10, 1389.20),
(348, 348, 434, 17, 24.19, 411.23),
(349, 349, 461, 122, 26.48, 3230.56),
(350, 350, 262, 378, 12.68, 4793.04),
(351, 351, 413, 16, 6.29, 100.64),
(352, 352, 317, 42, 28.99, 1217.58),
(353, 353, 94, 76, 27.68, 2103.68),
(354, 354, 91, 98, 20.03, 1962.94),
(355, 355, 262, 76, 12.68, 963.68),
(356, 356, 121, 64, 5.74, 367.36),
(357, 357, 348, 22, 16.90, 371.80),
(358, 358, 300, 196, 25.29, 4956.84),
(359, 359, 421, 137, 15.33, 2100.21),
(360, 360, 428, 43, 24.60, 1057.80),
(361, 361, 3, 198, 25.52, 5052.96),
(362, 362, 126, 133, 26.89, 3576.37),
(363, 363, 114, 63, 18.90, 1190.70),
(364, 364, 112, 170, 11.56, 1965.20),
(365, 365, 371, 391, 14.48, 5661.68),
(366, 366, 60, 37, 15.15, 560.55),
(367, 367, 286, 84, 14.88, 1249.92),
(368, 368, 1, 39, 19.82, 772.98),
(369, 369, 267, 142, 24.42, 3467.64),
(370, 370, 469, 115, 6.61, 760.15),
(371, 371, 383, 140, 29.42, 4118.80),
(372, 372, 59, 91, 14.34, 1304.94),
(373, 373, 462, 272, 26.74, 7273.28),
(374, 374, 202, 239, 14.22, 3398.58),
(375, 375, 398, 42, 12.62, 530.04),
(376, 376, 125, 139, 24.97, 3470.83),
(377, 377, 394, 13, 18.13, 235.69),
(378, 378, 17, 20, 6.01, 120.20),
(379, 379, 449, 57, 5.75, 327.75),
(380, 380, 470, 183, 26.26, 4805.58),
(381, 381, 446, 50, 24.23, 1211.50),
(382, 382, 355, 47, 14.37, 675.39),
(383, 383, 305, 256, 21.27, 5445.12),
(384, 384, 266, 62, 7.53, 466.86),
(385, 385, 17, 95, 6.01, 570.95),
(386, 386, 491, 55, 18.46, 1015.30),
(387, 387, 467, 27, 13.80, 372.60),
(388, 388, 229, 69, 20.84, 1437.96),
(389, 389, 408, 25, 23.13, 578.25),
(390, 390, 425, 136, 5.64, 767.04),
(391, 391, 247, 96, 25.58, 2455.68),
(392, 392, 288, 98, 13.36, 1309.28),
(393, 393, 337, 98, 12.79, 1253.42),
(394, 394, 279, 130, 17.54, 2280.20),
(395, 395, 219, 130, 14.77, 1920.10),
(396, 396, 309, 193, 12.79, 2468.47),
(397, 397, 253, 73, 10.23, 746.79),
(398, 398, 441, 194, 26.71, 5181.74),
(399, 399, 179, 31, 8.91, 276.21),
(400, 400, 352, 213, 21.57, 4594.41),
(401, 401, 320, 233, 7.94, 1850.02),
(402, 402, 15, 40, 12.07, 482.80),
(403, 403, 348, 86, 16.90, 1453.40),
(404, 404, 465, 88, 28.81, 2535.28),
(405, 405, 442, 104, 5.18, 538.72),
(406, 406, 70, 3, 14.34, 43.02),
(407, 407, 471, 304, 24.74, 7520.96),
(408, 408, 156, 128, 29.20, 3737.60),
(409, 409, 129, 213, 26.48, 5640.24),
(410, 410, 373, 61, 26.79, 1634.19),
(411, 411, 298, 172, 14.71, 2530.12),
(412, 412, 278, 199, 29.25, 5820.75),
(413, 413, 198, 291, 15.42, 4487.22),
(414, 414, 9, 182, 9.40, 1710.80),
(415, 415, 427, 216, 23.42, 5058.72),
(416, 416, 417, 29, 7.79, 225.91),
(417, 417, 147, 270, 23.98, 6474.60),
(418, 418, 180, 42, 25.86, 1086.12),
(419, 419, 304, 103, 22.45, 2312.35),
(420, 420, 407, 115, 13.87, 1595.05),
(421, 421, 359, 162, 14.84, 2404.08),
(422, 422, 209, 65, 18.83, 1223.95),
(423, 423, 385, 203, 24.80, 5034.40),
(424, 424, 189, 15, 22.27, 334.05),
(425, 425, 9, 238, 9.40, 2237.20),
(426, 426, 155, 11, 20.86, 229.46),
(427, 427, 323, 181, 17.51, 3169.31),
(428, 428, 128, 136, 14.55, 1978.80),
(429, 429, 271, 394, 9.98, 3932.12),
(430, 430, 448, 83, 18.12, 1503.96),
(431, 431, 274, 7, 25.73, 180.11),
(432, 432, 466, 22, 21.05, 463.10),
(433, 433, 98, 72, 10.59, 762.48),
(434, 434, 127, 183, 15.19, 2779.77),
(435, 435, 349, 89, 8.63, 768.07),
(436, 436, 312, 189, 11.84, 2237.76),
(437, 437, 44, 54, 20.42, 1102.68),
(438, 438, 151, 138, 18.42, 2541.96),
(439, 439, 266, 1, 7.53, 7.53),
(440, 440, 279, 115, 17.54, 2017.10),
(441, 441, 474, 7, 18.91, 132.37),
(442, 442, 184, 69, 11.25, 776.25),
(443, 443, 270, 76, 10.17, 772.92),
(444, 444, 28, 110, 26.76, 2943.60),
(445, 445, 82, 315, 29.24, 9210.60),
(446, 446, 284, 95, 25.55, 2427.25),
(447, 447, 221, 257, 8.15, 2094.55),
(448, 448, 441, 80, 26.71, 2136.80),
(449, 449, 234, 59, 28.83, 1700.97),
(450, 450, 205, 163, 5.06, 824.78),
(451, 451, 439, 77, 17.55, 1351.35),
(452, 452, 446, 19, 24.23, 460.37),
(453, 453, 77, 85, 24.38, 2072.30),
(454, 454, 75, 219, 21.58, 4726.02),
(455, 455, 209, 28, 18.83, 527.24),
(456, 456, 303, 75, 29.46, 2209.50),
(457, 457, 402, 362, 16.80, 6081.60),
(458, 458, 90, 140, 24.51, 3431.40),
(459, 459, 150, 152, 6.69, 1016.88),
(460, 460, 424, 106, 28.57, 3028.42),
(461, 461, 86, 183, 16.94, 3100.02),
(462, 462, 91, 458, 20.03, 9173.74),
(463, 463, 25, 85, 22.95, 1950.75),
(464, 464, 488, 36, 22.94, 825.84),
(465, 465, 409, 97, 24.13, 2340.61),
(466, 466, 143, 207, 25.52, 5282.64),
(467, 467, 152, 160, 13.36, 2137.60),
(468, 468, 359, 51, 14.84, 756.84),
(469, 469, 422, 44, 9.96, 438.24),
(470, 470, 190, 62, 11.55, 716.10),
(471, 471, 258, 295, 10.90, 3215.50),
(472, 472, 420, 14, 18.44, 258.16),
(473, 473, 417, 155, 7.79, 1207.45),
(474, 474, 361, 103, 15.70, 1617.10),
(475, 475, 255, 97, 10.86, 1053.42),
(476, 476, 498, 128, 22.67, 2901.76),
(477, 477, 298, 192, 14.71, 2824.32),
(478, 478, 10, 137, 26.20, 3589.40),
(479, 479, 220, 30, 12.12, 363.60),
(480, 480, 29, 134, 20.46, 2741.64),
(481, 481, 61, 61, 9.01, 549.61),
(482, 482, 300, 78, 25.29, 1972.62),
(483, 483, 88, 59, 12.27, 723.93),
(484, 484, 372, 101, 14.06, 1420.06),
(485, 485, 345, 146, 8.40, 1226.40),
(486, 486, 350, 115, 21.36, 2456.40),
(487, 487, 329, 16, 19.83, 317.28),
(488, 488, 22, 133, 16.50, 2194.50),
(489, 489, 154, 20, 8.91, 178.20),
(490, 490, 482, 85, 18.67, 1586.95),
(491, 491, 54, 48, 22.06, 1058.88),
(492, 492, 30, 121, 8.81, 1066.01),
(493, 493, 237, 99, 10.55, 1044.45),
(494, 494, 195, 57, 7.37, 420.09),
(495, 495, 136, 57, 27.89, 1589.73),
(496, 496, 170, 108, 8.08, 872.64),
(497, 497, 190, 86, 11.55, 993.30),
(498, 498, 414, 59, 29.09, 1716.31),
(499, 499, 342, 366, 18.42, 6741.72),
(500, 500, 160, 257, 11.54, 2965.78);


